event_id_cnty,event_date,year,time_precision,disorder_type,event_type,sub_event_type,actor1,assoc_actor_1,inter1,actor2,assoc_actor_2,inter2,interaction,civilian_targeting,iso,region,country,admin1,admin2,admin3,location,latitude,longitude,geo_precision,source,source_scale,notes,fatalities,tags,timestamp
LBY11402,2024-01-02,2024,1,Demonstrations,Protests,Peaceful protest,Protesters (Libya),Labor Group (Libya),Protesters,,,,Protesters only,,434,Northern Africa,Libya,South,Wadi al Hayat,,El Sharara,26.4316,11.8495,1,Al Wasat (Libya); Libya Observer,National,"On 2 January 2024, protesters closed down the oil field (means not specified) in El Sharara (Wadi al Hayat, South), calling for the government to improve public service delivery, employ graduates from the region, build a private hospital in the Fezzan, and restructure the Fezzan Reconstruction Fund.",0,crowd size=no report,1704766910
LBY11403,2024-01-03,2024,1,Demonstrations,Protests,Peaceful protest,Protesters (Libya),Labor Group (Libya),Protesters,,,,Protesters only,,434,Northern Africa,Libya,South,Wadi al Hayat,,El Sharara,26.4316,11.8495,1,Al Wasat (Libya); Libya Observer,National,"On 3 January 2024, for the second consecutive day, protesters closed down the oil field (means not specified) in El Sharara (Wadi al Hayat, South), calling for the government to improve public service delivery, employ graduates from the region, build a private hospital in the Fezzan, and restructure the Fezzan Reconstruction Fund.",0,crowd size=no report,1704766910
LBY11404,2024-01-04,2024,1,Demonstrations,Protests,Peaceful protest,Protesters (Libya),Labor Group (Libya),Protesters,,,,Protesters only,,434,Northern Africa,Libya,South,Wadi al Hayat,,El Sharara,26.4316,11.8495,1,Al Wasat (Libya); Libya Observer,National,"On 4 January 2024, for the third consecutive day, protesters closed down the oil field (means not specified) in El Sharara (Wadi al Hayat, South), calling for the government to improve public service delivery, employ graduates from the region, build a private hospital in the Fezzan, and restructure the Fezzan Reconstruction Fund.",0,crowd size=no report,1704766910
LBY11405,2024-01-02,2024,1,Political violence,Violence against civilians,Attack,Unidentified Armed Group (Libya),,Political militia,Civilians (Libya),,Civilians,Political militia-Civilians,Civilian targeting,434,Northern Africa,Libya,East,Benghazi,,Benghazi,32.1177,20.1293,1,Akhbar Libya,National,"On 2 January 2024, a civilian was hit by a stray bullet fired by an unidentified armed group in Benghazi (Benghazi, East), leaving him injured.",0,,1754410220
LBY11406,2024-01-05,2024,1,Strategic developments,Strategic developments,Other,Military Forces of Libya (2021-) Government of National Unity (GNU) - Border Guards,,State forces,,,,State forces only,,434,Northern Africa,Libya,West,Nalut,,Ghadamis,30.1337,9.5007,3,Akhbar Libya,National,"Other: On 5 January 2024, border guards from Ghadamis began conducting patrols across western and southwestern border areas. Location coded as Ghadamis (Nalut, Libya).",0,,1759181266
LBY11407,2024-01-11,2024,1,Demonstrations,Protests,Peaceful protest,Protesters (Libya),,Protesters,,,,Protesters only,,434,Northern Africa,Libya,West,Al Jabal Al Gharbi,,Zintan,31.9223,12.252,1,Al Wasat (Libya),National,"On 11 January 2024, protesters gathered in Zintan (Al Jabal Al Gharbi, West) after the Government of National Unity announced they would lift fuel subsidies, with protesters claiming the GNU was covering up for its failure in combating fuel smuggling, corruption, and looting.",0,crowd size=no report,1705371871
LBY11408,2024-01-09,2024,1,Demonstrations,Protests,Peaceful protest,Protesters (Libya),,Protesters,,,,Protesters only,,434,Northern Africa,Libya,West,An Nuqat al Khams,,Mellitah,32.8535,12.2386,1,Al Wasat (Libya),National,"On 9 January 2024, for the second consecutive day, protesters gathered in front of the Mellitah Oil and Gas Complex in Mellitah (An Nuqat al Khams, West). Protesters gave the Government of National Unity 3 days to 'end corruption' before they would shut down the oil complex, and called for steps such as dismissing the head of the National Oil Corporation and cancellation of the agreement to develop the Hamada oil field with foreign companies.",0,crowd size=no report,1705371871
LBY11409,2024-01-10,2024,1,Demonstrations,Protests,Peaceful protest,Protesters (Libya),,Protesters,,,,Protesters only,,434,Northern Africa,Libya,West,An Nuqat al Khams,,Mellitah,32.8535,12.2386,1,Al Wasat (Libya),National,"On 10 January 2024, for the third consecutive day, protesters gathered in front of the Mellitah Oil and Gas Complex in Mellitah (An Nuqat al Khams, West). Protesters gave the Government of National Unity 3 days to 'end corruption' before they would shut down the oil complex, and called for steps such as dismissing the head of the National Oil Corporation and cancellation of the agreement to develop the Hamada oil field with foreign companies.",0,crowd size=no report,1705371871
LBY11410,2024-01-08,2024,1,Demonstrations,Protests,Peaceful protest,Protesters (Libya),,Protesters,,,,Protesters only,,434,Northern Africa,Libya,West,An Nuqat al Khams,,Mellitah,32.8535,12.2386,1,Al Wasat (Libya),National,"On 8 January 2024, protesters gathered in front of the Mellitah Oil and Gas Complex in Mellitah (An Nuqat al Khams, West). Protesters gave the Government of National Unity 3 days to 'end corruption' before they would shut down the oil complex, and called for steps such as dismissing the head of the National Oil Corporation and cancellation of the agreement to develop the Hamada oil field with foreign companies.",0,crowd size=no report,1705371871
LBY11411,2024-01-07,2024,1,Demonstrations,Protests,Peaceful protest,Protesters (Libya),,Protesters,,,,Protesters only,,434,Northern Africa,Libya,South,Wadi al Hayat,,El Sharara,26.4316,11.8495,1,Al Wasat (Libya),National,"On 7 January 2024, for the 6th consecutive day as protesters continued to shut down the oil field in El Sharara (Wadi al Hayat, South). Protesters called for improvement of public service delivery. Libya declared a force majeure",0,crowd size=no report,1705371871
LBY11412,2024-01-06,2024,1,Demonstrations,Protests,Peaceful protest,Protesters (Libya),,Protesters,,,,Protesters only,,434,Northern Africa,Libya,East,Al Wahat,,Ajdabiya,30.7555,20.2263,2,Al Wasat (Libya),National,"On 6 January 2024, wise men and residents of Gallo, Awjila, Ajkhara, and Tazerbu gathered on the Gllo-Ajdabiya road near Ajdabiya (Al Wahat, East), denouncing the Government of National Unity for delays in developing and maintaining the road.",0,crowd size=no report,1705371871
LBY11413,2024-01-07,2024,1,Political violence,Explosions/Remote violence,Remote explosive/landmine/IED,Unidentified Armed Group (Libya),,Political militia,Civilians (Libya),,Civilians,Political militia-Civilians,Civilian targeting,434,Northern Africa,Libya,West,Tripoli,,Tripoli - Ayn Zarah,32.8133,13.2697,1,Libya Observer,National,"On 7 January 2024, a landmine planted by an unidentified armed group at an unknown time exploded in Tripoli - Ayn Zarah (Tripoli, West), injuring a civilian.",0,,1754410220
LBY11414,2024-01-15,2024,1,Demonstrations,Protests,Peaceful protest,Protesters (Libya),,Protesters,,,,Protesters only,,434,Northern Africa,Libya,West,An Nuqat al Khams,,Zaltan,32.947,11.8665,1,Libya Observer,National,"On 15 January 2024, protesters held a sit-in Zaltan (An Nuqat al Khams, West) after an armed convoy entered the area.",0,crowd size=no report,1705978259
LBY11415,2024-01-16,2024,1,Demonstrations,Protests,Peaceful protest,Protesters (Libya),,Protesters,,,,Protesters only,,434,Northern Africa,Libya,West,An Nuqat al Khams,,Zaltan,32.947,11.8665,1,Libya Observer,National,"On 16 January 2024, for the second consecutive day, protesters held a sit-in in Zaltan (An Nuqat al Khams, West) after an armed convoy entered the area.",0,crowd size=no report,1705978259
LBY11416,2024-01-17,2024,2,Demonstrations,Protests,Peaceful protest,Protesters (Libya),Labor Group (Libya),Protesters,,,,Protesters only,,434,Northern Africa,Libya,West,Nalut,,Wazin,31.9405,10.6618,1,Al Wasat (Libya),National,"Around 17 January 2024 (week of), Libyan truck drivers began a sit-in at the Dahiba-Wazin border crossing between Libya and Tunisia in Wazin (Nalut, West) after the Government of National Unity decided to cancel fuel subsidies.",0,crowd size=no report,1706579767
LBY11417,2024-01-20,2024,2,Demonstrations,Protests,Peaceful protest,Protesters (Libya),Labor Group (Libya),Protesters,,,,Protesters only,,434,Northern Africa,Libya,West,An Nuqat al Khams,,Sabratha,32.7934,12.4885,1,Al Wasat (Libya),National,"Around 20 January 2024 (as reported), Libyan truck drivers held a protest and announced they would enter an open sit-in in Sabratha (An Nuqat al Khams, West) after the Government of National Unity decided to cancel fuel subsidies.",0,crowd size=no report,1754958639
LBY11419,2024-01-17,2024,1,Political violence,Violence against civilians,Attack,Police Forces of Libya (2022-) Government of National Stability (GNS) - Internal Security Agency,,State forces,Civilians (Libya),,Civilians,State forces-Civilians,Civilian targeting,434,Northern Africa,Libya,East,Benghazi,,Benghazi,32.1177,20.1293,1,Libya Observer,National,"On 17 January 2024, the Internal Security Device arrested and tortured a former Al Hilal football club player and coach in Benghazi (Benghazi, East), killing the player.",1,,1759181266
LBY11421,2024-02-06,2024,1,Political violence,Violence against civilians,Abduction/forced disappearance,Joint Operations Force (Libya),,Political militia,Civilians (Libya),,Civilians,Political militia-Civilians,Civilian targeting,434,Northern Africa,Libya,West,Misratah,,Misratah,32.3754,15.0925,1,Akhbar Libya,National,"On 6 February 2024, the Joint Operations Force abducted an activist in Misratah (Misratah, West) after he joined protests calling for prosecution of the group.",0,,1707826167
LBY11422,2024-02-07,2024,1,Demonstrations,Protests,Peaceful protest,Protesters (Libya),,Protesters,,,,Protesters only,,434,Northern Africa,Libya,West,Misratah,,Misratah,32.3754,15.0925,1,Akhbar Libya,National,"On 7 February 2024, dozens of protesters from the Misratah Movement Against Injustice held a protest in front of the Judicial Bodies Inspection Office in Misratah (Misratah, West), calling for adjudication of forced disappearance cases against the Joint Operations Force.",0,crowd size=dozens,1707826167
LBY11423,2024-02-03,2024,1,Political violence,Battles,Armed clash,Unidentified Clan Militia (Libya),,Identity militia,Unidentified Armed Group (Libya),Military Forces of Libya (2014-) Libyan National Army (LNA),Political militia,Political militia-Identity militia,,434,Northern Africa,Libya,East,Al Butnan,,Al Jaghbub,29.743,24.5176,1,Al Wasat (Libya),National,"On 3 February 2024, a clan militia affiliated with a local family engaged in armed clashes with an unidentified armed group affiliated with Haftar in Al Jaghbub (Al Butnan, East), leading to one fatality and two injuries. The clashes broke out after the unidentified brigade searched a car belonging to the family.",1,,1759192014
LBY11425,2024-02-08,2024,1,Strategic developments,Strategic developments,Non-violent transfer of territory,Radaa: Special Deterrence Forces,,Political militia,Government of Libya (2021-) Government of National Unity (GNU),,State forces,State forces-Political militia,,434,Northern Africa,Libya,West,Tripoli,,Tripoli - Mitiga Airport,32.8941,13.276,1,Ean Libya Limited,National,"On 8 February 2024, the Special Deterrence Forces announced their withdrawal from Tripoli - Mitiga Airport (Tripoli, Libya) and from the Tripoli seaport after the Government of National Unity (GNU) issued Cabinet Resolution No. 21 of 2024 that assigned control to airports and sea ports to the GNU.",0,,1759192014
LBY11426,2024-02-01,2024,2,Strategic developments,Strategic developments,Other,Misratah Leaders Movement (Libya),,Identity militia,Joint Operations Force (Libya),,Political militia,Political militia-Identity militia,,434,Northern Africa,Libya,West,Misratah,,Misratah,32.3754,15.0925,1,Al Wasat (Libya),National,"Other: Around 1 February 2024 (week of), the Misratah Leaders Movement stormed the Misratah Airport to expel the Joint Operations Force in Misratah (Misratah, West). It is not clear what 'storming' entails, and whether this was a violent activity or more akin to a demonstration.",0,,1707826167
LBY11427,2024-02-03,2024,1,Demonstrations,Protests,Peaceful protest,Protesters (Libya),,Protesters,,,,Protesters only,,434,Northern Africa,Libya,West,Misratah,,Misratah,32.3754,15.0925,1,Akhbar Libya,National,"On 3 February 2024, protesters gathered in front of the Office of the Public Prosecutor in Misratah (Misratah, West) calling for the public prosecutor to open an investigation into alleged crimes committed by the Joint Operations Forcesuch including executions and forced disappearances.",0,crowd size=no report,1707826167
LBY11428,2024-02-01,2024,2,Demonstrations,Protests,Peaceful protest,Protesters (Libya),,Protesters,,,,Protesters only,,434,Northern Africa,Libya,West,Nalut,,Ghadamis,30.1337,9.5007,1,Al Wasat (Libya),National,"Around 1 February 2024 (week of), protesters demonstrated in Ghadamis (Nalut, West), denouncing the presence of armed groups affiliated with the Government of National Unity.",0,crowd size=no report,1707826167
LBY11429,2024-02-09,2024,1,Political violence,Battles,Armed clash,Stability Support Apparatus,22nd Battalion (Libya),Political militia,Radaa: Special Deterrence Forces,,Political militia,Political militia-Political militia,,434,Northern Africa,Libya,West,Al Jabal Al Gharbi,,Gharyan,32.1722,13.0203,1,Akhbar Libya,National,"On 9 February 2024, the Stability Support Apparatus and the 22nd Batallion attacked the local headquarters of the Counter Terrorism Force in Gharyan (Al Jabal Al Gharbi, West). Casualties are unknown.",0,,1759192014
LBY11434,2024-02-19,2024,1,Strategic developments,Strategic developments,Other,Military Forces of Libya (2021-) Government of National Unity (GNU) - Border Guards,,State forces,,,,State forces only,,434,Northern Africa,Libya,West,Nalut,,Dirj,30.165,10.458,2,Libya Observer,National,"Other: On 19 February 2024, the 17th Battalion of the Libyan border guards closed the gas pipeline from Dirj (Nalut, West) to Sinawin with the aimed goal of overthrowing the government for alleged corruption, strengthening of militias, and poor service delivery.",0,,1759181266
LBY11435,2024-02-20,2024,1,Demonstrations,Protests,Peaceful protest,Protesters (Libya),Labor Group (Libya); PFG: Petroleum Facilities Guard,Protesters,,,,Protesters only,,434,Northern Africa,Libya,West,An Nuqat al Khams,,Mellitah,32.8535,12.2386,1,Al Wasat (Libya),National,"On 20 February 2024, the Petroleum Facilities Guard began an open sit-in and closed the Mellitah oil complex in Mellitah (An Nuqat al Khams, West) demanding payment of salaries and granting of health insurance. Facilities guards conducted the same actions at the Zawiya refinery and Misratah oil complex.",0,crowd size=no report,1708988316
LBY11436,2024-02-20,2024,1,Political violence,Battles,Armed clash,Unidentified Armed Group (Libya),,Political militia,Unidentified Armed Group (Libya),,Political militia,Political militia-Political militia,,434,Northern Africa,Libya,West,Az Zawiyah,,Az Zawiyah,32.7571,12.7276,1,Akhbar Libya; Twitter,New media-National,"On 20 February 2024, two unidentified armed groups engaged in armed clashes in Az Zawiyah (Az Zawiyah, West), injuring a civilian who was struck by a stray bullet. The reported cause of the clashes was disagreement between the militias' leadership.",0,,1753970978
LBY11437,2024-02-20,2024,1,Demonstrations,Protests,Peaceful protest,Protesters (Libya),Labor Group (Libya); PFG: Petroleum Facilities Guard,Protesters,,,,Protesters only,,434,Northern Africa,Libya,West,Az Zawiyah,,Az Zawiyah,32.7571,12.7276,1,Al Wasat (Libya),National,"On 20 February 2024, the Petroleum Facilities Guard began an open sit-in and closed the Zawiyah refinery in Az Zawiyah (Az Zawiyah, West) demanding payment of salaries and granting of health insurance. Facilities guards conducted the same actions at the Misratah and Mellitah oil complex.",0,crowd size=no report,1708988316
LBY11438,2024-02-20,2024,1,Demonstrations,Protests,Peaceful protest,Protesters (Libya),Labor Group (Libya); PFG: Petroleum Facilities Guard,Protesters,,,,Protesters only,,434,Northern Africa,Libya,West,Misratah,,Misratah,32.3754,15.0925,1,Al Wasat (Libya),National,"On 20 February 2024, the Petroleum Facilities Guard began an open sit-in and closed the Misratah oil complex in Misratah (Misratah, West) demanding payment of salaries and granting of health insurance. Facilities guards conducted the same actions at the Zawiya refinery and Mellitah oil complex.",0,crowd size=no report,1708988316
LBY11439,2024-02-25,2024,1,Demonstrations,Protests,Peaceful protest,Protesters (Libya),Labor Group (Libya); PFG: Petroleum Facilities Guard,Protesters,,,,Protesters only,,434,Northern Africa,Libya,South,Murzuq,,Elephant Oil Field,24.5,13.0,1,Libya Herald,National,"On 25 February 2024, after entering an open sit-in on 20 February, the Petroleum Facilities Guard shut down the Elephant Oil Field (Murzuq, South) demanding payment of salaries and granting of health insurance.",0,crowd size=no report,1709590332
LBY11440,2024-02-25,2024,1,Demonstrations,Protests,Peaceful protest,Protesters (Libya),Labor Group (Libya); PFG: Petroleum Facilities Guard,Protesters,,,,Protesters only,,434,Northern Africa,Libya,West,An Nuqat al Khams,,Mellitah,32.8535,12.2386,1,Libya Herald; Twitter,New media-National,"On 25 February 2024, after entering an open sit-in on 20 February, the Petroleum Facilities Guard shut down Libya's gas pipeline to Italy from the Mellitah oil complex in Mellitah (An Nuqat al Khams, West) demanding payment of salaries and granting of health insurance.",0,crowd size=no report,1709590332
LBY11441,2024-02-25,2024,1,Demonstrations,Protests,Peaceful protest,Protesters (Libya),Labor Group (Libya); PFG: Petroleum Facilities Guard,Protesters,,,,Protesters only,,434,Northern Africa,Libya,West,Az Zawiyah,,Az Zawiyah,32.7571,12.7276,1,Libya Herald,National,"On 25 February 2024, after entering an open sit-in on 20 February, the Petroleum Facilities Guard shut down the refinery and port in Az Zawiyah (Az Zawiyah, West), demanding payment of salaries and granting of health insurance.",0,crowd size=no report,1709590332
LBY11442,2024-02-25,2024,1,Demonstrations,Protests,Peaceful protest,Protesters (Libya),Labor Group (Libya); PFG: Petroleum Facilities Guard,Protesters,,,,Protesters only,,434,Northern Africa,Libya,West,Misratah,,Misratah,32.3754,15.0925,1,Libya Herald,National,"On 25 February 2024, after entering an open sit-in on 20 February, the Petroleum Facilities Guard closed a warehouse in Misratah (Misratah, West), demanding payment of salaries and granting of health insurance.",0,crowd size=no report,1709590332
LBY11443,2024-02-25,2024,1,Demonstrations,Protests,Peaceful protest,Protesters (Libya),Labor Group (Libya); PFG: Petroleum Facilities Guard,Protesters,,,,Protesters only,,434,Northern Africa,Libya,West,Nalut,,Wafa Oil Field,28.8889,10.027,1,Libya Herald,National,"On 25 February 2024, after entering an open sit-in on 20 February, the Petroleum Facilities Guard shut down the Wafa Oil Field (Nalut, West), demanding payment of salaries and granting of health insurance.",0,crowd size=no report,1709590332
LBY11454,2024-02-18,2024,1,Demonstrations,Riots,Violent demonstration,Rioters (Libya),,Rioters,,,,Rioters only,,434,Northern Africa,Libya,West,Al Jabal Al Gharbi,,Zintan,31.9223,12.252,1,Libya Security Monitor,New media,"On 18 February 2024, dozens of rioters blocked roads and burned tires in Zintan (Al Jabal Al Gharbi, West), calling for the ouster of GNU Prime Minister Dbaiba three days after the Zintan Revolutionaries Brigade announced they no longer recognized the GNU under Dbaiba.",0,crowd size=dozens,1710803239
LBY11455,2024-03-13,2024,1,Political violence,Violence against civilians,Attack,Unidentified Armed Group (Libya),,Political militia,Civilians (Libya),,Civilians,Political militia-Civilians,Civilian targeting,434,Northern Africa,Libya,West,Az Zawiyah,,Surman,32.7567,12.5716,1,Al Wasat (Libya),National,"On 13 March 2024, an unidentified armed group opened fire on the car of the Surman Security Director in Surman (Az Zawiyah, West), causing no injuries or fatalities.",0,,1754410220
LBY11451,2024-02-15,2024,1,Political violence,Battles,Armed clash,Al Silaa Brigade (Libya),,Political militia,Police Forces of Libya (2021-) Government of National Unity (GNU) - Criminal Investigations Department,,State forces,State forces-Political militia,,434,Northern Africa,Libya,West,Az Zawiyah,,Az Zawiyah,32.7571,12.7276,1,Libya Security Monitor,New media,"On 15 February 2024, the Al Sila Brigade, which provides security for Zawiyah University, and the Criminal Investigations Department engaged in a brief armed clash near the university in Az Zawiyah (Az Zawiyah, West). At least two people were killed. The affiliation of victims not known.",2,,1759192014
LBY11456,2024-03-17,2024,1,Demonstrations,Protests,Peaceful protest,Protesters (Libya),,Protesters,,,,Protesters only,,434,Northern Africa,Libya,West,Tripoli,,Tripoli - Noufliyin,32.8919,13.2161,1,Akhbar Libya; Al Wasat (Libya); Libya Observer,National,"On 17 March 2024, dozens protesters gathered inside the headquarters of the Presidential Council in Tripoli - Noufliyin (Tripoli, West), denouncing a recent decision to include members of Haftar's faction in the General Authority for the Care of the Families of Martyrs and Missing Persons. Three days later, the decision was reversed.",0,crowd size=dozens,1711409517
LBY11458,2024-03-19,2024,1,Demonstrations,Protests,Peaceful protest,Protesters (Libya),,Protesters,,,,Protesters only,,434,Northern Africa,Libya,West,Misratah,,Misratah,32.3754,15.0925,1,Akhbar Libya; Al Wasat (Libya); Libya News Agency; Libya Observer,National,"On 19 March 2024, dozens of protesters gathered in front of Martyr's Hall in Misratah (Misratah, West), denouncing a GNU decision to impose a 27% tax on the foreign exchange rate and calling for the dismissal of the Prime Minster, Speaker of the House of Representatives, and Governor of the Central Bank of Libya.",0,crowd size=dozens,1711409517
LBY11465,2024-03-30,2024,1,Demonstrations,Protests,Peaceful protest,Protesters (Libya),,Protesters,,,,Protesters only,,434,Northern Africa,Libya,West,Al Jabal Al Gharbi,,Zintan,31.9223,12.252,1,Libya24,National,"On 30 March 2024, protesters staged a protest in front of the municipal headquarters of Zintan (Al Jabal Al Gharbi, West) to demand the holding of elections for a new municipal council. The protest took place following the arrest, and subsequent release, of the local mayor on the same day.",0,crowd size=no report,1712617349
LBY11467,2024-04-04,2024,1,Political violence,Battles,Armed clash,Kabouat Militia (Libya),,Identity militia,Zawiya Communal Militia (Libya),,Identity militia,Identity militia-Identity militia,,434,Northern Africa,Libya,West,Az Zawiyah,,Az Zawiyah,32.7571,12.7276,1,Al Wasat (Libya); Libya24,National,"On 4 April 2024, the Kabouat militia and a Zawiya communal militia engaged in armed clashes in Az Zawiyah (Az Zawiyah, West). A civilian who was wounded died the following day.",1,,1712617349
LBY11468,2024-04-04,2024,1,Political violence,Violence against civilians,Attack,Rahbat al-Duru' Battalion (Libya),,Political militia,Civilians (Libya),,Civilians,Political militia-Civilians,Civilian targeting,434,Northern Africa,Libya,West,Tripoli,,Tripoli - Shurfat Al Malaha,32.8856,13.2882,2,Libya24,National,"On 4 April 2024, members of Rahbat al-Duru' Battalion attacked a family's house near the Al-Najma factory, coded to Tripoli - Shurfat Al Malaha area (Tripoli, West), causing injuries. No further details.",0,,1759192014
LBY11470,2024-04-12,2024,2,Political violence,Violence against civilians,Attack,Unidentified Armed Group (Libya),,Political militia,Civilians (Libya),,Civilians,Political militia-Civilians,Civilian targeting,434,Northern Africa,Libya,West,Az Zawiyah,,Surman,32.7567,12.5716,1,Akhbar Libya,National,"Around 12 April 2024 (as reported), an unidentified armed group attempted to kill a civilian next to the Directorate of Security in Surman (Az Zawiyah, West).",0,,1754410220
LBY11472,2024-04-10,2024,1,Political violence,Battles,Armed clash,Unidentified Armed Group (Libya),,Political militia,Unidentified Armed Group (Libya),,Political militia,Political militia-Political militia,,434,Northern Africa,Libya,West,Az Zawiyah,,Surman,32.7567,12.5716,1,Akhbar Libya; Libya24,National,"On 10 April 2024, unidentified armed groups engaged in armed clashes using medium and heavy weapons in Surman (Az Zawiyah, West). Casualties unknown.",0,,1753970978
LBY11473,2024-04-11,2024,1,Political violence,Violence against civilians,Attack,Unidentified Armed Group (Libya),,Political militia,Civilians (Libya),,Civilians,Political militia-Civilians,Civilian targeting,434,Northern Africa,Libya,West,An Nuqat al Khams,,Sabratha,32.7934,12.4885,1,Akhbar Libya,National,"On 11 April 2024, an unidentified armed group shot and killed a civilian in Sabratha (An Nuqat al Khams, West). The reasons for the attack are unknown.",1,,1754958639
LBY11475,2024-04-18,2024,1,Demonstrations,Protests,Peaceful protest,Protesters (Libya),Military Forces of Libya (2021-) Government of National Unity (GNU); Zintan Communal Group (Libya),Protesters,,,,Protesters only,,434,Northern Africa,Libya,West,Al Jabal Al Gharbi,,Zintan,31.9223,12.252,1,Address Libya; Akhbar Libya,Subnational-National,"On 18 April 2024, military and security forces, along with civilians, held a march in Zintan (Al Jabal Al Gharbi, West) to call for presidential and parliamentary elections in the country and express their support for a candidacy of Saif al-Islam Gaddafi, son of former President Muammar Gaddafi. Al-Islam welcomed the move. The protest was opposed by other military and tribal groups in the city.",0,crowd size=no report,1759192014
LBY11476,2024-04-13,2024,1,Demonstrations,Protests,Peaceful protest,Protesters (Libya),,Protesters,,,,Protesters only,,434,Northern Africa,Libya,West,Az Zawiyah,,Az Zawiyah,32.7571,12.7276,1,Libya Observer,National,"On 13 April 2024, an undetermined number of protesters held a demonstration in the central square of Az Zawiyah (Az Zawiyah, West) against the economic and political conditions in the country. They displayed banners and called for the formation of a unity government to lead the country towards elections, the holding of municipal elections and the expulsion of mercenaries and foreign forces from Libyan territory. They also denounced corruption, as well as crime, lack of security and services in the city, and called for justice and accountability.",0,crowd size=no report,1713830560
LBY11477,2024-04-11,2024,1,Political violence,Violence against civilians,Abduction/forced disappearance,Police Forces of Libya (2022-) Government of National Stability (GNS) - Internal Security Agency,,State forces,Civilians (Libya),,Civilians,State forces-Civilians,Civilian targeting,434,Northern Africa,Libya,South,Sabha,,Sabha,27.0377,14.4283,1,Akhbar Libya,National,"On 11 April 2024, forces from the Internal Security Device affiliated with the eastern Libyan government disappeared five people in Sabha (Sabha, South) on accusations of raising slogans in support of Gaddafi's government during Eid Al-Fitr celebrations. The five people were taken to an unknown location and at the time of reporting had not been brought before the prosecution.",0,,1759181266
LBY11478,2024-04-19,2024,1,Political violence,Violence against civilians,Abduction/forced disappearance,Police Forces of Libya (2022-) Government of National Stability (GNS) - Internal Security Agency,,State forces,Civilians (Libya),,Civilians,State forces-Civilians,Civilian targeting,434,Northern Africa,Libya,South,Sabha,,Sabha,27.0377,14.4283,1,Akhbar Libya,National,"On 19 April 2024, the Internal Security Device affiliated with the eastern Libyan government disappeared the head of Saif al-Islam Gaddafi's reconciliation team, Sheikh Ali Busbiha, in Sabha (Sabha, South). The operation came after Busbiha expressed his support for a recent protest in Zintan that called for elections to be held in the country and supported Gaddafi's candidacy.",0,,1759181266
LBY11479,2024-04-17,2024,1,Political violence,Battles,Armed clash,Unidentified Armed Group (Libya),,Political militia,Al Silaa Brigade (Libya),,Political militia,Political militia-Political militia,,434,Northern Africa,Libya,West,Az Zawiyah,,Az Zawiyah,32.7571,12.7276,1,Akhbar Libya; Libya24,National,"On 17 April 2024, an unidentified armed group shot at a car carrying members of the Salaa Brigade in Az Zawiyah (Az Zawiyah, West). Some sources reported that three members of the Salaa Brigade were killed, while others reported only that two members of the group suffered serious injuries and were transferred to a hospital without detailing fatalities.",3,,1759192014
LBY11480,2024-04-18,2024,1,Political violence,Battles,Armed clash,Kabouat Militia (Libya),,Identity militia,Unidentified Ethnic Militia (Libya),,Identity militia,Identity militia-Identity militia,,434,Northern Africa,Libya,West,Az Zawiyah,,Surman,32.7567,12.5716,1,Address Libya,Subnational,"On 18 April 2024, members of the Kabouat Militia and an ethnic militia identified as Awlad Al-Rabaya engaged in armed clashes in Surman (Az Zawiyah, West). Casualties are unknown.",0,,1713830560
LBY11481,2024-04-18,2024,1,Demonstrations,Riots,Violent demonstration,Rioters (Libya),,Rioters,,,,Rioters only,,434,Northern Africa,Libya,West,Az Zawiyah,,Surman,32.7567,12.5716,1,Akhbar Libya; Libya24,National,"On 18 April 2024, a group of rioters blocked a coastal road with burning tires and concrete blocks in Surman (Az Zawiyah, West) due to deteriorating security conditions and repeated armed clashes in the city.",0,crowd size=no report,1713830560
LBY11482,2024-04-13,2024,1,Political violence,Violence against civilians,Attack,Unidentified Armed Group (Libya),,Political militia,Civilians (Libya),,Civilians,Political militia-Civilians,Civilian targeting,434,Northern Africa,Libya,West,Az Zawiyah,,Surman,32.7567,12.5716,1,Address Libya; Al Marsad,Subnational-National,"On 13 April 2024, an unidentified armed group shot and killed a civilian in Surman (Az Zawiyah, West) and then fled. The reasons for the attack are unknown.",1,,1754410220
LBY11483,2024-04-13,2024,1,Political violence,Violence against civilians,Attack,Unidentified Armed Group (Libya),,Political militia,Civilians (Libya),,Civilians,Political militia-Civilians,Civilian targeting,434,Northern Africa,Libya,West,Az Zawiyah,,Az Zawiyah,32.7571,12.7276,1,Akhbar Libya,National,"On 13 April 2024, an unidentified armed group shot and killed two civilians in Az Zawiyah (Az Zawiyah, West). One of the two civilians, who were brothers, died on the spot while the second died of his wounds at the hospital at dawn the following day. The reasons for the attack are unknown.",2,,1754410220
LBY11463,2024-03-29,2024,1,Political violence,Battles,Armed clash,Mohamed Bahroun Militia (Libya),,Identity militia,Awlad Abu Hmeira Clan Militia (Libya),,Identity militia,Identity militia-Identity militia,,434,Northern Africa,Libya,West,Az Zawiyah,,Az Zawiyah,32.7571,12.7276,1,Akhbar Libya; Undisclosed Source,Local partner-Other,"On 29 March 2024, members of the Al Isnad militia led by Mohamed Bahroun and of Awlad Abu Hmeira engaged in armed clashes in Az Zawiyah (Az Zawiyah, West), with witnesses reporting both gunshots and explosions. The cause of the clashes are unknown. Casualties are unknown.",0,,1759192014
LBY11466,2024-04-02,2024,2,Political violence,Violence against civilians,Abduction/forced disappearance,Military Forces of Libya (2014-) Libyan National Army (LNA),,State forces,Civilians (Libya),,Civilians,State forces-Civilians,Civilian targeting,434,Northern Africa,Libya,East,Benghazi,,Benghazi,32.1177,20.1293,1,Libya Observer; Undisclosed Source,Local partner-Other,"Around 2 April 2024 (as reported), pro-Haftar military forces abducted an activist in Benghazi (Benghazi, East). Masked gunmen exited their car and told civilians in the immediate area to hide inside shops before taking the activist to an unknown location. The activist had written posts on Facebook critical of living conditions in the East.",0,,1759192014
LBY11471,2024-04-07,2024,1,Political violence,Violence against civilians,Abduction/forced disappearance,Military Forces of Libya (2014-) Libyan National Army (LNA),,State forces,Civilians (Libya),,Civilians,State forces-Civilians,Civilian targeting,434,Northern Africa,Libya,East,Al Wahat,,Ajdabiya,30.7555,20.2263,1,Libya Observer; Undisclosed Source,Local partner-Other,"On 7 April 2024, pro-Haftar military forces disappeared an activist from his home in Ajdabiya (Al Wahat, East). The activist is vocal about abuses during the war in Chad under Gaddafi, and was abducted and released after less than a week in September 2023.",0,,1759192014
LBY11484,2024-04-20,2024,1,Strategic developments,Strategic developments,Disrupted weapons use,Police Forces of Libya (2021-) Government of National Unity (GNU) - Criminal Investigations Department,,State forces,Unidentified Armed Group (Libya),,Political militia,State forces-Political militia,,434,Northern Africa,Libya,West,Al Jafarah,,Qasr Bin Ghashir,32.6878,13.1739,1,Akhbar Libya,National,"Defusal: On 20 April 2024, the Security Inspection and Explosives Dismantling Office, affiliated with the Technical Affairs Department of the Police Criminal Investigation Department, defused a C-5 missile and a shell, both remnants of war, found in Qasr Bin Ghashir (Al Jafarah, West).",0,,1759192014
LBY11486,2024-04-23,2024,1,Strategic developments,Strategic developments,Disrupted weapons use,Police Forces of Libya (2021-) Government of National Unity (GNU) - Criminal Investigations Department,,State forces,Unidentified Armed Group (Libya),,Political militia,State forces-Political militia,,434,Northern Africa,Libya,West,Al Jabal Al Gharbi,,Al Rabtah,32.1742,12.8639,1,Akhbar Libya,National,"Defusal: On 23 April 2024, the Security Inspection and Explosives Dismantling Office, affiliated with the Technical Affairs Department of the Police Criminal Investigation Department, defused a mortar shell found in Al Rabtah (Al Jabal Al Gharbi, West).",0,,1759192014
LBY11487,2024-04-23,2024,1,Strategic developments,Strategic developments,Disrupted weapons use,Police Forces of Libya (2021-) Government of National Unity (GNU) - Criminal Investigations Department,,State forces,Unidentified Armed Group (Libya),,Political militia,State forces-Political militia,,434,Northern Africa,Libya,West,Misratah,,Misratah,32.3754,15.0925,1,Akhbar Libya,National,"Defusal: On 23 April 2024, the Security Inspection and Explosives Dismantling Office, affiliated with the Technical Affairs Department of the Police Criminal Investigation Department, defused two artillery shells found in Misratah (Misratah, West).",0,,1759192014
LBY11488,2024-04-24,2024,1,Strategic developments,Strategic developments,Disrupted weapons use,Police Forces of Libya (2022-) Government of National Stability (GNS) - Criminal Investigations Department,,State forces,Unidentified Armed Group (Libya),,Political militia,State forces-Political militia,,434,Northern Africa,Libya,South,Sabha,,Sabha,27.0377,14.4283,1,Libya News Agency,National,"Defusal: On 24 April 2024, the Security Inspection and Explosives Dismantling Office, affiliated with the Technical Affairs Department of the Police Criminal Investigation Department, defused two missiles found in Sabha (Sabha, South).",0,,1759181266
LBY11489,2024-04-26,2024,1,Strategic developments,Strategic developments,Disrupted weapons use,Police Forces of Libya (2021-) Government of National Unity (GNU) - Criminal Investigations Department,,State forces,Unidentified Armed Group (Libya),,Political militia,State forces-Political militia,,434,Northern Africa,Libya,West,Misratah,,Misratah,32.3754,15.0925,1,Akhbar Libya,National,"Defusal: On 26 April 2024, the Security Inspection and Explosives Dismantling Office, affiliated with the Technical Affairs Department of the Police Criminal Investigation Department, defused a grenade found in Misratah (Misratah, West).",0,,1759192014
LBY11491,2024-04-21,2024,1,Demonstrations,Protests,Peaceful protest,Protesters (Libya),,Protesters,,,,Protesters only,,434,Northern Africa,Libya,West,Misratah,,Misratah,32.3754,15.0925,1,Libya24,National,"On 21 April 2024, protesters demonstrated in front of the headquarters of the Public Property Authority in Misratah (Misratah, West) to demand fair compensation in view of an upcoming survey of their apartments.",0,crowd size=no report,1714445564
LBY11492,2024-04-20,2024,1,Political violence,Violence against civilians,Attack,Unidentified Armed Group (Libya),,Political militia,Civilians (Libya),,Civilians,Political militia-Civilians,Civilian targeting,434,Northern Africa,Libya,West,Az Zawiyah,,Az Zawiyah,32.7571,12.7276,1,Akhbar Libya,National,"On 20 April 2024, unidentified armed group killed one civilian in Az Zawiyah (Az Zawiyah, West). The reasons for the attack are unknown.",1,,1754410220
LBY11493,2024-04-23,2024,1,Political violence,Violence against civilians,Attack,Unidentified Armed Group (Libya),,Political militia,Civilians (Libya),,Civilians,Political militia-Civilians,Civilian targeting,434,Northern Africa,Libya,West,Al Marqab,,Al Khums,32.6486,14.2619,1,Address Libya,Subnational,"On 23 April 2024, unidentified armed group shot and killed one civilian, and wounded another, in Al Khums (Al Marqab, West). The reasons for the attack are unknown.",1,,1754410220
LBY11494,2024-04-23,2024,1,Strategic developments,Strategic developments,Other,Unidentified Armed Group (Libya),,Political militia,Civilians (Libya),,Civilians,Political militia-Civilians,,434,Northern Africa,Libya,South,Wadi al Hayat,,Ubari,26.5921,12.7805,1,Libya Al Ahrar; Libya Observer,National,"Explosive remnants of war: On 23 April 2024, eight children were injured, three of them critically, as a result of the explosion of a projectile that they found and moved while playing in Ubari (Wadi al Hayat, South). The projectile was identified as a remnant of war.",0,,1753970978
LBY11496,2024-04-27,2024,1,Demonstrations,Protests,Peaceful protest,Protesters (Libya),,Protesters,,,,Protesters only,,434,Northern Africa,Libya,East,Al Wahat,,Maradah,29.2333,19.2167,1,Address Libya,National,"On 27 April 2024, a group of demonstrators held a protest in Maradah (Al Wahat, East), to demand that Field Marshal Jalifa Haftarmay may visit the region. They called for the reconstruction of the municipality of Marada, similar to the rest of the areas where the reconstruction began, and to grant job opportunities to the youth of the municipality in the oil fields adjacent to the region.",0,crowd size=no report,1715049536
LBY11497,2024-04-27,2024,1,Demonstrations,Protests,Peaceful protest,Protesters (Libya),,Protesters,,,,Protesters only,,434,Northern Africa,Libya,West,Al Jafarah,,Suq al Khamis Emishel,32.5277,13.2198,1,Akhbar Libya,National,"On 27 April 2024, protesters from the so-called four districts south of Tripoli held a protest in Suq al Khamis Emishel (Al Jafarah, West) to express their rejection of the proposals to merge their municipalities with Tripoli - Souq Al Jumaa and Tripoli - Ayn Zarah, and to call for immediate municipal elections. The so-called four districts include the villages of Suq al Khamis, Qasr Bin Ghashir, Sidi as Saih, and El-Spiaa.",0,crowd size=no report,1715049536
LBY11498,2024-04-30,2024,1,Political violence,Explosions/Remote violence,Shelling/artillery/missile attack,Unidentified Armed Group (Libya),,Political militia,Al Silaa Brigade (Libya),,Political militia,Political militia-Political militia,,434,Northern Africa,Libya,West,Az Zawiyah,,Az Zawiyah,32.7571,12.7276,1,Akhbar Libya,National,"On 30 April 2024, an unidentified armed group fired RPG shells at an armored vehicle belonging to Al Sila Brigade in Az Zawiyah (Az Zawiyah, West). No further details.",0,,1759192014
LBY11501,2024-05-02,2024,1,Strategic developments,Strategic developments,Disrupted weapons use,Police Forces of Libya (2021-) Government of National Unity (GNU) - Criminal Investigations Department,,State forces,Unidentified Armed Group (Libya),,Political militia,State forces-Political militia,,434,Northern Africa,Libya,West,Az Zawiyah,,Az Zawiyah,32.7571,12.7276,1,Al Wasat (Libya),National,"Defusal: On 2 May 2024, the Security Inspection and Explosives Dismantling Office, affiliated with the Police Criminal Investigation Department, defused a suitcase bomb set to detonate in Az Zawiyah (Az Zawiyah, West). The identity of those who prepared the device and their target is unknown.",0,,1759192014
LBY11502,2024-05-02,2024,1,Demonstrations,Protests,Peaceful protest,Protesters (Libya),,Protesters,,,,Protesters only,,434,Northern Africa,Libya,West,Misratah,,Misratah,32.3754,15.0925,1,Al Wasat (Libya),National,"On 2 May 2024, a group of locals held a protest in Misratah (Misratah, West) against the deteriorating economic situation and high prices in the country, and to call for the dismissal of the Central Bank Governor and the holding of elections.",0,crowd size=no report,1715049536
LBY11506,2024-05-06,2024,1,Demonstrations,Protests,Peaceful protest,Protesters (Libya),,Protesters,,,,Protesters only,,434,Northern Africa,Libya,West,An Nuqat al Khams,,Al Jumayl,32.8529,12.0612,1,Libya24,National,"On 6 May 2024, locals began a sit-in and announced the closure of roads (means unspecified), except for humanitarian purposes and basic needs, in Al Jumayl (An Nuqat al Khams, West) over various problems, particularly the insecurity and outbreaks of violence in the region. They requested the intervention of the Ministry of the Interior to resolve the problems, otherwise they would intensify their actions.",0,crowd size=no report,1755564853
LBY11507,2024-05-06,2024,1,Demonstrations,Protests,Peaceful protest,Protesters (Libya),,Protesters,,,,Protesters only,,434,Northern Africa,Libya,West,An Nuqat al Khams,,Raqdalin,32.8673,11.8529,1,Libya24,National,"On 6 May 2024, locals began a sit-in and announced the closure of roads (means unspecified), except for humanitarian purposes and basic needs, in Raqdalin (An Nuqat al Khams, West) over various problems, particularly the insecurity and outbreaks of violence in the region. They requested the intervention of the Ministry of the Interior to resolve the problems, otherwise they would intensify their actions.",0,crowd size=no report,1715641787
LBY11508,2024-05-06,2024,1,Demonstrations,Protests,Peaceful protest,Protesters (Libya),,Protesters,,,,Protesters only,,434,Northern Africa,Libya,West,An Nuqat al Khams,,Zaltan,32.947,11.8665,1,Libya24,National,"On 6 May 2024, locals began a sit-in and announced the closure of roads (means unspecified), except for humanitarian purposes and basic needs, in Zaltan (An Nuqat al Khams, West) over various problems, particularly the insecurity and outbreaks of violence in the region. They requested the intervention of the Ministry of the Interior to resolve the problems, otherwise they would intensify their actions.",0,crowd size=no report,1715641787
LBY11511,2024-05-08,2024,1,Political violence,Violence against civilians,Attack,Unidentified Armed Group (Libya),,Political militia,Civilians (Libya),Police Forces of Libya (2022-) Government of National Stability (GNS) - Criminal Investigations Department,Civilians,Political militia-Civilians,Civilian targeting,434,Northern Africa,Libya,South,Sabha,,Sabha,27.0377,14.4283,1,Libya24,National,"On 8 May 2024, an unidentified armed group attempted to kill the commander of the Criminal Investigation unit (likely off duty) in Sabha (Sabha, South). He survived the attack but sustained injuries. No further details.",0,,1759181266
LBY11512,2024-05-08,2024,1,Demonstrations,Protests,Peaceful protest,Protesters (Libya),Labor Group (Libya); Students (Libya); Teachers (Libya),Protesters,,,,Protesters only,,434,Northern Africa,Libya,West,Tripoli,,Tripoli - Zanatah,32.8649,13.2284,1,Al Wasat (Libya),National,"On 8 May 2024, students, professors and faculty staff held a protest at Tripoli University in Tripoli - Zanatah (Tripoli, West) in solidarity with the people of Gaza and against the Israeli occupation of Palestine.",0,crowd size=no report,1715641787
LBY11514,2024-04-29,2024,1,Strategic developments,Strategic developments,Disrupted weapons use,Police Forces of Libya (2022-) Government of National Stability (GNS) - Criminal Investigations Department,,State forces,Unidentified Armed Group (Libya),,Political militia,State forces-Political militia,,434,Northern Africa,Libya,South,Sabha,,Sabha,27.0377,14.4283,1,Address Libya,National,"Defusal: On 29 April 2024, the Security Inspection and Explosives Dismantling Office, affiliated with the Police Criminal Investigation Department, defused 29 shells found near the international airport in Sabha (Sabha, South). All of them were identified as remnants of war.",0,,1759181266
LBY11515,2024-04-29,2024,1,Strategic developments,Strategic developments,Disrupted weapons use,Police Forces of Libya (2021-) Government of National Unity (GNU) - Criminal Investigations Department,,State forces,Unidentified Armed Group (Libya),,Political militia,State forces-Political militia,,434,Northern Africa,Libya,West,Nalut,,Al Jawsh,32.0,11.6667,1,Akhbar Libya,National,"Defusal: On 29 April 2024, the Security Inspection and Explosives Dismantling Office, affiliated with the Police Criminal Investigation Department, defused two unexploded rockets, one unexploded mortar shell and four other shells of different types found in Al Jawsh (Nalut, West).",0,,1759192014
LBY11517,2024-05-05,2024,1,Strategic developments,Strategic developments,Disrupted weapons use,Police Forces of Libya (2021-) Government of National Unity (GNU) - Criminal Investigations Department,,State forces,Unidentified Armed Group (Libya),,Political militia,State forces-Political militia,,434,Northern Africa,Libya,West,An Nuqat al Khams,,Ajaylat,32.7577,12.3772,2,Libya News Agency,National,"Defusal: On 5 May 2024, the Security Inspection and Explosives Dismantling Office, affiliated with the Police Criminal Investigation Department, defused 250 kilograms of war remnants and mines found in the area of Ajaylat (An Nuqat al Khams, West).",0,,1759192014
LBY11519,2024-05-06,2024,1,Political violence,Explosions/Remote violence,Shelling/artillery/missile attack,Unidentified Armed Group (Libya),,Political militia,Civilians (Libya),Students (Libya),Civilians,Political militia-Civilians,Civilian targeting,434,Northern Africa,Libya,West,Az Zawiyah,,Az Zawiyah,32.7571,12.7276,1,Libya24,National,"On 6 May 2024, an unidentified armed group conducted shelling inside the Faculty of Education of the university of Az Zawiyah (Az Zawiyah, West). The origin of the shell, as well as its real target, is unknown. It left no casualties.",0,,1754410220
LBY11520,2024-05-06,2024,1,Demonstrations,Riots,Violent demonstration,Rioters (Libya),Fishers (Libya),Rioters,,,,Rioters only,,434,Northern Africa,Libya,West,Tripoli,,Tajoura,32.8834,13.3525,1,Libya24,National,"On 6 May 2024, fishermen blocked a road with burning tires and dirt mounds in Tajoura (Tripoli, West) over the poor state of the city's port and to call on the authorities to fulfill their promise to develop it.",0,crowd size=no report,1715641787
LBY11522,2024-05-07,2024,1,Demonstrations,Riots,Violent demonstration,Rioters (Libya),Fishers (Libya),Rioters,,,,Rioters only,,434,Northern Africa,Libya,West,Tripoli,,Tajoura,32.8834,13.3525,1,Libya Al Ahrar,National,"On 7 May 2024, fishermen blocked a road with burning tires and dirt mounds in Tajoura (Tripoli, West) over the poor state of the city's port and to call on the authorities to fulfill their promise to develop it. The riots, which began the previous day, 6 May (coded separately), ended in the evening after an agreement was reached.",0,crowd size=no report,1715641787
LBY11523,2024-05-09,2024,1,Demonstrations,Protests,Peaceful protest,Protesters (Libya),,Protesters,,,,Protesters only,,434,Northern Africa,Libya,West,An Nuqat al Khams,,Al Jumayl,32.8529,12.0612,1,Libya24,National,"On 9 May 2024, locals held a protest in Al Jumayl (An Nuqat al Khams, West) to demand the expulsion of armed groups from the city and to denounce a recent attack by armed groups from Zawiya (coded separately). The protesters gave local authorities a week to implement their demands before escalating their actions.",0,crowd size=no report,1755564853
LBY11524,2024-05-09,2024,1,Political violence,Battles,Armed clash,Unidentified Armed Group (Libya),,Political militia,Unidentified Armed Group (Libya),,Political militia,Political militia-Political militia,,434,Northern Africa,Libya,West,Az Zawiyah,,Az Zawiyah,32.7571,12.7276,1,Address Libya,Subnational,"On 9 May 2024, unidentified armed groups engaged in armed clashes in Az Zawiyah (Az Zawiyah, West). An officer of the 52nd Brigade of the Libyan Army was found dead. It is unknown whether he was on or off duty at the time of his killing. Other casualties are unknown.",1,,1753970978
LBY11525,2024-05-15,2024,1,Demonstrations,Protests,Peaceful protest,Protesters (Libya),,Protesters,,,,Protesters only,,434,Northern Africa,Libya,West,Misratah,,Misratah,32.3754,15.0925,1,Akhbar Libya; Al Wasat (Libya); Libya24,National,"On 15 May 2024, residents held a protest in Misratah (Misratah, West) after members associated with the Misrata Joint Force broke into the Prosecutor's office earlier in the day and attempted to abduct the Attorney General investigating a case of attempted gold smuggling from the city's airport. The previous Sunday, 12 May, the Attorney General had issued a warrant for the arrest of several people in connection with the case. The Joint Force ultimately withdrew from the judicial complex and handed over its security to the judicial and local police.",0,crowd size=no report,1716240623
LBY11527,2024-05-06,2024,1,Demonstrations,Protests,Peaceful protest,Protesters (Libya),,Protesters,,,,Protesters only,,434,Northern Africa,Libya,West,An Nuqat al Khams,,Al Assah,32.8284,11.6272,1,Libya Security Monitor,New media,"On 6 May 2024, locals held a protest in Al Assah (An Nuqat al Khams, West) to call on the GNU to withdraw all non-local armed groups from the town. Similar protests also took place in neighboring cities (all coded separately).",0,crowd size=no report,1716240623
LBY11528,2024-05-07,2024,1,Demonstrations,Protests,Peaceful protest,Protesters (Libya),,Protesters,,,,Protesters only,,434,Northern Africa,Libya,West,An Nuqat al Khams,,Al Assah,32.8284,11.6272,1,Libya Security Monitor,New media,"On 7 May 2024, locals held a protest in Al Assah (An Nuqat al Khams, West) to call on the GNU to withdraw all non-local armed groups from the town. Similar protests also took place in neighboring cities (all coded separately).",0,crowd size=no report,1716240623
LBY11529,2024-05-07,2024,1,Demonstrations,Protests,Peaceful protest,Protesters (Libya),,Protesters,,,,Protesters only,,434,Northern Africa,Libya,West,An Nuqat al Khams,,Al Jumayl,32.8529,12.0612,1,Libya Security Monitor,New media,"On 7 May 2024, locals held a protest in Al Jumayl (An Nuqat al Khams, West) to call on the GNU to withdraw all non-local armed groups from the town. Similar protests also took place in neighboring cities (all coded separately).",0,crowd size=no report,1755564853
LBY11530,2024-05-07,2024,1,Demonstrations,Protests,Peaceful protest,Protesters (Libya),,Protesters,,,,Protesters only,,434,Northern Africa,Libya,West,An Nuqat al Khams,,Raqdalin,32.8673,11.8529,1,Libya Security Monitor,New media,"On 7 May 2024, locals held a protest in Raqdalin (An Nuqat al Khams, West) to call on the GNU to withdraw all non-local armed groups from the town. Similar protests also took place in neighboring cities (all coded separately).",0,crowd size=no report,1716240623
LBY11531,2024-05-07,2024,1,Demonstrations,Protests,Peaceful protest,Protesters (Libya),,Protesters,,,,Protesters only,,434,Northern Africa,Libya,West,An Nuqat al Khams,,Zaltan,32.947,11.8665,1,Libya Security Monitor,New media,"On 7 May 2024, locals held a protest in Zaltan (An Nuqat al Khams, West) to call on the GNU to withdraw all non-local armed groups from the town. Similar protests also took place in neighboring cities (all coded separately).",0,crowd size=no report,1716240623
LBY11533,2024-05-12,2024,1,Political violence; Demonstrations,Protests,Excessive force against protesters,Protesters (Libya),,Protesters,Unidentified Armed Group (Libya),,Political militia,Political militia-Protesters,Civilian targeting,434,Northern Africa,Libya,West,Misratah,,Misratah,32.3754,15.0925,1,Akhbar Libya; Libya24,National,"On 12 May 2024, an unidentified armed group shot at a group of locals staging a protest in front of the Security Directorate of Misratah (Misratah, West). The protesters were demanding that arrested persons be handed over to judicial prisons, that members of the directorate not wear masks while performing their duties and not use tinted cars. Three people were injured. The protest continued despite the incident.",0,crowd size=no report,1754410220
LBY11534,2024-05-14,2024,1,Political violence,Violence against civilians,Abduction/forced disappearance,Unidentified Armed Group (Libya),,Political militia,Civilians (Libya),Teachers (Libya),Civilians,Political militia-Civilians,Civilian targeting,434,Northern Africa,Libya,West,Az Zawiyah,,Az Zawiyah,32.7571,12.7276,1,Libya24,National,"On 14 May 2024, unidentified armed group abducted a university professor in Az Zawiyah (Az Zawiyah, West). Reasons unknown.",0,,1754410220
LBY11535,2024-05-14,2024,1,Political violence,Battles,Armed clash,444th Brigade (Libya),,Political militia,Unidentified Armed Group (Libya),,Political militia,Political militia-Political militia,,434,Northern Africa,Libya,West,Nalut,,Ghadamis,30.1337,9.5007,3,New Arab,Regional,"On 14 May 2024, members of the 444th Brigade engaged in an armed clash with an unidentified armed group of smugglers and drug traffickers somewhere in the desert near the Algerian border, coded in Ghadamis (Nalut, West). Three members of the 444th Brigade were killed in the clashes, which lasted for hours. The brigade claimed to have seized some 5 million narcotic pills.",3,,1764637279
LBY11536,2024-05-14,2024,1,Political violence,Battles,Armed clash,Military Forces of Libya (2021-) Government of National Unity (GNU),,State forces,Police Forces of Libya (2021-) Government of National Unity (GNU),,State forces,State forces-State forces,,434,Northern Africa,Libya,West,Tripoli,,Tripoli - Al Swani,32.7219,13.1131,1,Address Libya; Akhbar Libya,Subnational-National,"On 14 May 2024, a brigade affiliated to the GNU General Staff and two forces affiliated to the GNU Ministry of Interior engaged in armed clashes in the area of Tripoli - Al Swani (Tripoli, West). A minor was killed by a stray bullet.",1,,1759192014
LBY11538,2024-05-16,2024,1,Demonstrations,Protests,Peaceful protest,Protesters (Libya),Students (Libya),Protesters,,,,Protesters only,,434,Northern Africa,Libya,West,Misratah,,Misratah,32.3754,15.0925,1,Akhbar Libya,National,"On 16 May 2024, university students held a protest in Misratah (Misratah, West) to express their support for the Palestinian people. They also chanted some anti-Israeli slogans.",0,crowd size=no report,1716240623
LBY11539,2024-05-16,2024,1,Demonstrations,Protests,Peaceful protest,Protesters (Libya),Students (Libya),Protesters,,,,Protesters only,,434,Northern Africa,Libya,West,Tripoli,,Tripoli - Zanatah,32.8649,13.2284,1,Libya News Agency,National,"On 16 May 2024, students held a protest in front of Tripoli University in Tripoli - Zanatah (Tripoli, West) to express their support for the Palestinian people in the face of Israel's war in Gaza.",0,crowd size=no report,1716240623
LBY11540,2024-05-19,2024,1,Demonstrations,Protests,Peaceful protest,Protesters (Libya),,Protesters,,,,Protesters only,,434,Northern Africa,Libya,West,Misratah,,Misratah,32.3754,15.0925,1,Libya Security Monitor,New media,"On 19 May 2024, locals held a protest in Misratah (Misratah, West) demanding the results of an investigation into a case of alleged gold smuggling through the city's airport. They also called for a reform of the Joint Force operating in the city and expressed their readiness to protect the office of the Attorney General and members of judiciary, in response to a previous attack on the Prosecutor's office in the city. The Prosecutor had issued an arrest warrants related to the aforementioned case.",0,crowd size=no report,1716850490
LBY11541,2024-05-18,2024,1,Political violence,Battles,Armed clash,Mohamed Bahroun Militia (Libya),,Identity militia,Awlad Abu Hmeira Clan Militia (Libya),Stability Support Apparatus,Identity militia,Identity militia-Identity militia,,434,Northern Africa,Libya,West,Az Zawiyah,,Az Zawiyah,32.7571,12.7276,1,Akhbar Libya; Libya Security Monitor; New Arab,New media-National,"On 18 May 2024, members of Al Isnad and militias of the Awlad Abu Hmeira Clan, led by the deputy commander of the local branch of the Stability Support Apparatus (SSA), engaged in a an armed clash in the south of Az Zawiyah (Az Zawiyah, West). Two people were killed and 22 others were wounded. Some families had to evacuate the area, and several houses, stores and cars were damaged or destroyed. The clash broke out after three members of Al Isnad were arrested the previous day, 17 May, in connection with the abduction and killing of five civilians (all coded separately).",2,,1764637279
LBY11542,2024-05-17,2024,1,Political violence,Battles,Armed clash,Unidentified Armed Group (Libya),Mohamed Bahroun Militia (Libya),Political militia,Police Forces of Libya (2021-) Government of National Unity (GNU) - Criminal Investigations Department,,State forces,State forces-Political militia,,434,Northern Africa,Libya,West,Az Zawiyah,,Az Zawiyah,32.7571,12.7276,1,Libya Security Monitor,New media,"On 17 May 2024, an unidentified armed group attacked the headquarters of the Criminal Investigations Department in Az Zawiyah (Az Zawiyah, West) in an attempt to release three suspects belonging to the Al Isnad Militia who had been arrested shortly before in connection with the abduction and killing of five civilians in the city (coded separately). Casualties unknown.",0,,1759192014
LBY11543,2024-05-17,2024,2,Political violence,Violence against civilians,Attack,Unidentified Armed Group (Libya),,Political militia,Civilians (Libya),Zawiya Communal Group (Libya),Civilians,Political militia-Civilians,Civilian targeting,434,Northern Africa,Libya,West,Az Zawiyah,,Az Zawiyah,32.7571,12.7276,2,Al Wasat (Libya); Libya Security Monitor,New media-National,"Around 17 May 2024 (as reported), an unidentified armed group abducted and killed five people from the Awlad Abu Hmeira tribe in Az Zawiyah (Az Zawiyah, West). The bodies were found inside a car and one of the victims was handcuffed. No further details.",5,,1754410220
LBY11544,2024-05-22,2024,1,Demonstrations,Protests,Peaceful protest,Protesters (Libya),Janzur Knights Brigade (Libya),Protesters,,,,Protesters only,,434,Northern Africa,Libya,West,Al Jafarah,,Janzur,32.8187,13.0173,1,Address Libya; Libya24,Subnational-National,"On 22 May 2024, members of the Janzur Knights Brigade blocked the coastal road of Janzur (Al Jafarah, West) with armored vehicles, armored personnel carriers and anti-aircraft guns in protest against the decision of the Ministry of Economy to relocate the headquarters of the commercial registry from Janzur to a neighborhood in Tripoli.",0,crowd size=no report,1759192014
LBY11545,2024-05-21,2024,1,Demonstrations,Protests,Peaceful protest,Protesters (Libya),Unidentified Armed Group (Libya),Protesters,,,,Protesters only,,434,Northern Africa,Libya,West,Az Zawiyah,,Az Zawiyah,32.7571,12.7276,1,Address Libya,Subnational,"On 21 May 2024, members of unidentified armed groups blocked one of the entrances to Az Zawiyah (Az Zawiyah, West) with cars to demand the GNU to complete the procedures for former prisoners of the country's 2011 war to make the pilgrimage to Mecca (Hajj).",0,crowd size=no report,1716850490
LBY11546,2024-05-18,2024,1,Demonstrations,Protests,Peaceful protest,Protesters (Libya),Volcano of Anger Militia (Libya),Protesters,,,,Protesters only,,434,Northern Africa,Libya,West,Misratah,,Misratah,32.3754,15.0925,2,Akhbar Libya,National,"On 18 May 2024, members of the Volcano of Anger armed group held a peaceful protest in the outskirts of Misratah (Misratah, West) to demand outstanding payments from the GNU.",0,crowd size=no report,1716850490
LBY11547,2024-05-17,2024,1,Demonstrations,Protests,Peaceful protest,Protesters (Libya),,Protesters,,,,Protesters only,,434,Northern Africa,Libya,West,Az Zawiyah,,Az Zawiyah,32.7571,12.7276,1,Libya Security Monitor; Libya24,New media-National,"On 17 May 2024, more than a hundred locals held a protest in front of the security directorate in Az Zawiyah (Az Zawiyah, West) over the abduction and killing of five civilians (coded separately) and the widespread insecurity in the city.",0,crowd size=more than a hundred,1716850490
LBY11548,2024-05-23,2024,1,Demonstrations,Protests,Peaceful protest,Protesters (Libya),,Protesters,,,,Protesters only,,434,Northern Africa,Libya,West,Misratah,,Misratah,32.3754,15.0925,1,Libya24,National,"On 23 May 2024, residents held a protest in front of the prosecutor's office in Misratah (Misratah, West) to condemn the silence of GNU PM Abdul Hamid Dbeibeh in the face of recent actions by armed groups in the city (coded separately) and to express their support for the independence of the judiciary, the municipal council and the role of local notables, elders and security forces.",0,crowd size=no report,1716850490
LBY11549,2024-05-23,2024,1,Demonstrations,Protests,Peaceful protest,Protesters (Libya),,Protesters,,,,Protesters only,,434,Northern Africa,Libya,West,Nalut,,Ghadamis,30.1337,9.5007,1,Address Libya,Subnational,"On 23 May 2024, residents held a protest in Ghadamis (Nalut, West) to denounce the abduction of a local citizen by an unidentified armed group they linked to GNU interior minister Emad Al-Trabelsi.",0,crowd size=no report,1716850490
LBY11550,2024-05-14,2024,1,Demonstrations,Protests,Protest with intervention,Protesters (Libya),,Protesters,Police Forces of Libya (2021-) Government of National Unity (GNU),,State forces,State forces-Protesters,,434,Northern Africa,Libya,West,Misratah,,Misratah,32.3754,15.0925,1,Akhbar Libya,National,"On 14 May 2024, members of the local police fired live bullets into the air as residents held a protest in front of the security directorate in Misratah (Misratah, West) to object to the use of masks during police patrols. There were no casualties. Three protesters were arrested and released after one day. Two days earlier, on 12 May, a similar event took place at the same location (coded separately).",0,crowd size=no report,1759192014
LBY11526,2024-05-16,2024,1,Political violence,Violence against civilians,Abduction/forced disappearance,Military Forces of Libya (2014-) Libyan National Army (LNA),,State forces,Civilians (Libya),Government of Libya (2022-) Government of National Stability (GNS),Civilians,State forces-Civilians,Civilian targeting,434,Northern Africa,Libya,East,Benghazi,,Benghazi,32.1177,20.1293,1,Al Araby Al Jadeed; Al Wasat (Libya); UNSC,Other-National,"On 16 May 2024, forces suspected of being affiliated with the LNA abducted an MP from the eastern-based House of Representatives, Ibrahim al-Darsi, in Benghazi (Benghazi, East). Authorities claimed that the disappearance occurred after a break-in at Darsi's residence, while some sources suspect that LNA-affiliated forces disappeared him following criticism of the Haftar family. A video suspected of having been recorded shortly after his disappearance surfaced on social media in May 2025 and showed Darsi in chains and showing signs of torture.",0,,1759192014
LBY11552,2024-06-20,2024,1,Political violence,Battles,Armed clash,Kabouat Militia (Libya),,Identity militia,Zawiya Communal Militia (Libya),,Identity militia,Identity militia-Identity militia,,434,Northern Africa,Libya,West,Az Zawiyah,,Az Zawiyah,32.7571,12.7276,1,Al Wasat (Libya),National,"On 20 June 2024, members of the Kabouat militia and another local armed group (likely Zawiya communal militias due to the location) led by Riad Belhaj, engaged in an armed clash in Az Zawiyah (Az Zawiyah, West). The clash started after an attack targeting Riad Belhaj's brother, who had to be transferred to a hospital in critical condition (coded separately).",0,,1719274347
LBY11551,2024-06-19,2024,1,Demonstrations,Protests,Peaceful protest,Protesters (Libya),,Protesters,,,,Protesters only,,434,Northern Africa,Libya,East,Al Wahat,,Jikharra,29.2833,21.6333,1,Al Wasat (Libya),National,"On 19 June 2024, residents held a protest in Jikharra (Al Wahat, East) to demand the release of a citizen who had been arrested after sharing a video on social media complaining about the lack of gasoline and living conditions in the region. They also called for an improvement in health, public administration, and the provision of more gasoline services.",0,crowd size=no report,1719274347
LBY11553,2024-06-19,2024,1,Political violence,Violence against civilians,Attack,Unidentified Armed Group (Libya),,Political militia,Civilians (Libya),,Civilians,Political militia-Civilians,Civilian targeting,434,Northern Africa,Libya,West,Az Zawiyah,,Az Zawiyah,32.7571,12.7276,1,Akhbar Libya,National,"On 19 June 2024, unknown gunmen shot and killed three civilians in separate incidents that occurred in three different neighborhoods in Az Zawiyah (Az Zawiyah, West). It is not clear whether one or more unidentified armed groups are involved. No further information is available.",3,,1754410220
LBY11554,2024-06-17,2024,1,Political violence,Violence against civilians,Attack,Unidentified Armed Group (Libya),,Political militia,Civilians (Libya),,Civilians,Political militia-Civilians,Civilian targeting,434,Northern Africa,Libya,West,Az Zawiyah,,Az Zawiyah,32.7571,12.7276,1,Libya Security Monitor,New media,"On 17 June 2024, an unidentified armed group shot and killed a civilian in front of his house in Az Zawiyah (Az Zawiyah, West). The motive is unknown. No further information is available.",1,,1754410220
LBY11586,2024-06-13,2024,1,Demonstrations,Protests,Peaceful protest,Protesters (Libya),,Protesters,,,,Protesters only,,434,Northern Africa,Libya,West,Misratah,,Misratah,32.3754,15.0925,1,Akhbar Libya,National,"On 13 June 2024, residents gathered outside the Prosecutor's Office in Misratah (Misratah, West) to protest the worsening economic situation and living conditions in the country and condemned the lack of money in banks and the alleged misappropriation of public funds.",0,crowd size=no report,1719274347
LBY11583,2024-06-10,2024,1,Political violence,Battles,Armed clash,Joint Operations Force (Libya),,Political militia,Unidentified Armed Group (Libya),,Political militia,Political militia-Political militia,,434,Northern Africa,Libya,West,Misratah,,Misratah,32.3754,15.0925,1,Al Wasat (Libya),National,"On 10 June 2024, the GNU-affiliated Joint Operations Force from Misratah and an unidentified armed group clashed in Misratah (Misratah, West). The event took place two days after the Joint Force clashed with Benghazi Shura Council on 8 June (coded separately). Residents protested (coded separately) denying the claim about occurrence of the armed clash on 10 June and attributed it was indiscriminate shooting by the Joint Force.",0,,1753970978
LBY11584,2024-06-10,2024,1,Demonstrations,Protests,Peaceful protest,Protesters (Libya),,Protesters,,,,Protesters only,,434,Northern Africa,Libya,West,Misratah,,Misratah,32.3754,15.0925,1,Al Wasat (Libya); Libya Security Monitor,New media-National,"On 10 June 2024, about 30 people held a protest in Misratah (Misratah, West) to call on the Prosecution to investigate the killing of a member of the Benghazi Shura Council in an armed clash with the local Joint Operations Force on 8 June (coded separately). They also denied any armed clash in Misratah between the Joint Force and an unidentified armed group earlier on 10 June (coded separately) and attributed the incident to indiscriminate shooting by the Joint Force.",0,crowd size=about 30,1719274348
LBY11581,2024-06-08,2024,1,Political violence,Battles,Armed clash,Joint Operations Force (Libya),,Political militia,BRSC: Shura Council of Benghazi Revolutionaries,,Political militia,Political militia-Political militia,,434,Northern Africa,Libya,West,Misratah,,Misratah,32.3754,15.0925,1,Al Wasat (Libya); Libya Security Monitor,New media-National,"On 8 June 2024, the GNU-affiliated Joint Operations Force from Misratah and Benghazi Shura Council clashed in Misratah (Misratah, West) as the joint forces tried to arrest a member of Benghazi Shura Council. A member of the Benghazi Shura Council was wounded and later died in a hospital. Two officers of the Joint force were also wounded.",1,,1719274348
LBY11582,2024-06-08,2024,1,Strategic developments,Strategic developments,Disrupted weapons use,Military Forces of Libya (2021-) Government of National Unity (GNU),,State forces,Unidentified Armed Group (Libya),,Political militia,State forces-Political militia,,434,Northern Africa,Libya,West,Misratah,,Zlitan,32.4674,14.5687,1,Al Wasat (Libya),National,"Defusal: On 8 June 2024, the GNU-affiliated Military Engineering Company cleared an undetonated RPG shell launched by an unidentified armed group into Zlitan (Misratah, West).",0,,1759192014
LBY11580,2024-06-07,2024,1,Demonstrations,Protests,Peaceful protest,Protesters (Libya),,Protesters,,,,Protesters only,,434,Northern Africa,Libya,West,Misratah,,Misratah,32.3754,15.0925,1,Libya Security Monitor,New media,"On 7 June 2024, members of a local tribesmen held a protest in Misratah (Misratah, West) against the Mahjoub Brigade and Syrian mercenaries who dispersed a violent protest by Volcano of Anger militia veterans and their families in Tripoli on 5 June (coded separately). They claimed that the event in Tripoli was peaceful and that some of their tribesmen were injured as a result of the crackdown, including by the use of firearms. They called on the relevant authorities to investigate.",0,crowd size=no report,1719274348
LBY11578,2024-06-06,2024,1,Demonstrations,Protests,Peaceful protest,Protesters (Libya),Labor Group (Libya); Teachers (Libya),Protesters,,,,Protesters only,,434,Northern Africa,Libya,West,An Nuqat al Khams,,Sabratha,32.7934,12.4885,1,Al Wasat (Libya),National,"On 6 June 2024, members of the Faculty of Arts and Education at Sabratha University held a protest in Sabratha (An Nuqat al Khams, West) to condemn a recent assault by students against a staff member and called for measures to prevent any recurrence of such incidents.",0,crowd size=no report,1754958639
LBY11579,2024-06-06,2024,1,Demonstrations,Protests,Peaceful protest,Protesters (Libya),Labor Group (Libya),Protesters,,,,Protesters only,,434,Northern Africa,Libya,West,Misratah,,Zlitan,32.4674,14.5687,1,Libya24,National,"On 6 June 2024, residents gathered in Zlitan (Misratah, West) to protest the reopening of a cement factory until the current director is dismissed.",0,crowd size=no report,1719274348
LBY11576,2024-06-05,2024,1,Political violence,Battles,Armed clash,Unidentified Armed Group (Libya),,Political militia,Unidentified Armed Group (Libya),,Political militia,Political militia-Political militia,,434,Northern Africa,Libya,West,Az Zawiyah,,Az Zawiyah,32.7571,12.7276,1,Address Libya,Subnational,"On 5 June 2024, unidentified armed groups affiliated with the GNU clashed with each other in Az Zawiyah (Az Zawiyah, West). One person was killed. No further details.",1,,1753970978
LBY11571,2024-06-02,2024,1,Political violence,Battles,Armed clash,Kabouat Militia (Libya),Janzur Knights Brigade (Libya),Identity militia,52nd Brigade (Libya),Mohamed Bahroun Militia (Libya),Political militia,Political militia-Identity militia,,434,Northern Africa,Libya,West,Az Zawiyah,,Az Zawiyah,32.7571,12.7276,1,Address Libya; Akhbar Libya,Subnational-National,"On 2 June 2024, GNU-aligned 52nd Brigade and Al Isnad militias clashed with Kabouat militia and Janzur Knights Brigade in Az Zawiyah (Az Zawiyah, West), after a Kabouat militia leader was arrested and Janzur Knights Brigade released him hours later in Tripoli. A member of Al Isnad militia was killed in the fighting.",1,,1759192014
LBY11569,2024-05-30,2024,1,Demonstrations,Protests,Peaceful protest,Protesters (Libya),,Protesters,,,,Protesters only,,434,Northern Africa,Libya,West,Al Marqab,,Al Khums,32.6486,14.2619,1,Akhbar Libya,National,"On 30 May 2024, residents cut off (means unspecified) the entrance to Al Khums (Al Marqab, West) to protest the arrest of a citizen and the failure of security to safeguard the local soccer club after it was attacked by a mob in Benghazi on 27 May (coded separately).",0,crowd size=no report,1719274349
LBY11568,2024-05-29,2024,1,Demonstrations,Protests,Peaceful protest,Protesters (Libya),Students (Libya),Protesters,,,,Protesters only,,434,Northern Africa,Libya,West,Tripoli,,Tripoli - Zanatah,32.8649,13.2284,1,Akhbar Libya,National,"On 29 May 2024, students from the Faculty of Arts and Media held a protest at Tripoli University in Tripoli - Zanatah (Tripoli, West) to demand their rights as university students.",0,crowd size=no report,1719274349
LBY11562,2024-05-27,2024,2,Political violence,Violence against civilians,Abduction/forced disappearance,Unidentified Armed Group (Libya),,Political militia,Civilians (Libya),,Civilians,Political militia-Civilians,Civilian targeting,434,Northern Africa,Libya,East,Al Jabal Al Akhdar,,Al Baydah,32.7627,21.7551,1,Libya Observer,National,"Around 27 May 2024 (as reported), an unidentified armed group abducted a number of civilians in Al Baydah (Al Jabal Al Akhdar, East) after they took part in a demonstration (coded separately) condemning the security situation in the city and a mob attack on the local soccer team (coded separately). One of the abducted individuals died shortly thereafter under unknown circumstances in a prison run by internal security forces.",0,,1754410220
LBY11563,2024-05-27,2024,1,Demonstrations,Riots,Violent demonstration,Rioters (Libya),,Rioters,,,,Rioters only,,434,Northern Africa,Libya,East,Al Jabal Al Akhdar,,Al Baydah,32.7627,21.7551,1,Akhbar Libya,National,"On 27 May 2024, residents burned tires in the streets of Al Baydah (Al Jabal Al Akhdar, East) to denounce a mob attack against the Al Akhdar club team in Benghazi on the same day (coded separately). Rioters also tore down posters of LNA commander Khalifa Haftar.",0,crowd size=no report,1719274349
LBY11564,2024-05-27,2024,1,Political violence,Riots,Mob violence,Rioters (Libya),,Rioters,,,,Rioters only,,434,Northern Africa,Libya,East,Benghazi,,Benghazi,32.1177,20.1293,1,Akhbar Libya,National,"On 27 May 2024, a mob attacked the bus of transporting Akhdar city soccer team from Al Baydah and beat and threatened some of its players while they were in Benghazi (Benghazi, East) for a match.",0,crowd size=no report,1719274349
LBY11565,2024-05-27,2024,1,Demonstrations,Protests,Peaceful protest,Protesters (Libya),Volcano of Anger Militia (Libya),Protesters,,,,Protesters only,,434,Northern Africa,Libya,West,Misratah,,Misratah,32.3754,15.0925,2,Address Libya,Subnational,"On 27 May 2024, members of the Volcano of Anger militia cut off a road (means unspecified) at the entrance to Misratah (Misratah, West) to demand the payment of overdue wages.",0,crowd size=no report,1719274349
LBY11560,2024-05-26,2024,1,Demonstrations,Riots,Violent demonstration,Rioters (Libya),,Rioters,,,,Rioters only,,434,Northern Africa,Libya,West,Al Marqab,,Al Khums,32.6486,14.2619,1,Libya Al Ahrar,National,"On 26 May 2024, dozens of the Al Khums soccer team supporters blocked the coastal road in Al Khums (Al Marqab, West) with fire after the city's soccer team was attacked while returning from a match in Tripoli (coded separately).",0,crowd size=dozens,1719274349
LBY11559,2024-05-02,2024,1,Political violence,Violence against civilians,Abduction/forced disappearance,Police Forces of Libya (2021-) Government of National Unity (GNU),,State forces,Civilians (Libya),,Civilians,State forces-Civilians,Civilian targeting,434,Northern Africa,Libya,West,Nalut,,Ghadamis,30.1337,9.5007,1,Akhbar Libya,National,"On 2 May 2024, members of the border guards service of the Libyan police disappeared a citizen in Ghadamis (Nalut, West), after he failed to shake hands with the GNU Interior Minister during a ceremony.",0,,1759192014
LBY11558,2024-03-28,2024,1,Strategic developments,Strategic developments,Change to group/activity,Military Forces of Libya (2021-) Government of National Unity (GNU),Al Silaa Brigade (Libya),State forces,,,,State forces only,,434,Northern Africa,Libya,West,Tripoli,,Tajoura,32.8834,13.3525,1,Akhbar Libya,National,"Movement of forces: On 28 March 2024, a convoy of 48 armed vehicles from the 51st Infantry Brigade of the Libyan military mobilized in Tajoura (Tripoli, West) to head to the Ras Ajdir border crossing with Tunisia. Forces of the 103rd Battalion had arrived at the border crossing shortly before. Their deployment comes amid attempts by the GNU to regain control of Ras Ajdir after withdrawing its forces on 18 March (coded separately).",0,,1759192014
LBY11556,2024-03-01,2024,3,Political violence,Battles,Armed clash,Unidentified Armed Group (Libya),,Political militia,Unidentified Armed Group (Libya),,Political militia,Political militia-Political militia,,434,Northern Africa,Libya,West,An Nuqat al Khams,,Ajaylat,32.7577,12.3772,1,Akhbar Libya,National,"Around 1 March 2024 (beginning of month), unidentified armed groups clashed in Ajaylat (An Nuqat al Khams, West). The reason is unknown. At least one civilian died a few days later from wounds sustained from shrapnel impact.",1,,1754958639
LBY11588,2024-06-26,2024,1,Political violence,Violence against civilians,Abduction/forced disappearance,Unidentified Armed Group (Libya),,Political militia,Civilians (Libya),Public Security Service,Civilians,Political militia-Civilians,Civilian targeting,434,Northern Africa,Libya,West,Al Jabal Al Gharbi,,Zintan,31.9223,12.252,1,Akhbar Libya,National,"On 26 June 2024, an unidentified armed group affiliated with a suspected smuggler abducted a commander of the General Security Service (off-duty) in Zintan (Al Jabal Al Gharbi, West). The armed group carried out the abduction in order to exchange the commander for the suspected smuggler, who remains held by the General Security Service.",0,,1759192014
LBY11589,2024-06-22,2024,1,Political violence,Violence against civilians,Abduction/forced disappearance,Unidentified Armed Group (Libya),,Political militia,Civilians (Libya),Labor Group (Libya),Civilians,Political militia-Civilians,Civilian targeting,434,Northern Africa,Libya,West,Tripoli,,Tripoli - Ayn Zarah,32.8133,13.2697,1,Akhbar Libya,National,"On 22 June 2024, an unidentified armed group abducted the director and the head of administrative affairs of an oil company in Tripoli - Ayn Zarah (Tripoli, West). The abductors claimed to belong to the Criminal Investigations Department, but when the family of the abductees went to the headquarters of this agency, they denied any involvement.",0,,1754410220
LBY11590,2024-06-22,2024,1,Political violence,Battles,Armed clash,444th Brigade (Libya),,Political militia,Gharyan Communal Militia (Libya),,Identity militia,Political militia-Identity militia,,434,Northern Africa,Libya,West,Al Jabal Al Gharbi,,Gharyan,32.1722,13.0203,1,Akhbar Libya,National,"On 22 June 2024, members of the 444th Brigade and a local communal militia (likely Gharyan communcal militias due to the location) engaged in an armed clash in Gharyan (Al Jabal Al Gharbi, West). Two soldiers were killed and another one wounded and transferred to a hospital.",2,,1759192014
LBY11592,2024-06-26,2024,1,Political violence,Battles,Armed clash,55th Brigade (Libya),,Political militia,Zuwara Military Council (Libya),,Identity militia,Political militia-Identity militia,,434,Northern Africa,Libya,West,An Nuqat al Khams,,Zuwarah,32.9312,12.082,1,Address Libya; Akhbar Libya,Subnational-National,"On 26 June 2024, members of the 55th Brigade and the Zuwara Military Council clashed in Zuwarah (An Nuqat al Khams, West). The clash broke out when the 55th Brigade forces crossed through the city as they were heading towards the Ras Ajdir border crossing with Tunisia. Unknown number of civilians were injured. There were no fatalities.",0,,1759192014
LBY11593,2024-06-22,2024,2,Political violence,Battles,Armed clash,RAC: Revolutionary Awakening Council (Splinter Faction),,Rebel group,SLM/A-Minnawi: Sudan Liberation Movement/Army (Minnawi Faction),,Rebel group,Rebel group-Rebel group,,434,Northern Africa,Libya,East,Al Kufrah,,Kalinga,23.2667,20.0333,2,Darfur 24; Sudan Tribune,Regional,"Around 22 June 2024 (as reported), forces of the SLM/A-Minnawi and the RSF-aligned splinter of the Revolutionary Awakening Council Al Dor faction clashed around Kalinga (Al Kufrah, East). The clash erupted as SLM/A-Minnawi forces were on their way to Sudan's El Fasher with three trucks of weapons and ammunition. The clash resulted in several soldiers from both sides being killed and injured. The RAC splinter faction seized military vehicles, supply and ammunition trucks, and captured several soldiers. Unspecified fatalities in a high intensity clash coded as 10.",10,,1764045636
LBY11594,2024-06-28,2024,1,Political violence,Battles,Armed clash,Zintan Ethnic Militia (Libya),,Identity militia,Zawiya Communal Militia (Libya),,Identity militia,Identity militia-Identity militia,,434,Northern Africa,Libya,West,Tripoli,,Tripoli - Al Swani,32.7219,13.1131,1,Akhbar Libya; Libya24,National,"On 28 June 2024, Zintan and Zawiya militias exchanged fire in Tripoli - Al Swani (Tripoli, West). Three militias were wounded and a military vehicle was burned down. The motive of the clash is unknown.",0,,1719876471
LBY11595,2024-06-20,2024,1,Political violence,Violence against civilians,Attack,Kabouat Militia (Libya),,Identity militia,Civilians (Libya),Zawiya Communal Militia (Libya),Civilians,Identity militia-Civilians,Civilian targeting,434,Northern Africa,Libya,West,Az Zawiyah,,Az Zawiyah,32.7571,12.7276,1,Al Wasat (Libya),National,"On 20 June 2024, members of the Kabouat militia attacked the brother of the leader of a local armed group (likely a Zawiya communal militia due to the location), Riad Belhaj, in Az Zawiyah (Az Zawiyah, West). He had to be transferred to a hospital in critical condition. The event led to an armed clash between the two groups (coded separately).",0,,1719876471
LBY11596,2024-06-23,2024,1,Demonstrations,Protests,Peaceful protest,Protesters (Libya),Berber Ethnic Group (Libya),Protesters,,,,Protesters only,,434,Northern Africa,Libya,West,An Nuqat al Khams,,Zuwarah,32.9312,12.082,1,Akhbar Libya; Libya24,National,"On 23 June 2024, residents from several towns of the An Nuqat al Khams region held a protest in Zuwarah (An Nuqat al Khams, West) to denounce the GNU's neglect of the area and the marginalization of the Amazigh people. The protesters, threatened to block the GNU's plans to reopen the Ras Ajdir border crossing with Tunisia the following day, 24 June, announced that they would enter into an open sit-in and cut off all entrances to their municipalities and the crossing.",0,crowd size=no report,1719876471
LBY11597,2024-06-23,2024,1,Demonstrations,Protests,Peaceful protest,Protesters (Libya),Labor Group (Libya); Zuwarah Communal Militia (Libya),Protesters,,,,Protesters only,,434,Northern Africa,Libya,West,An Nuqat al Khams,,Mellitah,32.8535,12.2386,2,Address Libya; Akhbar Libya; Libya24,Subnational-National,"On 23 June 2024, members of an armed group from Zuwarah cut off the coastal road (means unspecified) near Mellitah (An Nuqat al Khams, West) in view of the GNU's plans to reopen the Ras Ajdir border crossing with Tunisia the following day, 24 June. The protesters criticized the new security arrangements defined by the interior ministry at the crossing and the GNU's neglect of the region. Some also demanded the payment of salaries due for three and a half years.",0,crowd size=no report,1719876471
LBY11598,2024-06-20,2024,1,Political violence,Explosions/Remote violence,Shelling/artillery/missile attack,Zawiya Communal Militia (Libya),,Identity militia,,,,Identity militia only,,434,Northern Africa,Libya,West,Az Zawiyah,,Az Zawiyah,32.7571,12.7276,1,Libya Security Monitor,New media,"On 20 June 2024, a local armed group (likely a Zawiya communal militia due to the location) fired rounds of RPG at the car of a former judge of a local appeals court in Az Zawiyah (Az Zawiyah, West). The vehicle was burned but the target was not inside.",0,local administrators,1719876471
LBY11599,2024-06-27,2024,1,Political violence,Battles,Armed clash,Sabratha Communal Militia (Libya),,Identity militia,Mohamed Bahroun Militia (Libya),,Identity militia,Identity militia-Identity militia,,434,Northern Africa,Libya,West,An Nuqat al Khams,,Sabratha,32.7934,12.4885,1,Libya Security Monitor,New media,"On 27 June 2024, local militias (likely Sabratha communal militias due to the location) attacked a convoy belonging to the Al Isnad militia in Sabratha (An Nuqat al Khams, West). The motive is unknown. No further information is available. No casualties.",0,,1759192014
LBY11600,2024-07-02,2024,1,Demonstrations,Protests,Peaceful protest,Protesters (Libya),Ibadi Muslim Group (Libya),Protesters,,,,Protesters only,,434,Northern Africa,Libya,West,An Nuqat al Khams,,Zuwarah,32.9312,12.082,1,Address Libya,Subnational,"On 2 July 2024, Ibadi Muslim group held a protest in Zuwarah (An Nuqat al Khams, West) demanding the dissolution of the local endowments authority and the establishment of a special body for their Ibadi religious branch.",0,crowd size=no report,1720481995
LBY11608,2024-07-12,2024,1,Political violence,Battles,Armed clash,Mohamed Bahroun Militia (Libya),,Identity militia,Zawiya Communal Militia (Libya),,Identity militia,Identity militia-Identity militia,,434,Northern Africa,Libya,West,Az Zawiyah,,Az Zawiyah,32.7571,12.7276,1,Akhbar Libya,National,"On 12 July 2024, members of the Al Isnad militia and a Zawiya communal militia engaged in an armed clash in Az Zawiyah (Az Zawiyah, West) for the second day in a row. There were no fatalities.",0,,1759192014
LBY11605,2024-07-11,2024,1,Strategic developments,Strategic developments,Change to group/activity,Mohamed Bahroun Militia (Libya),,Identity militia,Al Silaa Brigade (Libya),Awlad Saqr Clan Militia (Libya),Political militia,Political militia-Identity militia,,434,Northern Africa,Libya,West,Az Zawiyah,,Az Zawiyah,32.7571,12.7276,1,Address Libya,Subnational,"Movement of forces: On 11 July 2024, forces from the Al Isnad militia and Al Sila Brigade, an Awlad Saqr militia, deployed in Az Zawiyah (Az Zawiyah, West) and temporarily blocked the coastal road (means unspecified). The deployment came a day after Az Zawiyah witnessed three kidnappings and one armed clash (all separately coded).",0,,1759192014
LBY11606,2024-07-10,2024,1,Political violence,Battles,Armed clash,Mohamed Bahroun Militia (Libya),,Identity militia,Awlad Saqr Clan Militia (Libya),,Identity militia,Identity militia-Identity militia,,434,Northern Africa,Libya,West,Az Zawiyah,,Az Zawiyah,32.7571,12.7276,1,Akhbar Libya,National,"On 10 July 2024, members of the Al Isnad militia shot at an armored vehicle belonging to an Awlad Saqr militia (likely the Al Sila Brigade due to a movement of forces (coded separately) that occurred shortly thereafter) in Az Zawiyah (Az Zawiyah, West). One of its occupants was killed.",1,,1759192014
LBY11609,2024-07-10,2024,1,Strategic developments,Strategic developments,Change to group/activity,Military Forces of Turkey (2016-),,External/Other forces,,,,External/Other forces only,,434,Northern Africa,Libya,West,An Nuqat al Khams,,Al Watiyah,32.4764,11.7679,1,Address Libya; ItaMilRadar,New media-Subnational,"Movement of forces: On 10 July 2024, a cargo aircraft of the Turkish Air Force flew from Turkey to the Turkish-controlled base of Al Watiyah (An Nuqat al Khams, West) along the Balkan route, which circumvents Greek airspace. The content of the aircraft is unknown.",0,,1753954689
LBY11610,2024-07-10,2024,1,Strategic developments,Strategic developments,Change to group/activity,Military Forces of Turkey (2016-),,External/Other forces,,,,External/Other forces only,,434,Northern Africa,Libya,West,Misratah,,Misratah,32.3754,15.0925,1,Address Libya; ItaMilRadar,New media-Subnational,"Movement of forces: On 10 July 2024, a cargo aircraft of the Turkish Air Force flew from Turkey to the airport of Misratah (Misratah, West) along the Balkan route, which circumvents Greek airspace. The content of the aircraft is unknown.",0,,1753954689
LBY11613,2024-07-04,2024,1,Political violence,Violence against civilians,Attack,Unidentified Armed Group (Libya),,Political militia,Civilians (Libya),High Council of State (Libya),Civilians,Political militia-Civilians,Civilian targeting,434,Northern Africa,Libya,West,Misratah,,Zlitan,32.4674,14.5687,1,Akhbar Libya,National,"On 4 July 2024, an unidentified armed group shot at the home of a member of the National Accord Conglomerate of the High State Council (HSC), in Zlitan (Misratah, West). The motives for the attack are unknown, but the victim had recently criticized the GNU for its neglect of Zlitan. He was unharmed.",0,,1754410220
LBY11604,2024-07-10,2024,1,Political violence,Violence against civilians,Abduction/forced disappearance,Mohamed Bahroun Militia (Libya),,Identity militia,Civilians (Libya),Zawiya Communal Group (Libya),Civilians,Identity militia-Civilians,Civilian targeting,434,Northern Africa,Libya,West,Az Zawiyah,,Az Zawiyah,32.7571,12.7276,1,Akhbar Libya; Libya Security Monitor,New media-National,"On 10 July 2024, an unidentified armed group (likely the Al Isnad militia due to another kidnapping and an armed clash (both coded separately) occurred shortly before) abducted the cousin of a member of the Abu Hmeira clan, commander of the Al Qasab militia and a UN-sanctioned smuggler, in the center of Az Zawiyah (Az Zawiyah, West).",0,,1759192014
LBY11612,2024-07-08,2024,1,Political violence,Violence against civilians,Abduction/forced disappearance,Unidentified Armed Group (Libya),,Political militia,Civilians (Libya),,Civilians,Political militia-Civilians,Civilian targeting,434,Northern Africa,Libya,West,Misratah,,Misratah,32.3754,15.0925,1,Address Libya; Al Wasat (Libya); Libya Security Monitor; New Arab,New media-Subnational,"On 8 July 2024, an unidentified armed group abducted a political activist and another person in Misratah (Misratah, West). The reason for the abduction is unknown, but one of the activist had recently had a dispute with a figure close to GNU PM. He was released on 11 July. His companion was released hours after the abduction after being beaten.",0,,1764637279
LBY11607,2024-07-11,2024,1,Political violence,Battles,Armed clash,Mohamed Bahroun Militia (Libya),,Identity militia,Awlad Saqr Clan Militia (Libya),,Identity militia,Identity militia-Identity militia,,434,Northern Africa,Libya,West,Az Zawiyah,,Az Zawiyah,32.7571,12.7276,1,Akhbar Libya; Libya Security Monitor,New media-National,"On 11 July 2024, members of the Al Isnad militia and an Awlad Saqr militia engaged in an armed clash in Az Zawiyah (Az Zawiyah, West). There were no fatalities.",0,,1759192014
LBY11603,2024-07-10,2024,1,Political violence,Battles,Armed clash,Al-Nasr Brigade (Libya),,Political militia,Mohamed Bahroun Militia (Libya),,Identity militia,Political militia-Identity militia,,434,Northern Africa,Libya,West,Az Zawiyah,,Az Zawiyah,32.7571,12.7276,1,Libya Security Monitor,New media,"On 10 July 2024, the Al Qasab militia abducted a member of the Al Isnad militia in Az Zawiyah (Az Zawiyah, West) and the Al Isnad militia then abducted a member of the Al Qasab militia in return. No further information is available.",0,,1759192014
LBY11619,2024-07-19,2024,1,Political violence,Battles,Armed clash,Sabratha Communal Militia (Libya),,Identity militia,Ajaylat Communal Militia (Libya),,Identity militia,Identity militia-Identity militia,,434,Northern Africa,Libya,West,An Nuqat al Khams,,Sabratha,32.7934,12.4885,1,Akhbar Libya,National,"On 19 July 2024, an armed group from Sabratha and another one from Ajaylat engaged for the second consecutive day in an armed clash near the border between the two towns in Sabratha (An Nuqat al Khams, West). There were no fatalities.",0,,1754958639
LBY11622,2024-07-19,2024,1,Political violence,Violence against civilians,Attack,Ghaniwa Brigade (Libya),,Political militia,Civilians (Libya),,Civilians,Political militia-Civilians,Civilian targeting,434,Northern Africa,Libya,West,Al Jabal Al Gharbi,,Gharyan,32.1722,13.0203,1,Address Libya,Subnational,"On 19 July 2024, the Ghaniwa Brigade killed a civilian, arrested his brother and set his house on fire in Gharyan (Al Jabal Al Gharbi, West). The motives are unknown. No further information is available.",1,,1759192014
LBY11629,2024-07-19,2024,1,Strategic developments,Strategic developments,Change to group/activity,Ghaniwa Brigade (Libya),,Political militia,,,,Political militia only,,434,Northern Africa,Libya,West,Al Jabal Al Gharbi,,Gharyan,32.1722,13.0203,1,Address Libya,Subnational,"Movement of forces: On 19 July 2024, a convoy of armored vehicles with medium armament from the Ghaniwa Brigade moved into Gharyan (Al Jabal Al Gharbi, West) after killing a civilian shortly before in a neighborhood of the city (coded separately).",0,,1759192014
LBY11615,2024-07-16,2024,1,Demonstrations,Protests,Peaceful protest,Protesters (Libya),,Protesters,,,,Protesters only,,434,Northern Africa,Libya,West,Al Marqab,,Tarhuna,32.435,13.6332,1,Akhbar Libya,National,"On 16 July 2024, residents held a protest in Tarhuna (Al Marqab, West) to call for the release of an MP detained in Tripoli.",0,crowd size=no report,1721691307
LBY11628,2024-07-16,2024,1,Strategic developments,Strategic developments,Change to group/activity,Mohamed Bahroun Militia (Libya),Al Silaa Brigade (Libya),Identity militia,,,,Identity militia only,,434,Northern Africa,Libya,West,An Nuqat al Khams,,Ajaylat,32.7577,12.3772,1,Akhbar Libya,National,"Movement of forces: On 16 July 2024, members of Al Isnad militia and Al Sila brigade deployed dozens of cars and armored vehicles in Ajaylat (An Nuqat al Khams, West).",0,,1759192014
LBY11625,2024-07-14,2024,1,Demonstrations,Protests,Peaceful protest,Protesters (Libya),Health Workers (Libya); Labor Group (Libya),Protesters,,,,Protesters only,,434,Northern Africa,Libya,West,Tripoli,,Tripoli - Al Farnaj,32.8513,13.2382,1,Libya24,National,"On 14 July 2024, Ministry of Health workers held a protest in front of the ministry's headquarters in Tripoli - Al Farnaj (Tripoli, West) to demand labor benefits that have been pending implementation for years. Ministry guards ran over a nurse participating in the protest.",0,crowd size=no report,1721691308
LBY11626,2024-07-13,2024,1,Demonstrations,Protests,Peaceful protest,Protesters (Libya),,Protesters,,,,Protesters only,,434,Northern Africa,Libya,West,Az Zawiyah,,Az Zawiyah,32.7571,12.7276,1,Akhbar Libya; Al Wasat (Libya); Libya Security Monitor,New media-National,"On 13 July 2024, residents blocked (means unspecified) with earthen barriers some of the main roads, including the coastal road, of Az Zawiyah (Az Zawiyah, West) to call for the release of three people kidnapped in the city two days earlier on 10 July (coded separately). The roads began to be reopened at night after the release of all the abductees.",0,crowd size=no report,1757377094
LBY11627,2024-07-13,2024,1,Demonstrations,Riots,Violent demonstration,Rioters (Libya),,Rioters,,,,Rioters only,,434,Northern Africa,Libya,West,An Nuqat al Khams,,Sabratha,32.7934,12.4885,1,Akhbar Libya,National,"On 13 July 2024, armed rioters demonstrated and blocked the coastal road in Sabratha (An Nuqat al Khams, West) with burning tires. No further information is available.",0,crowd size=no report,1754958639
LBY11618,2024-07-17,2024,1,Political violence,Battles,Armed clash,Sabratha Communal Militia (Libya),Zawiya Communal Militia (Libya),Identity militia,Ajaylat Communal Militia (Libya),,Identity militia,Identity militia-Identity militia,,434,Northern Africa,Libya,West,An Nuqat al Khams,,Sabratha,32.7934,12.4885,1,Address Libya; Akhbar Libya; Libya Security Monitor,New media-Subnational,"On 17 July 2024, an armed group from Sabratha and another one from Ajaylat engaged in an armed clash in Sabratha (An Nuqat al Khams, West) following a dispute over the administrative border of the two neighboring cities that affects several kilometers of beach front access and includes a summer resort. A Tripoli court ruled that this strip belonged to Ajaylat, contrary to an earlier ruling. Militias from Zawiyah intervened on the side of Sabratha. There were no fatalities.",0,,1754958639
LBY11623,2024-07-18,2024,1,Political violence,Violence against civilians,Attack,Mohamed Bahroun Militia (Libya),,Identity militia,Civilians (Libya),,Civilians,Identity militia-Civilians,Civilian targeting,434,Northern Africa,Libya,West,Az Zawiyah,,Al Harsha,32.7667,12.6666,1,Address Libya; Akhbar Libya; Libya Security Monitor,New media-Subnational,"On 18 July 2024, members of the Al Isnad militia shot dead a civilian near the refinery of Al Harsha (Az Zawiyah, West) for unspecified reasons. No further information is available.",1,,1759192014
LBY11634,2024-07-20,2024,1,Political violence,Battles,Armed clash,Police Forces of Libya (2021-) Government of National Unity (GNU),,State forces,Zuwarah Communal Militia (Libya),,Identity militia,State forces-Identity militia,,434,Northern Africa,Libya,West,An Nuqat al Khams,,Abu Kammash,33.0737,11.7363,1,Akhbar Libya,National,"On 20 July 2024, GNU police forces and an armed group from Zuwarah engaged in an armed clash in the area of Abu Kammash (An Nuqat al Khams, West) following an earlier clash at the Ras Ajdir border crossing (coded separately). The armed clash at Abu Kammash led to the cutting of the coastal road that goes to Ras Ajdir, but the border crossing remained operational. There were no fatalities.",0,,1759192014
LBY11635,2024-07-20,2024,1,Political violence,Battles,Armed clash,Police Forces of Libya (2021-) Government of National Unity (GNU),,State forces,Zuwarah Communal Militia (Libya),,Identity militia,State forces-Identity militia,,434,Northern Africa,Libya,West,An Nuqat al Khams,,Ras Ajdir,33.15,11.5667,1,Akhbar Libya; Libya Security Monitor,New media-National,"On 20 July 2024, GNU police forces and an armed group from Zuwarah engaged in an armed clash at one of the gates of the border crossing at Ras Ajdir (An Nuqat al Khams, West) after a vehicle from Zuwarah was stopped and its passage refused. One citizen of Zuwarah was injured, but there were no fatalities.",0,,1759192014
LBY11636,2024-07-21,2024,1,Political violence,Battles,Armed clash,Unidentified Armed Group (Libya),,Political militia,Mohamed Bahroun Militia (Libya),,Identity militia,Political militia-Identity militia,,434,Northern Africa,Libya,West,Az Zawiyah,,Az Zawiyah,32.7571,12.7276,1,Libya Security Monitor,New media,"On 21 July 2024, an unidentified armed group shot dead a member of the Al Isnad militia in Az Zawiyah (Az Zawiyah, West) who was wanted in connection with eight murders.",1,,1759192014
LBY11637,2024-07-23,2024,1,Political violence,Battles,Armed clash,Zawiya Communal Militia (Libya),,Identity militia,Zawiya Communal Militia (Libya),,Identity militia,Identity militia-Identity militia,,434,Northern Africa,Libya,West,Az Zawiyah,,Az Zawiyah,32.7571,12.7276,1,Address Libya; Akhbar Libya; Al Araby Al Jadeed; Al Wasat (Libya); Libya News Agency; Libya Observer; Libya24; Youm7,Subnational-National,"On 23 July 2024, two armed groups from Zawiyah engaged in an armed clash in Az Zawiyah (Az Zawiyah, West), which left 13 injured but no fatalities. Several families were evacuated from the area of the fighting, where a number of houses and cars were damaged.",0,,1722291498
LBY11638,2024-07-20,2024,1,Political violence,Violence against civilians,Attack,Unidentified Armed Group (Libya),,Political militia,Civilians (Libya),Health Workers (Libya),Civilians,Political militia-Civilians,Civilian targeting,434,Northern Africa,Libya,West,Tripoli,,Tajoura,32.8834,13.3525,1,Akhbar Libya,National,"On 20 July 2024, an unidentified armed group attacked a hospital in Tajoura (Tripoli, West) and forced the medical staff at the facility to treat a wounded member whose identity was not disclosed.",0,,1754410220
LBY11639,2024-07-21,2024,1,Political violence,Violence against civilians,Attack,Unidentified Armed Group (Libya),,Political militia,Civilians (Libya),,Civilians,Political militia-Civilians,Civilian targeting,434,Northern Africa,Libya,West,An Nuqat al Khams,,Ajaylat,32.7577,12.3772,1,Akhbar Libya,National,"On 21 July 2024, an unidentified armed group shot at a car in the center of Ajaylat (An Nuqat al Khams, West) and killed three people, all members of the same family, for unspecified reasons. No further information is available.",3,,1754958639
LBY11640,2024-07-22,2024,1,Political violence,Violence against civilians,Attack,Zawiya Communal Militia (Libya),,Identity militia,Civilians (Libya),,Civilians,Identity militia-Civilians,Civilian targeting,434,Northern Africa,Libya,West,Az Zawiyah,,Az Zawiyah,32.7571,12.7276,1,Akhbar Libya,National,"On 22 July 2024, an unidentified armed group (likely a Zawiya communal militia due to the location) shot dead a civilian in Az Zawiyah (Az Zawiyah, West) for unspecified reasons. No further information is available.",1,,1722291498
LBY11641,2024-07-23,2024,2,Strategic developments,Strategic developments,Change to group/activity,444th Brigade (Libya),,Political militia,,,,Political militia only,,434,Northern Africa,Libya,West,Al Jabal Al Gharbi,,Ash Shwayrif,29.9786,14.2601,3,Akhbar Libya; Libya Herald,National,"Movement of forces: Around 23 July 2024 (as reported), the 444th brigade deployed across wide areas of the desert to combat smuggling routes. Event coded in Ash Shwayrif (Al Jabal Al Gharbi, West) due to an armed clash that occurred in the area on 22 July (coded separately) involving the 444th brigade.",0,,1759192014
LBY11642,2024-07-22,2024,1,Strategic developments,Strategic developments,Change to group/activity,Rahbat al-Duru' Battalion (Libya),,Political militia,,,,Political militia only,,434,Northern Africa,Libya,West,Tripoli,,Tajoura,32.8834,13.3525,1,Akhbar Libya,National,"Movement of forces: On 22 July 2024, members of the Rahbat al-Duru' battalion deployed in Tajoura (Tripoli, West), where an armed clash occurred on 16 July (coded separately) involving the same group.",0,,1759192014
LBY11643,2024-07-22,2024,1,Strategic developments,Strategic developments,Change to group/activity,Unidentified Armed Group (Libya),,Political militia,,,,Political militia only,,434,Northern Africa,Libya,West,Al Jabal Al Gharbi,,Hamada Oil Field,29.5073,12.9704,1,Al Wasat (Libya),National,"Movement of forces: On 22 July 2024, an unidentified armed group affiliated with the GNU moved into the Hamada Oil Field (Al Jabal Al Gharbi, West) in order to protect the area ahead of an imminent start of work at the site. On 19 July, a Zintan militia had stated its opposition to the entry of other military forces or investment companies into the area.",0,,1753970978
LBY11645,2024-07-20,2024,1,Demonstrations,Protests,Peaceful protest,Protesters (Libya),,Protesters,,,,Protesters only,,434,Northern Africa,Libya,West,An Nuqat al Khams,,Abu Kammash,33.0737,11.7363,1,Libya Security Monitor,New media,"On 20 July 2024, residents of Zuwarah cut off the coastal road (means unspecified) in Abu Kammash (An Nuqat al Khams, West) after Tunisian authorities found and confiscated several kilograms of gold and silver from a vehicle coming from Libya at the nearby Ras Ajdir border crossing.",0,crowd size=no report,1722291498
LBY11646,2024-07-25,2024,1,Demonstrations,Protests,Peaceful protest,Protesters (Libya),,Protesters,,,,Protesters only,,434,Northern Africa,Libya,West,Misratah,,Misratah,32.3754,15.0925,1,Akhbar Libya,National,"On 25 July 2024, residents held a protest in front of the headquarters of the supreme judicial council of Misratah (Misratah, West) to demand accountability and prosecution of perpetrators of crimes who are part of the security services.",0,crowd size=no report,1722291498
LBY11632,2024-07-25,2024,1,Political violence,Battles,Armed clash,Stability Support Apparatus,Radaa: Special Deterrence Forces,Political militia,Unidentified Armed Group (Tunisia),,Political militia,Political militia-Political militia,,434,Northern Africa,Libya,West,Nalut,,Nalut,31.8685,10.9812,2,Address Libya; Libya Security Monitor,New media-Subnational,"On 25 July 2024, the Stability Support Apparatus, backed by the Special Deterrence Forces, engaged in an armed clash with an unidentified armed group member from Tunisia in the area of Nalut (Nalut, West). The latter was killed, and a second member of the group was arrested after turning himself in to the police and informing them that his companion had weapons and explosives. The clash broke out as the police tried to arrest him. The activity of the group is unknown.",1,,1759192014
LBY11633,2024-07-22,2024,1,Political violence,Battles,Armed clash,444th Brigade (Libya),,Political militia,128th Battalion (Libya),Military Forces of Libya (2014-) Libyan National Army (LNA),Political militia,Political militia-Political militia,,434,Northern Africa,Libya,West,Al Jabal Al Gharbi,,Ash Shwayrif,29.9786,14.2601,1,Akhbar Libya; Libya Security Monitor,New media-National,"On 22 July 2024, the 444th Brigade and the LNA-affiliated 128th Battalion engaged in an armed clash in Ash Shwayrif (Al Jabal Al Gharbi, West) following a dispute over a smuggling route. There were no fatalities.",0,,1759192014
LBY11647,2024-08-02,2024,1,Political violence,Battles,Armed clash,444th Brigade (Libya),,Political militia,Ghaniwa Brigade (Libya),,Political militia,Political militia-Political militia,,434,Northern Africa,Libya,West,Al Jabal Al Gharbi,,Gharyan,32.1722,13.0203,1,Address Libya; Akhbar Libya,Subnational-National,"On 2 August 2024, members of the 444th Brigade and the Ghaniwa Brigade engaged in an armed clash south of Gharyan (Al Jabal Al Gharbi, West). No further information is available. There were no fatalities.",0,,1759192014
LBY11648,2024-07-29,2024,1,Political violence,Battles,Armed clash,Police Forces of Libya (2021-) Government of National Unity (GNU),,State forces,Zuwarah Communal Militia (Libya),,Identity militia,State forces-Identity militia,,434,Northern Africa,Libya,West,An Nuqat al Khams,,Ras Ajdir,33.15,11.5667,1,Akhbar Libya; Libya24,National,"On 29 July 2024, police forces of the GNU Ministry of Interior and an armed group from Zuwarah engaged in an armed clash at the border crossing at Ras Ajdir (An Nuqat al Khams, West). There were no fatalities. No further information is available.",0,,1759192014
LBY11649,2024-07-07,2024,3,Strategic developments,Strategic developments,Arrests,Police Forces of Libya (2022-) Government of National Stability (GNS),,State forces,Civilians (International),Migrants (International),Civilians,State forces-Civilians,,434,Northern Africa,Libya,East,Benghazi,,Benghazi,32.1177,20.1293,1,Akhbar Libya; Al Wasat (Libya); Libya News Agency,National,"Around 7 July 2024 (between 23 June - 23 July), police forces in eastern Libya arrested more than 2,000 irregular migrants in Benghazi (Benghazi, East). The anti-illegal immigration agency stated that they have started the procedure to deport them to their countries.",0,,1759181266
LBY11650,2024-07-30,2024,1,Strategic developments,Strategic developments,Change to group/activity,Military Forces of Libya (2021-) Government of National Unity (GNU) - Border Guards,,State forces,444th Brigade (Libya),,Political militia,State forces-Political militia,,434,Northern Africa,Libya,West,Al Jabal Al Gharbi,,Al Qaryat,30.3844,13.5843,1,Address Libya; Akhbar Libya,Subnational-National,"Movement of forces: On 30 July 2024, the Border Guards battalion declared a general mobilization, called up its forces at Ghadamis airport and moved towards Al Qaryat (Al Jabal Al Gharbi, West) to block a possible advance of forces affiliated with the 444th Brigade towards Ghadamis.",0,,1759181266
LBY11651,2024-07-25,2024,1,Strategic developments,Strategic developments,Change to group/activity,Military Forces of Libya (2014-) Libyan National Army (LNA),,State forces,,,,State forces only,,434,Northern Africa,Libya,West,Al Jabal Al Gharbi,,Ash Shwayrif,29.9786,14.2601,1,Libya Security Monitor,New media,"Movement of forces: On 25 July 2024, an unidentified armed group affiliated with Haftar's LNA deployed to Ash Shwayrif (Al Jabal Al Gharbi, West). The move came three days after the LNA-affiliated 128th Battalion and the GNU-affiliated 444th Brigade engaged in an armed clash in the city (coded separately).",0,,1759192014
LBY11652,2024-07-27,2024,1,Strategic developments,Strategic developments,Change to group/activity,Osama Al Juwaili Brigade (Libya),,Political militia,,,,Political militia only,,434,Northern Africa,Libya,West,Al Jabal Al Gharbi,,Mizdah,31.4451,12.9801,2,Libya Security Monitor,New media,"Movement of forces: On 27 July 2024, forces belonging to the Osama Al Juwaili brigade, close to Haftar, deployed on the road linking Ash Shwayrif to Mizdah (Al Jabal Al Gharbi, West) and set up checkpoints. The move aimed to prevent the return to the area of the 444th Brigade, which on 22 July engaged in an armed clash with the LNA-affiliated 128th Battalion in Ash Shwayrif (coded separately).",0,,1722903301
LBY11653,2024-07-29,2024,2,Strategic developments,Strategic developments,Change to group/activity,Osama Al Juwaili Brigade (Libya),,Political militia,,,,Political militia only,,434,Northern Africa,Libya,West,Al Jabal Al Gharbi,,Gharyan,32.1722,13.0203,3,Libya Security Monitor,New media,"Movement of forces: Around 29 July 2024 (from 28 - 29 July), forces belonging to the Osama Al Juwaili brigade, close to Haftar, deployed in the region of Al Jabal Al Gharbi and reached a strength of between 200 and 250 troops. Event coded in the regional capital Gharyan (Al Jabal Al Gharbi, West).",0,,1722903301
LBY11654,2024-07-29,2024,1,Strategic developments,Strategic developments,Change to group/activity,Zawiya Communal Militia (Libya),,Identity militia,,,,Identity militia only,,434,Northern Africa,Libya,West,An Nuqat al Khams,,Ras Ajdir,33.15,11.5667,1,Akhbar Libya,National,"Movement of forces: On 29 July 2024, a militia from Zawiya moved towards the border crossing at Ras Ajdir (An Nuqat al Khams, West) following an armed clash at the site between police forces and an armed group from Zuwarah (coded separately).",0,,1722903301
LBY11655,2024-06-13,2024,1,Strategic developments,Strategic developments,Other,Unidentified Armed Group (Libya),,Political militia,Civilians (International),Labor Group (Libya); Migrants (International),Civilians,Political militia-Civilians,,434,Northern Africa,Libya,West,Tripoli,,Tripoli - Ayn Zarah,32.8133,13.2697,1,RT,International,"Explosive remnants of war: On 13 June 2024, a landmine identified as a remnant of war exploded and injured two migrant workers in Tripoli - Ayn Zarah (Tripoli, West).",0,,1753970978
LBY11656,2024-07-30,2024,1,Demonstrations,Protests,Peaceful protest,Protesters (Libya),Labor Group (Libya),Protesters,,,,Protesters only,,434,Northern Africa,Libya,West,Misratah,,Misratah,32.3754,15.0925,1,Akhbar Libya; Ean Libya Limited; Libya24,National,"On 30 July 2024, workers of the local electric utility company held a protest in Misratah (Misratah, West) to denounce the management of the current board of directors, the shortage of resources at their disposal, and the lack of overtime payments, which they claimed are causing the electricity crisis that the city is experiencing. The protesters called for the intervention of the GNU, the dismissal of the board of directors, and their referral to investigation.",0,crowd size=no report,1722903301
LBY11657,2024-07-29,2024,2,Demonstrations,Protests,Peaceful protest,Protesters (Libya),,Protesters,,,,Protesters only,,434,Northern Africa,Libya,West,Al Jafarah,,Janzur,32.8187,13.0173,1,Address Libya; Akhbar Libya; Libya24,Subnational-National,"Around 29 July 2024 (as reported), residents held a protest in Janzur (Al Jafarah, West) to express their rejection of the decision of the GNU Prime Minister to allocate to the US embassy a 20,000 square meter plot of land in a coastal area of the town.",0,crowd size=no report,1722903301
LBY11658,2024-08-04,2024,1,Demonstrations,Protests,Peaceful protest,Protesters (Libya),,Protesters,,,,Protesters only,,434,Northern Africa,Libya,West,Al Marqab,,Tarhuna,32.435,13.6332,1,Akhbar Libya,National,"On 4 August 2024, residents held a protest in Tarhuna (Al Marqab, West) to call for the release of a member of the House of Representatives from the city who was arrested in February in Tripoli and has remained in prison since then. The protesters also denounced the arrest of the MP's brother and cousin, and held the GNU and the military prosecution responsible for their situation.",0,crowd size=no report,1723505935
LBY11659,2024-08-09,2024,1,Political violence,Battles,Armed clash,Martyr Sabria Brigade (Libya),,Identity militia,Rahbat al-Duru' Battalion (Libya),,Political militia,Political militia-Identity militia,,434,Northern Africa,Libya,West,Tripoli,,Tajoura,32.8834,13.3525,1,Address Libya; Akhbar Libya,Subnational-National,"On 9 August 2024, an armed group, likely the Martyr Sabria brigade due to the location and an armed clash occurred later, attacked the commander of the Rahbat al-Duru' battalion in Tajoura (Tripoli, West). He survived.",0,,1759192014
LBY11661,2024-04-11,2024,1,Political violence,Battles,Armed clash,Surman Communal Militia (Libya),,Identity militia,Surman Communal Militia (Libya),,Identity militia,Identity militia-Identity militia,,434,Northern Africa,Libya,West,Az Zawiyah,,Surman,32.7567,12.5716,1,Akhbar Libya,National,"On 11 April 2024, two local communal militias engaged in an armed clash in the center of Surman (Az Zawiyah, West). There were no fatalities. No further information is available.",0,,1723505935
LBY11665,2024-08-09,2024,1,Political violence,Violence against civilians,Attack,Unidentified Armed Group (Libya),,Political militia,Civilians (Libya),,Civilians,Political militia-Civilians,Civilian targeting,434,Northern Africa,Libya,West,Al Jafarah,,Qasr Bin Ghashir,32.6878,13.1739,1,Akhbar Libya,National,"On 9 August 2024, an unidentified armed group shot dead a civilian in Qasr Bin Ghashir (Al Jafarah, West). A second civilian, son of the deceased, was wounded. The reasons are unknown. No further information is available.",1,,1754410220
LBY11666,2024-08-03,2024,2,Political violence,Violence against civilians,Attack,Zawiya Communal Militia (Libya),,Identity militia,Civilians (Libya),,Civilians,Identity militia-Civilians,Civilian targeting,434,Northern Africa,Libya,West,Az Zawiyah,,Az Zawiyah,32.7571,12.7276,1,Akhbar Libya,National,"Around 3 August 2024 (as reported), an armed group, likely a Zawiya communal militia due to the location, shot dead a civilian in Az Zawiyah (Az Zawiyah, West) for unspecified reasons. No further information is available.",1,,1723505935
LBY11667,2024-08-06,2024,1,Strategic developments,Strategic developments,Change to group/activity,Military Forces of Libya (2014-) Libyan National Army (LNA),,State forces,,,,State forces only,,434,Northern Africa,Libya,South,Sabha,,Sabha,27.0377,14.4283,1,Address Libya; Akhbar Libya; Al Araby Al Jadeed; Al Wasat (Libya); Jamahiriya News Agency; Libya24,National-International,"Movement of forces: On 6 August 2024, military forces belonging to Haftar's faction moved into southwestern Libya, including the historical capital of the region, Sabha (Sabha, South), with the stated intention of bolstering their forces in the area, already under their control, and improve border security. The other locations where they were deployed included Ghat, Murzuq, Qatrun, Adre, Brak and Ubari.",0,,1759192014
LBY11668,2024-08-06,2024,1,Strategic developments,Strategic developments,Change to group/activity,Military Forces of Libya (2014-) Libyan National Army (LNA),,State forces,,,,State forces only,,434,Northern Africa,Libya,South,Ghat,,Ghat,24.9647,10.1728,1,Address Libya; Akhbar Libya; Al Araby Al Jadeed; Al Wasat (Libya); Jamahiriya News Agency; Libya24,National-International,"Movement of forces: On 6 August 2024, military forces belonging to Haftar's faction moved into southwestern Libya, including the historical capital of the region, Ghat (Ghat, South), with the stated intention of bolstering their forces in the area, already under their control, and improve border security. The other locations where they were deployed included Sabha, Murzuq, Qatrun, Adre, Brak and Ubari.",0,,1759192014
LBY11669,2024-08-06,2024,1,Strategic developments,Strategic developments,Change to group/activity,Military Forces of Libya (2014-) Libyan National Army (LNA),,State forces,,,,State forces only,,434,Northern Africa,Libya,South,Murzuq,,Murzuq,25.9155,13.9184,1,Address Libya; Akhbar Libya; Al Araby Al Jadeed; Al Wasat (Libya); Jamahiriya News Agency; Libya24,National-International,"Movement of forces: On 6 August 2024, military forces belonging to Haftar's faction moved into southwestern Libya, including the historical capital of the region, Murzuq (Murzuq, South), with the stated intention of bolstering their forces in the area, already under their control, and improve border security. The other locations where they were deployed included Ghat, Sabha, Qatrun, Adre, Brak and Ubari.",0,,1759192014
LBY11670,2024-08-06,2024,1,Strategic developments,Strategic developments,Change to group/activity,Military Forces of Libya (2014-) Libyan National Army (LNA),,State forces,,,,State forces only,,434,Northern Africa,Libya,South,Murzuq,,Qatrun,24.9514,14.6486,1,Address Libya; Akhbar Libya; Al Araby Al Jadeed; Al Wasat (Libya); Jamahiriya News Agency; Libya24,National-International,"Movement of forces: On 6 August 2024, military forces belonging to Haftar's faction moved into southwestern Libya, including the historical capital of the region, Qatrun (Murzuq, South), with the stated intention of bolstering their forces in the area, already under their control, and improve border security. The other locations where they were deployed included Ghat, Murzuq, Sabha, Adre, Brak and Ubari.",0,,1759192014
LBY11671,2024-08-06,2024,1,Strategic developments,Strategic developments,Change to group/activity,Military Forces of Libya (2014-) Libyan National Army (LNA),,State forces,,,,State forces only,,434,Northern Africa,Libya,South,Wadi ash Shati,,Adre,27.4467,13.0503,1,Address Libya; Akhbar Libya; Al Araby Al Jadeed; Al Wasat (Libya); Jamahiriya News Agency; Libya24,National-International,"Movement of forces: On 6 August 2024, military forces belonging to Haftar's faction moved into southwestern Libya, including the historical capital of the region, Adre (Wadi ash Shati, South), with the stated intention of bolstering their forces in the area, already under their control, and improve border security. The other locations where they were deployed included Ghat, Murzuq, Qatrun, Sabha, Brak and Ubari.",0,,1759192014
LBY11672,2024-08-06,2024,1,Strategic developments,Strategic developments,Change to group/activity,Military Forces of Libya (2014-) Libyan National Army (LNA),,State forces,,,,State forces only,,434,Northern Africa,Libya,South,Wadi ash Shati,,Brak,27.5496,14.2714,1,Address Libya; Akhbar Libya; Al Araby Al Jadeed; Al Wasat (Libya); Jamahiriya News Agency; Libya24,National-International,"Movement of forces: On 6 August 2024, military forces belonging to Haftar's faction moved into southwestern Libya, including the historical capital of the region, Brak (Wadi ash Shati, South), with the stated intention of bolstering their forces in the area, already under their control, and improve border security. The other locations where they were deployed included Ghat, Murzuq, Qatrun, Adre, Sabha and Ubari.",0,,1759192014
LBY11673,2024-08-06,2024,1,Strategic developments,Strategic developments,Change to group/activity,Military Forces of Libya (2014-) Libyan National Army (LNA),,State forces,,,,State forces only,,434,Northern Africa,Libya,South,Wadi al Hayat,,Ubari,26.5921,12.7805,1,Address Libya; Akhbar Libya; Al Araby Al Jadeed; Al Wasat (Libya); Jamahiriya News Agency; Libya24,National-International,"Movement of forces: On 6 August 2024, military forces belonging to Haftar's faction moved into southwestern Libya, including the historical capital of the region, Ubari (Wadi al Hayat, South), with the stated intention of bolstering their forces in the area, already under their control, and improve border security. The other locations where they were deployed included Ghat, Murzuq, Qatrun, Adre, Brak and Sabha.",0,,1759192014
LBY11675,2024-08-09,2024,1,Strategic developments,Strategic developments,Change to group/activity,Misrata Joint Security Room (Libya),,Political militia,,,,Political militia only,,434,Northern Africa,Libya,West,Tripoli,,Tajoura,32.8834,13.3525,1,Akhbar Libya,National,"Movement of forces: On 9 August 2024, a convoy of the Misrata Joint Forces moved towards Tajoura (Tripoli, West) with the aim of retaking control of a camp belonging to the local Martyr Sabria brigade that the Rahbat al-Duru' battalion had seized shortly before on the same day (coded separately).",0,,1723505935
LBY11679,2024-08-08,2024,1,Strategic developments,Strategic developments,Change to group/activity,Zuwarah Communal Militia (Libya),,Identity militia,,,,Identity militia only,,434,Northern Africa,Libya,West,An Nuqat al Khams,,Abu Kammash,33.0737,11.7363,1,Address Libya; Akhbar Libya,Subnational-National,"Movement of forces: On 8 August 2024, an armed group, likely a Zuwarah communal militia due to location and previous activity in the area, deployed on the coastal road of Abu Kammash (An Nuqat al Khams, West), which connects to the Ras Ajdir border crossing with Tunisia.",0,,1723505935
LBY11676,2024-08-09,2024,1,Strategic developments,Strategic developments,Change to group/activity,Stability Support Apparatus,,Political militia,,,,Political militia only,,434,Northern Africa,Libya,West,Tripoli,,Tripoli - Tripoli Airport Road,32.7549,13.1427,1,Akhbar Libya,National,"Movement of forces: On 9 August 2024, forces from the Stability Support Apparatus deployed to parts of Tripoli - Tripoli Airport Road (Tripoli, West), amid a build-up of forces from different armed groups in the south and east of Tripoli.",0,,1759192014
LBY11680,2024-08-09,2024,1,Political violence,Battles,Non-state actor overtakes territory,Rahbat al-Duru' Battalion (Libya),,Political militia,Martyr Sabria Brigade (Libya),Misrata Joint Security Room (Libya),Identity militia,Political militia-Identity militia,,434,Northern Africa,Libya,West,Tripoli,,Tajoura,32.8834,13.3525,1,Address Libya; Akhbar Libya; Al Wasat (Libya); Libya Herald; Libya Security Monitor; Libya24,New media-Subnational,"On 9 August 2024, the Rahbat al-Duru' battalion took control of a camp belonging to the Martyr Sabria brigade in Tajoura (Tripoli, West) following an armed clash. Rahbat al-Duru' also attacked a camp belonging to the Misrata Joint Force located in the same place. Nine people, including an unknown number of civilians, were killed, and 16 others were wounded. The clash occurred shortly after an assassination attempt against the commander of the Rahbat al-Duru' battalion (coded separately). The next day, 10 August, Rahbat al-Duru' withdrew from the Martyr Sabria brigade camp after reaching an agreement.",9,,1759192014
LBY11495,2024-04-23,2024,1,Political violence,Violence against civilians,Abduction/forced disappearance,Unidentified Armed Group (Libya),,Political militia,Civilians (Libya),,Civilians,Political militia-Civilians,Civilian targeting,434,Northern Africa,Libya,West,An Nuqat al Khams,,Zaltan,32.947,11.8665,1,Al Wasat (Libya),National,"On 23 April 2024, an unidentified armed group abducted the mayor of Zaltan in the center of Zaltan (An Nuqat al Khams, West). His family announced his return later on the same day. The reasons for the abduction are unknown.",0,local administrators,1754410220
LBY11683,2024-08-10,2024,1,Strategic developments,Strategic developments,Change to group/activity,111th Brigade (Libya),,Political militia,,,,Political militia only,,434,Northern Africa,Libya,West,Tripoli,,Tajoura,32.8834,13.3525,1,Akhbar Libya; Libya Security Monitor,New media-National,"Movement of forces: On 10 August 2024, the 111th Brigade deployed as a neutral party to Tajoura (Tripoli, West) following an agreement to stop recent armed clashes between different local forces in the area (coded separately).",0,,1724113695
LBY11684,2024-08-10,2024,1,Strategic developments,Strategic developments,Change to group/activity,444th Brigade (Libya),,Political militia,,,,Political militia only,,434,Northern Africa,Libya,West,Al Jafarah,,Wadi al-Rabi,32.7236,13.2553,1,Akhbar Libya,National,"Movement of forces: On 10 August 2024, forces from the 444th brigade deployed to Wadi al-Rabi (Al Jafarah, West), amid a build-up of forces from different armed groups in the south and east of Tripoli.",0,,1759192014
LBY11686,2024-08-14,2024,1,Strategic developments,Strategic developments,Change to group/activity,Military Forces of Turkey (2016-),,External/Other forces,,,,External/Other forces only,,434,Northern Africa,Libya,West,An Nuqat al Khams,,Al Watiyah,32.4764,11.7679,1,ItaMilRadar,New media,"Movement of forces: On 14 August 2024, an airbus belonging to the Turkish Air Force flew to the airbase in Al Watiyah (An Nuqat al Khams, West) from Turkey via the Balkan route.",0,,1753954689
LBY11687,2024-08-10,2024,1,Political violence,Battles,Armed clash,Misrata Joint Security Room (Libya),,Political militia,Rahbat al-Duru' Battalion (Libya),,Political militia,Political militia-Political militia,,434,Northern Africa,Libya,West,Al Marqab,,Al Quwayah,32.7871,13.6318,1,Akhbar Libya,National,"On 10 August 2024, two unidentified armed groups, likely the Misrata Joint Force and the Rahbat al-Duru' battalion due to other nearby clashes on the same day, engaged in an armed clash in Al Quwayah (Al Marqab, West). There were no fatalities.",0,,1759192014
LBY11688,2024-08-10,2024,1,Political violence,Battles,Armed clash,Misrata Joint Security Room (Libya),,Political militia,Rahbat al-Duru' Battalion (Libya),,Political militia,Political militia-Political militia,,434,Northern Africa,Libya,West,Al Marqab,,Qasr al Qarabulli,32.7427,13.7128,1,Akhbar Libya; Libya Security Monitor,New media-National,"On 10 August 2024, the Misrata Joint Force attacked and momentarily took control of the Rahbat al-Duru' battalion headquarters in Qasr al Qarabulli (Al Marqab, West). There were no fatalities. Later in the same day, the Misrata Joint Force withdrew from Qasr al Qarabulli following an agreement with Rahbat al-Duru'.",0,,1759192014
LBY11691,2024-08-11,2024,1,Demonstrations,Protests,Peaceful protest,Protesters (Libya),,Protesters,,,,Protesters only,,434,Northern Africa,Libya,West,Tripoli,,Tripoli - Souq Al Jumaa,32.88,13.2323,1,Akhbar Libya,National,"On 11 August 2024, residents held a protest in Tripoli - Souq Al Jumaa (Tripoli, West) in rejection of recent movements of forces and military build-up in Tripoli.",0,crowd size=no report,1724113695
LBY11692,2024-08-10,2024,1,Political violence,Battles,Armed clash,Rahbat al-Duru' Battalion (Libya),,Political militia,Martyr Sabria Brigade (Libya),,Identity militia,Political militia-Identity militia,,434,Northern Africa,Libya,West,Tripoli,,Tajoura,32.8834,13.3525,1,Address Libya; Akhbar Libya; Al Marsad; Libya Security Monitor,New media-Subnational,"On 10 August 2024, the Rahbat al-Duru' battalion and the Martyr Sabria brigade engaged in an armed clash in Tajoura (Tripoli, West) for the second consecutive day (first one coded separately). There were no fatalities.",0,,1759192014
LBY11693,2024-08-13,2024,1,Demonstrations,Riots,Violent demonstration,Rioters (Libya),,Rioters,,,,Rioters only,,434,Northern Africa,Libya,West,An Nuqat al Khams,,Zuwarah,32.9312,12.082,1,Akhbar Libya; Al Wasat (Libya),National,"On 13 August 2024, residents blocked the coastal road west of Zuwarah (An Nuqat al Khams, West) with burning tires and earth mounds over power outages in the area.",0,crowd size=no report,1724113695
LBY11697,2024-08-13,2024,1,Strategic developments,Strategic developments,Change to group/activity,Unidentified Armed Group (Libya),,Political militia,,,,Political militia only,,434,Northern Africa,Libya,West,Al Jafarah,,Al Aziziyah,32.5319,13.0175,1,Akhbar Libya; Libya24,National,"Movement of forces: On 13 August 2024, an unidentified armed group deployed in Al Aziziyah (Al Jafarah, West), amid a build-up of forces from different armed groups in the south and east of Tripoli.",0,,1753970978
LBY11699,2024-08-12,2024,1,Strategic developments,Strategic developments,Change to group/activity,Zintan Ethnic Militia (Libya),,Identity militia,,,,Identity militia only,,434,Northern Africa,Libya,West,Al Jabal Al Gharbi,,Al Qaryat,30.3844,13.5843,1,Address Libya; Akhbar Libya; Libya Security Monitor,New media-Subnational,"Movement of forces: On 12 August 2024, a Zintan militia deployed about 100 troops and 25 vehicles in Al Qaryat (Al Jabal Al Gharbi, West).",0,,1724113695
LBY11700,2024-08-13,2024,1,Strategic developments,Strategic developments,Change to group/activity,Zuwarah Communal Militia (Libya),,Identity militia,,,,Identity militia only,,434,Northern Africa,Libya,West,An Nuqat al Khams,,Abu Kammash,33.0737,11.7363,1,Akhbar Libya,National,"Movement of forces: On 13 August 2024, a Zuwarah communal militia deployed in Abu Kammash (An Nuqat al Khams, West), which connects with the Ras Ajdir border crossing with Tunisia, in order to prevent the arrival of military forces from outside the region.",0,,1724113695
LBY11702,2024-08-19,2024,1,Political violence,Violence against civilians,Abduction/forced disappearance,Police Forces of Libya (2022-) Government of National Stability (GNS) - Internal Security Agency,,State forces,Civilians (Libya),,Civilians,State forces-Civilians,Civilian targeting,434,Northern Africa,Libya,South,Ghat,,Ghat,24.9647,10.1728,1,Akhbar Libya,National,"On 19 August 2024, a squad affiliated with the Internal Security of Sabha kidnapped the Ghat Security Director in Ghat (Ghat, South).",0,,1759181266
LBY11704,2024-08-20,2024,1,Strategic developments,Strategic developments,Other,Unidentified Armed Group (Libya),,Political militia,Civilians (Libya),,Civilians,Political militia-Civilians,,434,Northern Africa,Libya,West,Misratah,,Bani Walid,31.7566,13.9942,1,Al Wasat (Libya),National,"Explosive remnants of war: On 20 August 2024, a shell left by unidentified armed group exploded in Bani Walid (Misratah, West) and injured a child.",0,,1753970978
LBY11705,2024-08-22,2024,1,Demonstrations,Protests,Peaceful protest,Protesters (Libya),,Protesters,,,,Protesters only,,434,Northern Africa,Libya,West,An Nuqat al Khams,,Ras Ajdir,33.15,11.5667,2,Al Chourouk,Regional,"On 22 August 2024, Libyan residents blocked the road (means unknown) near Ras Ajdir (An Nuqat al Khams, West), to protest against the lack of resumption of commercial exchanges between Libya and Tunisia through the crossing.",0,crowd size=no report,1724714160
LBY11711,2024-08-29,2024,1,Political violence,Battles,Armed clash,Sabratha Communal Militia (Libya),,Identity militia,Sabratha Communal Militia (Libya),,Identity militia,Identity militia-Identity militia,,434,Northern Africa,Libya,West,An Nuqat al Khams,,Sabratha,32.7934,12.4885,1,Al Wasat (Libya),National,"On 29 August 2024, two groups of Sabratha Communal militias clashed in front of the Sabratha Police Station in Sabratha (An Nuqat al Khams, West). The motive is unknown. Libyan Police Forces intevened (interaction not coded) and captured two suspected members of the armed group.",0,,1754958639
LBY11710,2024-08-27,2024,1,Political violence; Demonstrations,Protests,Excessive force against protesters,Protesters (Libya),,Protesters,Military Forces of Libya (2021-) Government of National Unity (GNU),,State forces,State forces-Protesters,Civilian targeting,434,Northern Africa,Libya,West,An Nuqat al Khams,,Ras Ajdir,33.15,11.5667,1,Akhbar Libya; As Sabah,National-Regional,"On 27 August 2024, residents staged a sit-in in the Boukmash area in Ras Ajdir (An Nuqat al Khams, West) to denounce the closure of the border crossing. Libyan military forces fired live bullets to disperse the crowds and injured an unknown number of protesters. The military forces also destroyed police station surveillance cameras and seized cars belonging to protesters. Extent of injuries unknown/not reported.",0,crowd size=no report,1759192014
LBY11709,2024-08-26,2024,1,Strategic developments,Strategic developments,Change to group/activity,Unidentified Clan Militia (Libya),,Identity militia,,,,Identity militia only,,434,Northern Africa,Libya,West,An Nuqat al Khams,,Ras Ajdir,33.15,11.5667,1,LSM,International,"Movement of forces: On 26 August 2024, militias affiliated to Othman el Lahad mobilized their troops close to Ras Ajdir (An Nuqat al Khams, West).",0,,1725317857
LBY11717,2024-08-24,2024,1,Demonstrations,Protests,Peaceful protest,Protesters (Libya),,Protesters,,,,Protesters only,,434,Northern Africa,Libya,West,An Nuqat al Khams,,Zuwarah,32.9312,12.082,1,LSM,International,"On 24 August 2024, Zuwara residents organized a sit-in in Zuwarah (An Nuqat al Khams, West) and protested the non implementation of promises by MPs, including the promise to address the electricity problem, the repair of the desalination plant, the completion of Zuwara General Hospital and the withdrawal of armed formations after the opening of the border crossing.",0,crowd size=no report,1725317857
LBY11708,2024-08-22,2024,1,Strategic developments,Strategic developments,Disrupted weapons use,128th Battalion (Libya),,Political militia,Unidentified Armed Group (Chad),,Political militia,Political militia-Political militia,,434,Northern Africa,Libya,East,Al Kufrah,,Kalinga,23.2667,20.0333,2,LSM,International,"Weapons seizure: On 22 August 2024, Forces 77 of the 128th Brigade stopped and seized a shipment of weapons in unspecified location in the Kalinga Mountain, Kalinga (Al Kufrah, East), including 30 machine guns and RPGs and arrested Chadis smugglers.",0,,1764045636
LBY11707,2024-08-19,2024,1,Political violence,Battles,Armed clash,Unidentified Armed Group (Libya),,Political militia,128th Battalion (Libya),,Political militia,Political militia-Political militia,,434,Northern Africa,Libya,East,Al Kufrah,,Kalinga,23.2667,20.0333,1,LSM,International,"On 19 August 2024, an unidentified armed group clashed with the 128th Brigade near the Chadian-Libyan border in Kalinga (Al Kufrah, East), and killed 4 members of the Brigade.",4,,1764045636
LBY11718,2024-08-31,2024,1,Political violence,Battles,Armed clash,Police Forces of Libya (2021-) Government of National Unity (GNU),,State forces,Unidentified Armed Group (Libya),,Political militia,State forces-Political militia,,434,Northern Africa,Libya,West,Misratah,,Tawurgha,32.0146,15.1125,2,Akhbar Libya,National,"On 31 August 2024, a Misratah police unit and an unidentified armed group engaged in an armed clash on the road connecting Misratah to Tawurgha (Misratah, West). The reasons for the clash, which halted traffic on the road, are unknown. There were no fatalities.",0,,1764045636
LBY11719,2024-09-01,2024,1,Political violence,Violence against civilians,Attack,Mohamed Bahroun Militia (Libya),,Identity militia,Civilians (Libya),Military Forces of Libya (2021-) Government of National Unity (GNU),Civilians,Identity militia-Civilians,Civilian targeting,434,Northern Africa,Libya,West,Al Jafarah,,Janzur,32.8187,13.0173,1,Address Libya; Akhbar Libya; Al Araby Al Jadeed; Al Wasat (Libya); Ean Libya Limited; Libya News Agency; Libya Observer; Libya Security Monitor; Libya24,New media-Subnational,"On 1 September 2024, an unidentified armed group (likely the Al Isnad militia due to later legal actions) shot dead a high-ranking officer of the Libyan coast guard sanctioned by the UN for human smuggling in Janzur (Al Jafarah, West) . He hailed from Az Zawiyah, was a member of the Awlad Abu Hmeira tribe, and also headed the Libyan naval academy. The Prosecutor's Office later announced that it had identified the perpetrators of the attack and ordered the arrest of three suspects, all linked to the Al Isnad militia. One of them voluntarily turned himself in to the Prosecutor's Office.",1,,1759192014
LBY11720,2024-09-01,2024,1,Strategic developments,Strategic developments,Change to group/activity,Zawiya Communal Militia (Libya),,Identity militia,,,,Identity militia only,,434,Northern Africa,Libya,West,Az Zawiyah,,Az Zawiyah,32.7571,12.7276,1,Akhbar Libya; Libya Observer; Libya Security Monitor; Libya24,New media-National,"Movement of forces: On 1 September 2024, local militias mobilized military vehicles equipped with heavy weaponry in Az Zawiyah (Az Zawiyah, West) following the killing of a high-ranking officer of the Libyan coast guard who hailed from the city and was sanctioned by the UN for human smuggling (coded separately).",0,,1725924063
LBY11721,2024-09-01,2024,1,Demonstrations,Protests,Peaceful protest,Protesters (Libya),,Protesters,,,,Protesters only,,434,Northern Africa,Libya,West,Az Zawiyah,,Az Zawiyah,32.7571,12.7276,1,Libya Observer,National,"On 1 September 2024, residents held a protest in Az Zawiyah (Az Zawiyah, West) over the killing of a high-ranking officer of the Libyan coast guard who hailed from the city and was sanctioned by the UN for human smuggling (coded separately).",0,crowd size=no report,1725924063
LBY11723,2024-09-04,2024,1,Political violence,Violence against civilians,Attack,Zawiya Communal Militia (Libya),,Identity militia,Civilians (Libya),,Civilians,Identity militia-Civilians,Civilian targeting,434,Northern Africa,Libya,West,Az Zawiyah,,Az Zawiyah,32.7571,12.7276,1,Akhbar Libya,National,"On 4 September 2024, a local communal militia shot dead a civilian in front of his house in Az Zawiyah (Az Zawiyah, West). No further information is available.",1,,1725924063
LBY11724,2024-09-04,2024,1,Strategic developments,Strategic developments,Looting/property destruction,Zawiya Communal Militia (Libya),,Identity militia,Mohamed Bahroun Militia (Libya),,Identity militia,Identity militia-Identity militia,,434,Northern Africa,Libya,West,Az Zawiyah,,Az Zawiyah,32.7571,12.7276,1,Akhbar Libya; Libya24,National,"Property destruction: On 4 September 2024, a local communal militia attacked (means unspecified) the headquarters of the Al Isnad militia in Az Zawiyah (Az Zawiyah, West). Three cars were burned, but there were no casualties. The motive for the attack is unknown, although it took place three days after the killing, attributed to Al Isnad members, of a human smuggler and high-ranking officer of the Libyan coast guard who hailed from the city (coded separately).",0,,1759192014
LBY11725,2024-09-05,2024,1,Demonstrations,Protests,Peaceful protest,Protesters (Libya),,Protesters,,,,Protesters only,,434,Northern Africa,Libya,West,Az Zawiyah,,Az Zawiyah,32.7571,12.7276,1,Address Libya,Subnational,"On 5 September 2024, residents held a protest in Az Zawiyah (Az Zawiyah, West) over the deteriorating security situation in the area and to call for the arrest of the leader of the Al Isnad militia, which was accused of being behind the killing of a human smuggler and high-ranking officer of the Libyan coast guard who hailed from the city (coded separately). They also called on the GNU to dissolve the Anti-Security Threat Agency, of which the Al Isnad leader is deputy head.",0,crowd size=no report,1725924063
LBY11726,2024-09-05,2024,1,Demonstrations,Riots,Violent demonstration,Rioters (Libya),,Rioters,,,,Rioters only,,434,Northern Africa,Libya,West,Az Zawiyah,,Az Zawiyah,32.7571,12.7276,1,Address Libya,Subnational,"On 5 September 2024, residents barricaded, with burning tires, a road in Az Zawiyah (Az Zawiyah, West) to call on the GNU to dissolve the Anti-Security Threat Agency, whose deputy chief is the leader of the Al Isnad militia, accused of being behind the killing of a human smuggler and high-ranking officer of the Libyan coast guard who hailed from the city (coded separately).",0,crowd size=no report,1725924063
LBY11728,2024-09-06,2024,1,Political violence,Battles,Armed clash,Mohamed Bahroun Militia (Libya),,Identity militia,Kabouat Militia (Libya),,Identity militia,Identity militia-Identity militia,,434,Northern Africa,Libya,West,Az Zawiyah,,Az Zawiyah,32.7571,12.7276,1,Akhbar Libya,National,"On 6 September 2024, the Al Isnad and Kabouat militias engaged in an armed clash in Az Zawiyah (Az Zawiyah, West) after members of the first group attacked and killed a member of the second.",1,,1759192014
LBY11706,2024-08-18,2024,1,Political violence,Explosions/Remote violence,Remote explosive/landmine/IED,Unidentified Armed Group (Libya),,Political militia,Civilians (Libya),Civilians (International); Labor Group (International),Civilians,Political militia-Civilians,Civilian targeting,434,Northern Africa,Libya,West,Tripoli,,Tajoura,32.8834,13.3525,1,Libya Observer,National,"On 18 August 2024, a landmine planted by an unidentified armed group exploded at the Martyr Sabria Brigade's headquarters in Tajoura (Tripoli, West) and killed 6 civilians, including two Libyans and four African workers.",6,,1754410220
LBY11730,2024-09-05,2024,1,Strategic developments,Strategic developments,Agreement,Murzuq Communal Militia (Libya),Toubou Ethnic Group (Libya),Identity militia,Murzuq Communal Militia (Libya),Arab Ethnic Group (Libya),Identity militia,Identity militia-Identity militia,,434,Northern Africa,Libya,South,Sabha,,Sabha,27.0377,14.4283,1,Libya Security Monitor,New media,"On 5 September 2024, representatives of the Toubou and the Arabs of Murzuq signed a comprehensive reconciliation agreement following years of conflict in a ceremony held in Sabha (Sabha, South) and attended by the main authorities of eastern Libya.",0,,1726526136
LBY11732,2024-09-07,2024,1,Political violence,Battles,Armed clash,Mohamed Bahroun Militia (Libya),,Identity militia,55th Brigade (Libya),,Political militia,Political militia-Identity militia,,434,Northern Africa,Libya,West,Az Zawiyah,,Az Zawiyah,32.7571,12.7276,1,Libya Security Monitor,New media,"On 7 September 2024, an unidentified armed group (likely the Al Isnad militia due to location and other similar events) attempted to kill the commander of the 55th Brigade in Az Zawiyah (Az Zawiyah, West). He survived.",0,,1759192014
LBY11733,2024-09-06,2024,1,Political violence,Battles,Armed clash,Mohamed Bahroun Militia (Libya),,Identity militia,Kabouat Militia (Libya),,Identity militia,Identity militia-Identity militia,,434,Northern Africa,Libya,West,Az Zawiyah,,Az Zawiyah,32.7571,12.7276,1,Libya Security Monitor,New media,"On 6 September 2024, members of the Al Isnad militia killed a member of the rival Kabouat militia in Az Zawiyah (Az Zawiyah, West), leading to an armed clash between the two groups later in the same day (coded separately).",1,,1759192014
LBY11734,2024-09-07,2024,1,Political violence,Battles,Armed clash,Mohamed Bahroun Militia (Libya),,Identity militia,Zawiya Communal Militia (Libya),,Identity militia,Identity militia-Identity militia,,434,Northern Africa,Libya,West,Az Zawiyah,,Az Zawiyah,32.7571,12.7276,1,Libya Security Monitor,New media,"On 7 September 2024, an unidentified armed group (likely the Al Isnad militia due to location and other similar events) attempted to kill a militia leader in Az Zawiyah (Az Zawiyah, West). He survived.",0,,1759192014
LBY11736,2024-09-07,2024,1,Strategic developments,Strategic developments,Change to group/activity,Mohamed Bahroun Militia (Libya),,Identity militia,,,,Identity militia only,,434,Northern Africa,Libya,West,Az Zawiyah,,Az Zawiyah,32.7571,12.7276,1,Akhbar Libya,National,"Movement of forces: On 7 September 2024, the Al Isnad militia mobilized forces in Az Zawiyah (Az Zawiyah, West) and threatened to advance towards Tripoli to free its commander, detained since 5 September in the capital (coded separately).",0,,1759192014
LBY11737,2024-09-12,2024,1,Strategic developments,Strategic developments,Change to group/activity,Zawiya Communal Militia (Libya),,Identity militia,,,,Identity militia only,,434,Northern Africa,Libya,West,Al Jafarah,,Janzur,32.8187,13.0173,2,Address Libya,Subnational,"Movement of forces: On 12 September 2024, an armed group from Zawiya moved forces towards a military camp located on the coastal road near Janzur (Al Jafarah, West) after an armed clash between the 52nd Brigade and the 55th Brigade broke out at the site (coded separately).",0,,1726526136
LBY11738,2024-08-21,2024,1,Strategic developments,Strategic developments,Disrupted weapons use,Police Forces of Libya (2021-) Government of National Unity (GNU) - Criminal Investigations Department,,State forces,Unidentified Armed Group (Libya),,Political militia,State forces-Political militia,,434,Northern Africa,Libya,West,Tripoli,,Tajoura,32.8834,13.3525,1,Akhbar Libya,National,"Defusal: On 21 August 2024, the criminal investigation department of the police removed to a safe place 454 explosive devices, including mines and artillery shells, found in a camp of the Martyr Sabria Brigade in Tajoura (Tripoli, West). Armed clashes took place at the site on 9 August (coded separately) and on 18 August a mine explosion at the same location killed six people (coded separately).",0,,1759192014
LBY11740,2024-09-08,2024,1,Demonstrations,Protests,Peaceful protest,Protesters (Libya),,Protesters,,,,Protesters only,,434,Northern Africa,Libya,West,Al Marqab,,Msallata,32.5822,14.04,1,Akhbar Libya,National,"On 8 September 2024, residents held a protest in Msallata (Al Marqab, West) over the city's neglect and the lack of infrastructure development by the national authorities.",0,crowd size=no report,1726526136
LBY11741,2024-09-08,2024,1,Demonstrations,Protests,Peaceful protest,Protesters (Libya),,Protesters,,,,Protesters only,,434,Northern Africa,Libya,South,Wadi al Hayat,,Ubari,26.5921,12.7805,1,Akhbar Libya; Al Wasat (Libya); Libya24,National,"On 8 September 2024, residents held a protest in Ubari (Wadi al Hayat, South) over long power outages in the city and to call for improved services.",0,crowd size=no report,1726526136
LBY11742,2024-09-08,2024,1,Demonstrations,Protests,Peaceful protest,Protesters (Libya),,Protesters,,,,Protesters only,,434,Northern Africa,Libya,West,Al Jabal Al Gharbi,,Gharyan,32.1722,13.0203,1,Akhbar Libya,National,"On 8 September 2024, residents held a protest inside the power station of Gharyan (Al Jabal Al Gharbi, West) to complain about long power outages.",0,crowd size=no report,1726526136
LBY11743,2024-09-07,2024,1,Demonstrations,Protests,Peaceful protest,Protesters (Libya),,Protesters,,,,Protesters only,,434,Northern Africa,Libya,West,Az Zawiyah,,Az Zawiyah,32.7571,12.7276,1,Libya Security Monitor,New media,"On 7 September 2024, residents held a protest in Az Zawiyah (Az Zawiyah, West) over the killing of a member of the Kabouat militia by the Al Isnad militia the previous day (coded separately).",0,crowd size=no report,1726526136
LBY11744,2024-09-08,2024,1,Demonstrations,Protests,Peaceful protest,Protesters (Libya),,Protesters,,,,Protesters only,,434,Northern Africa,Libya,West,Az Zawiyah,,Az Zawiyah,32.7571,12.7276,1,Libya Security Monitor,New media,"On 8 September 2024, residents held a protest in Az Zawiyah (Az Zawiyah, West) over rising violence in the city.",0,crowd size=no report,1726526136
LBY11745,2024-09-11,2024,1,Demonstrations,Riots,Violent demonstration,Rioters (Libya),Mohamed Bahroun Militia (Libya),Rioters,,,,Rioters only,,434,Northern Africa,Libya,West,Az Zawiyah,,Az Zawiyah,32.7571,12.7276,1,Address Libya; Akhbar Libya; Libya24,Subnational-National,"On 11 September 2024, members of the Al Isnad militia blocked a road (means unspecified) and fired shots in Az Zawiyah (Az Zawiyah, West) following the arrest of a member of the group.",0,crowd size=no report,1759192014
LBY11747,2024-09-10,2024,1,Demonstrations,Riots,Violent demonstration,Rioters (Libya),,Rioters,,,,Rioters only,,434,Northern Africa,Libya,West,Tripoli,,Tripoli - Tripoli Airport Road,32.7549,13.1427,1,Akhbar Libya; Libya24,National,"On 10 September 2024, rioters barricaded with burning tires in Tripoli - Tripoli Airport Road (Tripoli, West) to complain about power outages in the area.",0,crowd size=no report,1754354897
LBY11749,2024-09-07,2024,1,Demonstrations,Riots,Violent demonstration,Rioters (Libya),,Rioters,,,,Rioters only,,434,Northern Africa,Libya,West,Tripoli,,Tripoli - Ayn Zarah,32.8133,13.2697,1,Al Wasat (Libya),National,"On 7 September 2024, residents burned tires in Tripoli - Ayn Zarah (Tripoli, West) to complain about power outages.",0,crowd size=no report,1726526136
LBY11750,2024-09-06,2024,1,Demonstrations,Riots,Violent demonstration,Rioters (Libya),,Rioters,,,,Rioters only,,434,Northern Africa,Libya,West,Al Marqab,,Al Khums,32.6486,14.2619,1,Akhbar Libya; Libya Security Monitor,New media-National,"On 6 September 2024, rioters closed the coastal road (means unspecified) and set tires on fire in Al Khums (Al Marqab, West) to complain about long power outages and to call for the cancellation of an alleged GNU deal to lease the city's naval base to Turkey.",0,crowd size=no report,1726526136
LBY11751,2024-09-10,2024,1,Demonstrations,Riots,Violent demonstration,Rioters (Libya),,Rioters,,,,Rioters only,,434,Northern Africa,Libya,West,Al Marqab,,Qasr al Qarabulli,32.7427,13.7128,1,Al Wasat (Libya); Libya24,National,"On 10 September 2024, rioters barricaded with burning tires on the coastal road in Qasr al Qarabulli (Al Marqab, West) to complain about power outages in the area.",0,crowd size=no report,1726526136
LBY11722,2024-09-04,2024,1,Political violence,Battles,Armed clash,Intervention and Control Force,,Political militia,Al Bakoush Clan Militia (Libya),,Identity militia,Political militia-Identity militia,,434,Northern Africa,Libya,West,Al Marqab,,Al Khums,32.6486,14.2619,1,Address Libya; Akhbar Libya; Al Marsad; Al Wasat (Libya); Libya News Agency; Libya Observer; Libya Security Monitor; Libya24,New media-Subnational,"On 4 September 2024, a unit of the Intervention and Control Force and the Al Bakoush clan militia engaged in an armed clash in Al Khums (Al Marqab, West). The clash erupted right after the ICF attempted to arrest a member of the Al Bakoush family. Two ICF members were killed.",2,,1727125748
LBY11756,2024-09-11,2024,1,Political violence,Battles,Non-state actor overtakes territory,128th Battalion (Libya),,Political militia,Unidentified Armed Group (Chad),,Political militia,Political militia-Political militia,,434,Northern Africa,Libya,East,Al Kufrah,,Kalinga,23.2667,20.0333,2,Libya Security Monitor,New media,"On 11 September 2024, the 128th Battalion of Haftar's LNA cleared the last pockets of Chadian armed groups around the gold-rich mountains of Kalinga (Al Kufrah, East) and took control of the entire area.",0,,1764045636
LBY11758,2024-09-12,2024,1,Strategic developments,Strategic developments,Looting/property destruction,128th Battalion (Libya),,Political militia,Civilians (Chad),,Civilians,Political militia-Civilians,,434,Northern Africa,Libya,East,Al Kufrah,,Kalinga,23.2667,20.0333,2,Libya Security Monitor,New media,"Property destruction: On 12 September 2024, the 128th Battalion of Haftar's LNA burned all the tents set up by Chadian groups in the gold-rich mountains of the area of Kalinga (Al Kufrah, East). The action took place as part of the LNA's move to seize full control of the area (coded separately).",0,,1764045636
LBY11759,2024-09-21,2024,1,Strategic developments,Strategic developments,Other,55th Brigade (Libya),,Political militia,,,,Political militia only,,434,Northern Africa,Libya,West,Az Zawiyah,,Az Zawiyah,32.7571,12.7276,1,Akhbar Libya,National,"Other: On 21 September 2024, members affiliated with the 55th Brigade opened fire randomly in the middle of civilian neighborhoods in Az Zawiyah (Az Zawiyah, West). There were no fatalities. The motives for the action are unknown, but it took place in parallel to a similar act by a rival militia in the city (coded separately).",0,,1759192014
LBY11760,2024-09-21,2024,1,Strategic developments,Strategic developments,Other,Mohamed Bahroun Militia (Libya),,Identity militia,,,,Identity militia only,,434,Northern Africa,Libya,West,Az Zawiyah,,Az Zawiyah,32.7571,12.7276,1,Akhbar Libya,National,"Other: On 21 September 2024, members affiliated with the Al Isnad militia opened fire randomly in the middle of civilian neighborhoods in Az Zawiyah (Az Zawiyah, West). There were no fatalities. The motives for the action are unknown, but it came amid high levels of unrest in the city following the arrest of the Al Isnad leader on 5 September (coded separately).",0,,1759192014
LBY11761,2024-09-19,2024,1,Political violence,Violence against civilians,Attack,Military Forces of Libya (2014-) Libyan National Army (LNA),,State forces,Civilians (Libya),,Civilians,State forces-Civilians,Civilian targeting,434,Northern Africa,Libya,East,Benghazi,,Benghazi,32.1177,20.1293,1,Libya Observer; Libya Security Monitor,New media-National,"On 19 September 2024, forces affiliated with Haftar assaulted a child inside the home of the family of a journalist arrested and disappeared the day before (coded separately) in Benghazi (Benghazi, East). They also intimidated the rest of those present and seized some of the reporter's belongings.",0,,1759192014
LBY11762,2024-09-24,2024,1,Political violence,Riots,Mob violence,Rioters (Libya),,Rioters,Police Forces of Libya (2021-) Government of National Unity (GNU),444th Brigade (Libya),State forces,State forces-Rioters,,434,Northern Africa,Libya,West,Al Marqab,,Tarhuna,32.435,13.6332,1,Akhbar Libya; Al Marsad,National,"On 24 September 2024, rioters belonging to families of the victims of the crimes perpetrated by the Kaniyat militia between 2013 and 2022 burned several cars and besieged a police station under the protection of the 444th Brigade in Tarhuna (Al Marqab, West) over the return to the city of women from the Kani family.",0,crowd size=no report,1759192014
LBY11764,2024-09-22,2024,1,Strategic developments,Strategic developments,Other,Unidentified Armed Group (Libya),,Political militia,Civilians (Egypt),,Civilians,Political militia-Civilians,,434,Northern Africa,Libya,East,Benghazi,,Sidi Faraj,32.0116,20.2592,1,Akhbar Libya,National,"Explosive remnants of war: On 22 September 2024, a landmine identified as a remnant of war exploded during a clearance operation in Sidi Faraj (Benghazi, East) and injured two Egyptian nationals.",0,,1753970978
LBY11766,2024-09-27,2024,1,Political violence,Battles,Armed clash,Zawiya Communal Militia (Libya),,Identity militia,Judicial Police,,Political militia,Political militia-Identity militia,,434,Northern Africa,Libya,West,Az Zawiyah,,Az Zawiyah,32.7571,12.7276,1,Address Libya; Al Marsad; Libya24,Subnational-National,"On 27 September 2024, an unidentified armed group (likely a Zawiya communal militia due to the location) attempted to kill the head of the local branch of the judicial operations and security department in Az Zawiyah (Az Zawiyah, West). He was wounded but survived.",0,,1759192014
LBY11765,2024-09-27,2024,1,Political violence,Battles,Armed clash,Mohamed Bahroun Militia (Libya),,Identity militia,Judicial Police,,Political militia,Political militia-Identity militia,,434,Northern Africa,Libya,West,Az Zawiyah,,Al Harsha,32.7667,12.6666,1,Address Libya; Akhbar Libya; Al Marsad; Libya Security Monitor; Libya24,New media-Subnational,"On 27 September 2024, members of the Al Isnad militia and the Judicial Police engaged in an armed clash in Al Harsha (Az Zawiyah, West) following the attempted assassination of the local head of the judicial police branch in Az Zawiyah (coded separately). There were no fatalities.",0,,1759192014
LBY11769,2024-09-29,2024,1,Political violence,Battles,Armed clash,Zawiya Communal Militia (Libya),,Identity militia,Military Forces of Libya (2021-) Government of National Unity (GNU),,State forces,State forces-Identity militia,,434,Northern Africa,Libya,West,Az Zawiyah,,Az Zawiyah,32.7571,12.7276,1,Address Libya; Al Marsad; Libya Security Monitor,New media-Subnational,"On 29 September 2024, a local communal militia attacked a member of the Libyan Army while he was driving an armored vehicle in Az Zawiyah (Az Zawiyah, West). He survived without injury. The motive for the assassination attempt is unclear.",0,,1759192014
LBY11771,2024-09-28,2024,2,Political violence,Violence against civilians,Attack,Mohamed Bahroun Militia (Libya),,Identity militia,Civilians (Libya),,Civilians,Identity militia-Civilians,Civilian targeting,434,Northern Africa,Libya,West,Az Zawiyah,,Az Zawiyah,32.7571,12.7276,1,Libya Security Monitor,New media,"Around 28 September 2024, Al Isnad militia shot dead a civilian in Az Zawiyah (Az Zawiyah, West) after abducting and torturing him. The motives are unknown.",1,,1759192014
LBY11773,2024-09-29,2024,1,Demonstrations,Protests,Peaceful protest,Protesters (Libya),Labor Group (Libya),Protesters,,,,Protesters only,,434,Northern Africa,Libya,West,Misratah,,Misratah,32.3754,15.0925,1,Libya24,National,"On 29 September 2024, employees of the Libyan African Investment Company (LAICO) began an open sit-in in Misratah (Misratah, West) to protest the arrest of four colleagues.",0,crowd size=no report,1728358499
LBY11775,2024-06-21,2024,1,Political violence,Explosions/Remote violence,Shelling/artillery/missile attack,Unidentified Armed Group (Libya),,Political militia,Civilians (Libya),Judges (Libya),Civilians,Political militia-Civilians,Civilian targeting,434,Northern Africa,Libya,West,Az Zawiyah,,Az Zawiyah,32.7571,12.7276,1,Address Libya; Al Marsad,Subnational-National,"On 21 June 2024, an unidentified armed group blew up two cars, at least one of them using an RPG, of a member of the Supreme Judicial Council in Az Zawiyah (Az Zawiyah, West). He was unharmed. The motive for the attack is unclear, but the Prosecution ordered the arrest of one person accused of carrying it out on 2 October 2024.",0,,1754410220
LBY11767,2024-10-03,2024,1,Political violence,Battles,Armed clash,555th Brigade (Libya),Stability Support Apparatus,Political militia,Gharyan Communal Militia (Libya),,Identity militia,Political militia-Identity militia,,434,Northern Africa,Libya,West,Al Jabal Al Gharbi,,Gharyan,32.1722,13.0203,1,Al Marsad; Libya Security Monitor,New media-National,"On 3 October 2024, the 555th Brigade, which is part of the Stability Support Apparatus, and communal militias engaged in an armed clash in Gharyan (Al Jabal Al Gharbi, West) following an attempt by the 555th to enter the city from the south. There were no fatalities.",0,,1759192014
LBY11772,2024-10-02,2024,1,Strategic developments,Strategic developments,Change to group/activity,555th Brigade (Libya),Stability Support Apparatus,Political militia,,,,Political militia only,,434,Northern Africa,Libya,West,Al Jabal Al Gharbi,,Gharyan,32.1722,13.0203,1,Akhbar Libya; Al Marsad; Libya Security Monitor; Libya24,New media-National,"Movement of forces: On 2 October 2024, a convoy of the 555th Brigade, which is part of the Stability Support Apparatus, gathered in Tripoli and moved toward Gharyan (Al Jabal Al Gharbi, West) in order to seize a military camp in the city to which the GNU gave orders to redeploy a unit of the Libyan Army despite strong local opposition. The convoy of the 555th Brigade arrived with between 60 and 80 vehicles, including about 20 armored, but did not reach the military camp to avoid a conflict with local armed groups that had mobilized in anticipation of their arrival (coded separately).",0,,1759192014
LBY11777,2024-10-07,2024,1,Strategic developments,Strategic developments,Arrests,Police Forces of Libya (2021-) Government of National Unity (GNU) - Internal Security Agency,,State forces,Abu Bakr al-Siddiq Battalion (Libya),,Identity militia,State forces-Identity militia,,434,Northern Africa,Libya,West,Nalut,,Wazin,31.9405,10.6618,1,Akhbar Libya,National,"On 7 October 2024, internal security forces arrested the commander of the Abu Bakr al-Siddiq Battalion at the border crossing in Wazin (Nalut, West). The arrest led to movement of forces and protests in the area (coded separately). He was released the following day.",0,,1759181266
LBY11778,2024-10-07,2024,1,Strategic developments,Strategic developments,Change to group/activity,Abu Bakr al-Siddiq Battalion (Libya),,Identity militia,,,,Identity militia only,,434,Northern Africa,Libya,West,Al Jabal Al Gharbi,,Zintan,31.9223,12.252,1,Akhbar Libya,National,"Movement of forces: On 7 October 2024, the Abu Bakr al-Siddiq Battalion called up all its members and mobilized forces in Zintan (Al Jabal Al Gharbi, West) following the arrest of their commander on the same day (coded separately).",0,,1759192014
LBY11779,2024-09-25,2024,1,Strategic developments,Strategic developments,Change to group/activity,Military Forces of Turkey (2016-),,External/Other forces,,,,External/Other forces only,,434,Northern Africa,Libya,West,An Nuqat al Khams,,Al Watiyah,32.4764,11.7679,1,Address Libya; Akhbar Libya,Subnational-National,"Movement of forces: On 25 September 2024, a Turkish military cargo plane departed from an airbase west of Ankara landed at the airbase in Al Watiyah (An Nuqat al Khams, West).",0,,1753954689
LBY11780,2024-09-25,2024,1,Strategic developments,Strategic developments,Change to group/activity,Military Forces of Turkey (2016-),,External/Other forces,,,,External/Other forces only,,434,Northern Africa,Libya,West,Misratah,,Misratah,32.3754,15.0925,1,Address Libya; Akhbar Libya,Subnational-National,"Movement of forces: On 25 September 2024, a Turkish military cargo plane departed from an airbase west of Ankara landed in Misratah (Misratah, West).",0,,1753954689
LBY11781,2024-10-02,2024,1,Strategic developments,Strategic developments,Change to group/activity,Stability Support Apparatus,Gharyan Communal Militia (Libya),Political militia,,,,Political militia only,,434,Northern Africa,Libya,West,Al Jabal Al Gharbi,,Gharyan,32.1722,13.0203,1,Libya Security Monitor,New media,"Movement of forces: On 2 October 2024, the local branch of the Stability Support Apparatus and other communal militias mobilized all their forces in Gharyan (Al Jabal Al Gharbi, West) following contested orders from the GNU to redeploy to a camp in the city the 54th Infantry Brigade of the Libyan Army, whose commander hails from Zintan. The local armed groups took up positions to prevent Tripoli forces from entering the city.",0,,1759192014
LBY11782,2024-10-02,2024,1,Strategic developments,Strategic developments,Looting/property destruction,Gharyan Communal Militia (Libya),,Identity militia,Military Forces of Libya (2021-) Government of National Unity (GNU),,State forces,State forces-Identity militia,,434,Northern Africa,Libya,West,Al Jabal Al Gharbi,,Gharyan,32.1722,13.0203,1,Libya Security Monitor,New media,"Property destruction: On 2 October 2024, communal militias demolished the gate and part of a wall of a military camp in Gharyan (Al Jabal Al Gharbi, West) in rejection of the GNU's plans to redeploy to the site the 54th Infantry Brigade of the Libyan Army, whose commander hails from Zintan.",0,,1759192014
LBY11783,2024-10-07,2024,1,Demonstrations,Protests,Peaceful protest,Protesters (Libya),Abu Bakr al-Siddiq Battalion (Libya),Protesters,,,,Protesters only,,434,Northern Africa,Libya,West,Nalut,,Nalut,31.8685,10.9812,2,Akhbar Libya,National,"On 7 October 2024, members of the Abu Bakr al-Siddiq Battalion blocked (means unspecified) the road between Tripoli and Nalut (Nalut, West) following the arrest of their commander on the same day (coded separately). They also threatened to close an oil pipeline.",0,crowd size=no report,1759192014
LBY11784,2024-10-18,2024,2,Strategic developments,Strategic developments,Arrests,Police Forces of Libya (2022-) Government of National Stability (GNS),,State forces,Civilians (Libya),Darsa Clan Group (Libya); Police Forces of Libya (2022-) Government of National Stability (GNS) - Internal Security Agency,Civilians,State forces-Civilians,,434,Northern Africa,Libya,East,Al Jabal Al Akhdar,,Al Baydah,32.7627,21.7551,2,Libya Observer,National,"Around 18 October 2024 (as reported), police forces arrested over 40 people from the Darsa tribe, as well as the heads of a local branch of the Internal Security and the Security Directorate, after they rejected in a public statement the plans of the eastern authorities to merge security directorates in the area of Al Jabal Al Akhdar. Coded in the subdivision capital Al Baydah.",0,,1759181266
LBY11787,2024-09-06,2024,1,Political violence,Violence against civilians,Attack,Unidentified Armed Group (Libya),,Political militia,Civilians (Niger),Labor Group (Niger),Civilians,Political militia-Civilians,Civilian targeting,434,Northern Africa,Libya,East,Al Wahat,,Al Shurraf,29.0638,21.4863,1,RFI,International,"On 6 September 2024, an unidentified armed group tortured Nigerien migrant workers who had been abducted from a camp in Al Shurraf (Al Wahat, East). One of them died as a result of the torture. The total number of victims is unknown, but it is suspected that there were several dozen abductees. Some of them were released after the intervention of their Libyan employers.",1,,1754410220
LBY11457,2024-03-18,2024,1,Political violence,Battles,Armed clash,Zuwara Military Council (Libya),,Identity militia,Police Forces of Libya (2021-) Government of National Unity (GNU),,State forces,State forces-Identity militia,,434,Northern Africa,Libya,West,An Nuqat al Khams,,Ras Ajdir,33.15,11.5667,1,Akhbar Libya; GardaWorld; Libya Herald; Reuters; Twitter,Other-New media,"On 18 March 2024, the Zuwara Military Council and security forces associated with the Ministry of Interior engaged in armed clashes in Ras Ajdir (An Nuqat al Khams, West). A member of the Zuwara Municipal Council was shot by the police forces, with conflicting reports on whether he was killed or not, and 3 people whose affiliations were not reported were left injured. Clashes broke out because Zuwara Military Council members opposed the presence of GNU-affiliated security forces in the area after they were dispatched by the GNU to combat smuggling at the Ras Ajdir border. The GNU announced the withdrawal of GNU-affiliated security forces three days later.",0,,1759192014
LBY11462,2024-03-23,2024,2,Demonstrations,Protests,Peaceful protest,Protesters (Libya),,Protesters,,,,Protesters only,,434,Northern Africa,Libya,East,Al Wahat,,Jalu,29.0333,21.55,1,Ean Libya Limited,National,"Around 23 March 2024 (as reported), protesters closed a road in Jalu (Al Wahat, East). The road was used by fuel trucks going to the southern border, with residents demanding that the trucks' fuel be unloaded in the city after the city has seen a fuel shortage for 4 months.",0,crowd size=no report,1729632732
LBY11521,2024-05-07,2024,1,Political violence,Battles,Armed clash,Stability Support Apparatus,,Political militia,Radaa: Special Deterrence Forces,Judicial Police,Political militia,Political militia-Political militia,,434,Northern Africa,Libya,West,Al Jabal Al Gharbi,,Gharyan,32.1722,13.0203,1,GardaWorld,Other,"On 7 May 2024, members of the Stability Support Apparatus and the judicial police of the Special Deterrence Forces engaged in armed clashes near the courthouse in Gharyan (Al Jabal Al Gharbi, West) following an attempt to extract prisoners by force by SSA-affiliated armed groups. Casualties unknown.",0,,1759192014
LBY11753,2024-09-18,2024,1,Political violence,Battles,Armed clash,Judicial Police,,Political militia,Stability Support Apparatus,,Political militia,Political militia-Political militia,,434,Northern Africa,Libya,West,Tripoli,,Tripoli - As Sabaa,32.8523,13.2503,1,Address Libya; Akhbar Libya; Al Marsad; GardaWorld,Other-Subnational,"On 18 September 2024, the Judicial Police and the Stability Support Apparatus engaged in an armed clash in Tripoli - As Sabaa (Tripoli, West). Medium and heavy weapons were used during the clash, which erupted after mutual arrests between members of the two forces took place.",0,,1759192014
LBY11757,2024-09-18,2024,1,Strategic developments,Strategic developments,Arrests,Police Forces of Libya (2022-) Government of National Stability (GNS) - Internal Security Agency,,State forces,Civilians (Libya),Journalists (Libya); Women (Libya),Civilians,State forces-Civilians,,434,Northern Africa,Libya,East,Benghazi,,Benghazi,32.1177,20.1293,1,Libya Observer; Libya Security Monitor,New media-National,"On 18 September 2024, eastern internal security forces arrested and disappeared a journalist in Benghazi (Benghazi, East). The internal security forces later revealed that the journalist was arrested following orders from the Public Prosecution but did not disclose her whereabouts or the charges brought against her. She was released on 22 October.",0,,1759181266
LBY11401,2024-01-05,2024,2,Political violence,Battles,Armed clash,Radaa: Special Deterrence Forces,,Political militia,Islamic State Libya Province (ISLP),,Rebel group,Rebel group-Political militia,,434,Northern Africa,Libya,South,Sabha,,Sabha,27.0377,14.4283,3,Al Wasat (Libya); Libya News Agency; Libya Observer,National,"Around 5 January 2024 (as reported), the Libyan Counterterrorism Force reportedly killed Islamic State fighters and arrested the governor of the Islamic State in southern Libya. Unknown location coded as Sabha (Sabha, South). [unknown number of fatalities coded as 3].",3,,1759192014
LBY11788,2024-10-24,2024,2,Political violence,Violence against civilians,Abduction/forced disappearance,Surman Communal Militia (Libya),Al Silaa Brigade (Libya),Identity militia,Civilians (Libya),Judges (Libya); Military Forces of Libya (2021-) Government of National Unity (GNU),Civilians,Identity militia-Civilians,Civilian targeting,434,Northern Africa,Libya,West,Az Zawiyah,,Surman,32.7567,12.5716,1,Address Libya; Akhbar Libya; Libya24,Subnational-National,"Around 24 October 2024 (as reported), a local armed group affiliated with the Al Sila Brigade abducted a military prosecutor in Surman (Az Zawiyah, West). Some sources stated that the abduction came as a result of old disputes between the military prosecutor and the leader of the Al Sila Brigade, while others claimed it was part of a series of settling of scores in the city between forces vying for local influence.",0,,1759192014
LBY11790,2024-10-24,2024,1,Political violence,Battles,Armed clash,Surman Communal Militia (Libya),,Identity militia,Surman Communal Militia (Libya),,Identity militia,Identity militia-Identity militia,,434,Northern Africa,Libya,West,Az Zawiyah,,Surman,32.7567,12.5716,1,Address Libya; Akhbar Libya; Libya24,Subnational-National,"On 24 October 2024, unidentified local armed groups engaged in an armed clash in Surman (Az Zawiyah, West) amid a general mobilization of forces in the city following the abduction of a military prosecutor (coded separately). There were no fatalities. No further information available.",0,,1730180186
LBY11791,2024-10-23,2024,1,Political violence,Battles,Armed clash,Zawiya Communal Militia (Libya),,Identity militia,Zawiya Communal Militia (Libya),,Identity militia,Identity militia-Identity militia,,434,Northern Africa,Libya,West,Az Zawiyah,,Az Zawiyah,32.7571,12.7276,1,Address Libya; Al Marsad,Subnational-National,"On 23 October 2024, two Zawiya communal militias engaged in an armed clash near the refinery of Az Zawiyah (Az Zawiyah, West). There were no fatalities and the reason for the clash is unknown. No further information is available.",0,,1730180186
LBY11793,2024-10-01,2024,3,Political violence,Violence against civilians,Attack,Unidentified Armed Group (Libya),,Political militia,Civilians (Somalia),Migrants (Somalia),Civilians,Political militia-Civilians,Civilian targeting,434,Northern Africa,Libya,West,Misratah,,Bani Walid,31.7566,13.9942,1,Libya Observer,National,"Around 1 October 2024 (between 1 September - 19 October), an group of human traffickers tortured to death three Somali migrants who remained abducted in Bani Walid (Misratah, West). The specific date on which each of the three separate deaths occurred is unknown.",3,,1754410220
LBY11794,2024-10-24,2024,1,Strategic developments,Strategic developments,Change to group/activity,Surman Communal Militia (Libya),,Identity militia,,,,Identity militia only,,434,Northern Africa,Libya,West,Az Zawiyah,,Surman,32.7567,12.5716,1,Address Libya; Akhbar Libya; Libya24,Subnational-National,"Movement of forces: On 24 October 2024, local armed groups mobilized forces in Surman (Az Zawiyah, West) following the abduction of a military prosecutor in the city (coded separately). Some sources stated that the deployed forces were preparing to storm the headquarters of the local armed group that conducted the abduction, while others said it came amid a general mobilization of forces in the city from armed groups vying for local control.",0,,1730180186
LBY11796,2024-10-20,2024,1,Strategic developments,Strategic developments,Other,Stability Support Apparatus,,Political militia,,,,Political militia only,,434,Northern Africa,Libya,West,Nalut,,Nalut,31.8685,10.9812,3,Libya Observer,National,"Non-violent activity: On 20 October 2024, the Stability Support Apparatus deployed patrols along the Libyan-Tunisian border from its headquarters in Nalut (Nalut, West) in order to improve security in the area and curb smuggling and illegal migration.",0,,1759192014
LBY11798,2024-10-21,2024,1,Demonstrations,Protests,Peaceful protest,Protesters (Libya),,Protesters,,,,Protesters only,,434,Northern Africa,Libya,West,Misratah,,Zlitan,32.4674,14.5687,1,Libya News Agency,National,"On 21 October 2024, residents held a protest in Zlitan (Misratah, West) in solidarity with the Palestinian people. They expressed their rejection of Israel's war in Gaza and the violations of the status quo at Jerusalem's Al Aqsa Mosque. The event included a funeral prayer dedicated to Hamas leader Yahya Sinwar, who was killed by Israeli military forces on 16 October.",0,crowd size=no report,1730180186
LBY11799,2024-10-24,2024,1,Demonstrations,Riots,Violent demonstration,Rioters (Libya),,Rioters,,,,Rioters only,,434,Northern Africa,Libya,West,Az Zawiyah,,Surman,32.7567,12.5716,1,Address Libya; Akhbar Libya; Libya24,Subnational-National,"On 24 October 2024, hundreds of rioters blocked the coastal road with burning tires in Surman (Az Zawiyah, West) over the deteriorating security situation in the city and the recent abduction of a military prosecutor, which led to a mobilization of forces in the town (coded separately).",0,crowd size=hundreds,1730180186
LBY11792,2024-10-24,2024,1,Political violence,Battles,Armed clash,PFG: Petroleum Facilities Guard,Zintan Ethnic Group (Libya),Political militia,444th Brigade (Libya),,Political militia,Political militia-Political militia,,434,Northern Africa,Libya,West,Al Jabal Al Gharbi,,Hamada Oil Field,29.5073,12.9704,1,Address Libya; Akhbar Libya; Al Marsad; Libya Security Monitor,New media-Subnational,"On 24 October 2024, the 444th Brigade and the local branch of the Petroleum Facilities Guard, composed mainly of Zintanis, engaged in an armed clash in the area of the Hamada Oil Field (Al Jabal Al Gharbi, West). The 444th Brigade claimed that one of their patrols was attacked by the PFG, who took several of their members prisoner and seized their vehicles. The 444th Brigade members were later handed over to a Libyan Army battalion in preparation for their release. There were no fatalities.",0,,1759192014
LBY11795,2024-10-24,2024,1,Political violence; Demonstrations,Protests,Excessive force against protesters,Protesters (Libya),Yafran Communal Group (Libya),Protesters,Military Forces of Libya (2021-) Government of National Unity (GNU),,State forces,State forces-Protesters,Civilian targeting,434,Northern Africa,Libya,West,Al Jabal Al Gharbi,,Yafran,32.0633,12.5286,1,Address Libya; Akhbar Libya; Al Marsad; GardaWorld; Libya24,Other-Subnational,"On 24 October 2024, residents held a protest in Yafran (Al Jabal Al Gharbi, West) to call for the withdrawal of armed battalions from the Libyan army's western military region that had recently entered the city. Military forces attempted to disperse the protest by force, and four people were injured after being shot and another after being run over by a military vehicle.",0,crowd size=no report,1759192014
LBY11752,2024-09-17,2024,1,Demonstrations,Protests,Peaceful protest,Protesters (Libya),Misratah Communal Group (Libya),Protesters,,,,Protesters only,,434,Northern Africa,Libya,West,Misratah,,Misratah,32.3754,15.0925,1,Akhbar Libya; Libya24,National,"On 17 September 2024, residents held a protest against the GNU in Misratah (Misratah, West) over the deteriorating situation in the country, including the economic crisis and the provision of services.",0,crowd size=no report,1730758090
LBY11754,2024-09-17,2024,1,Demonstrations,Protests,Peaceful protest,Protesters (Libya),,Protesters,,,,Protesters only,,434,Northern Africa,Libya,South,Wadi al Hayat,,Ubari,26.5921,12.7805,1,Al Wasat (Libya),National,"On 17 September 2024, parents of high school students held a protest in Ubari (Wadi al Hayat, South) demanding a general improvement in their children's grades. They also called for the promotion of students who failed only one subject, citing the overwhelming curriculum and the difficulty of the exams as contributing factors.",0,crowd size=no report,1730758090
LBY11755,2024-09-18,2024,1,Demonstrations,Protests,Peaceful protest,Protesters (Libya),Health Workers (Libya); Students (Libya),Protesters,,,,Protesters only,,434,Northern Africa,Libya,West,Misratah,,Misratah,32.3754,15.0925,1,Libya News Agency,National,"On 18 September 2024, students of the preparatory stage of medical sciences held a protest in Misratah (Misratah, West) over the lack of places to pursue studies in the faculties of medicine, dentistry and pharmacy.",0,crowd size=no report,1730758090
LBY11786,2024-10-14,2024,1,Demonstrations,Protests,Peaceful protest,Protesters (Libya),,Protesters,,,,Protesters only,,434,Northern Africa,Libya,South,Wadi al Hayat,,Ubari,26.5921,12.7805,1,Libya News Agency,National,"On 14 October 2024, residents held a protest in Ubari (Wadi al Hayat, South) over the continued closure of a local health center since 2019.",0,crowd size=no report,1730758090
LBY11800,2024-10-26,2024,1,Demonstrations,Protests,Peaceful protest,Protesters (Libya),Labor Group (Libya),Protesters,,,,Protesters only,,434,Northern Africa,Libya,West,Misratah,,Misratah,32.3754,15.0925,1,Akhbar Libya; Libya24,National,"On 26 October 2024, members of the local chamber of commerce held a protest in Misratah (Misratah, West) against decisions adopted by the customs authority.",0,crowd size=no report,1730764854
LBY11803,2024-10-28,2024,1,Demonstrations,Protests,Peaceful protest,Protesters (Libya),Labor Group (Libya),Protesters,,,,Protesters only,,434,Northern Africa,Libya,West,Tripoli,,Tripoli - Al Hani,32.8815,13.2244,1,Akhbar Libya; Al Wasat (Libya),National,"On 28 October 2024, employees of the Ministry of Education held a sit-in at its headquarters in Tripoli - Al Hani (Tripoli, West) against the decision to transfer 137 members of the ministry's staff from one department to another without prior consultation.",0,crowd size=no report,1730764854
LBY11804,2024-10-31,2024,1,Demonstrations,Protests,Peaceful protest,Protesters (Libya),Labor Group (Libya),Protesters,,,,Protesters only,,434,Northern Africa,Libya,West,Misratah,,Misratah,32.3754,15.0925,1,Akhbar Libya; Libya24,National,"On 31 October 2024, members of the local chamber of commerce and industry held a protest in front of the office of the Attorney General in Misratah (Misratah, West) against a decision concerning the setting of commodity values and the tracking of shipments.",0,crowd size=no report,1730764854
LBY11806,2024-08-21,2024,2,Demonstrations,Protests,Peaceful protest,Protesters (Syria),Labor Group (Syria); Migrants (Syria),Protesters,,,,Protesters only,,434,Northern Africa,Libya,East,Benghazi,,Benghazi,32.1177,20.1293,2,Suwayda 24,International,"Around 21 August 2024 (as reported), dozens of Syrian migrant workers held a protest inside the premises of a construction company near Benghazi (Benghazi, East) to demand the payment of their monthly dues and improved working conditions.",0,crowd size=dozens,1730764854
LBY11797,2024-10-20,2024,1,Strategic developments,Strategic developments,Other,Unidentified Armed Group (Libya),,Political militia,Civilians (Libya),,Civilians,Political militia-Civilians,,434,Northern Africa,Libya,West,Tripoli,,Tajoura,32.8834,13.3525,1,Akhbar Libya; Libya News Agency; Libya Observer,National,"Mass grave: On 20 October 2024, a government agency discovered a mass grave in Tajoura (Tripoli, West). The perpetrators are unknown, but the mass grave dates from 2011. As of 4 November they had extracted 73 bodies.",0,,1753970978
LBY11807,2024-11-08,2024,1,Political violence,Violence against civilians,Attack,Sabratha Communal Militia (Libya),,Identity militia,Civilians (Libya),Sabratha Communal Group (Libya),Civilians,Identity militia-Civilians,Civilian targeting,434,Northern Africa,Libya,West,An Nuqat al Khams,,Sabratha,32.7934,12.4885,1,Address Libya,Subnational,"On 8 November 2024, a Sabratha communal militia shot dead a member of another local militia in Sabratha (An Nuqat al Khams, West). The reason is unknown and it is also unknown whether the target was armed at the time of the incident.",1,,1754958639
LBY11812,2024-11-06,2024,1,Demonstrations,Protests,Peaceful protest,Protesters (Libya),Zliten Communal Group (Libya),Protesters,,,,Protesters only,,434,Northern Africa,Libya,West,Al Marqab,,Al Khums,32.6486,14.2619,1,Akhbar Libya,National,"On 6 November 2024, residents of Al Khums, Zlitan and Qasr al Qarabulli held a protest in front of the municipal council in Al Khums (Al Marqab, West) to call on the authorities to revise their plan to build a road in the area so that it does not affect the expansion of their towns and avoids the expropriation of properties.",0,crowd size=no report,1731510636
LBY11811,2024-11-05,2024,1,Political violence,Battles,Armed clash,Judicial Police,,Political militia,Police Forces of Libya (2021-) Government of National Unity (GNU),,State forces,State forces-Political militia,,434,Northern Africa,Libya,West,Tripoli,,Tripoli - Zanatah,32.8649,13.2284,1,Akhbar Libya; Al Marsad,National,"On 5 November 2024, members of two branches of the police, the judicial police and the special task force, engaged in an armed clash in Tripoli - Zanatah (Tripoli, West). The reasons are unknown. There were no fatalities.",0,,1759192014
LBY11810,2024-11-04,2024,1,Strategic developments,Strategic developments,Arrests,Police Forces of Libya (2021-) Government of National Unity (GNU),,State forces,Civilians (Libya),Yafran Communal Group (Libya),Civilians,State forces-Civilians,,434,Northern Africa,Libya,West,Al Jabal Al Gharbi,,Yafran,32.0633,12.5286,1,Akhbar Libya,National,"On 4 November 2024, police forces from the central mountain security directorate arrested a member of the council of elders and notables of Yafran (Al Jabal Al Gharbi, West). The arrest came after an incident that occurred on 24 October when military forces used excessive force against protesters gathered in Yafran to demand their withdrawal from the city (coded separately).",0,,1759192014
LBY11813,2024-11-04,2024,1,Demonstrations,Protests,Peaceful protest,Protesters (Libya),,Protesters,,,,Protesters only,,434,Northern Africa,Libya,West,Az Zawiyah,,Az Zawiyah,32.7571,12.7276,1,Akhbar Libya; Libya Observer; Libya24,National,"On 4 November 2024, families of cancer patients held a protest in Az Zawiyah (Az Zawiyah, West) to call for the provision of treatment.",0,crowd size=no report,1731510636
LBY11814,2024-11-04,2024,2,Political violence,Violence against civilians,Attack,Unidentified Armed Group (Libya),,Political militia,Civilians (Libya),,Civilians,Political militia-Civilians,Civilian targeting,434,Northern Africa,Libya,West,Tripoli,,Tajoura,32.8834,13.3525,1,Address Libya; Al Marsad,Subnational-National,"Around 4 November 2024, an unidentified armed group shot a civilian dead and dumped his body on a beach in Tajoura (Tripoli, West). No further information is available.",1,,1754410220
LBY11808,2024-11-03,2024,2,Political violence,Violence against civilians,Attack,444th Brigade (Libya),,Political militia,Civilians (Libya),,Civilians,Political militia-Civilians,Civilian targeting,434,Northern Africa,Libya,West,Al Jabal Al Gharbi,,Al Qaryat,30.3844,13.5843,1,Address Libya,Subnational,"Around 3 November 2024, members of the 444th Brigade abducted and tortured a civilian for ransom in Al Qaryat (Al Jabal Al Gharbi, West). The local prosecutor's office ordered police forces to arrest five members of the group suspected of involvement in the attack.",0,,1759192014
LBY11662,2024-08-09,2024,1,Political violence,Battles,Armed clash,Unidentified Armed Group (Libya),,Political militia,444th Brigade (Libya),,Political militia,Political militia-Political militia,,434,Northern Africa,Libya,South,Wadi ash Shati,,Fartas,28.8087,10.6433,1,Akhbar Libya,National,"On 9 August 2024, an unidentified armed group ambushed members of the 444th Brigade in Fartas (Wadi ash Shati, South). Unspecified number of fatalities coded as 3.",3,,1759192014
LBY11532,2024-05-11,2024,1,Demonstrations,Protests,Peaceful protest,Protesters (Libya),,Protesters,,,,Protesters only,,434,Northern Africa,Libya,West,Al Jabal Al Gharbi,,Tahara Oil Field,31.3997,12.1448,1,Al Wasat (Libya),National,"On 11 May 2024, locals held a protest in front of the Tahara Oil Field (Al Jabal Al Gharbi, West) against the decision of the National Oil Corporation (NOC) to grant foreign companies concessions to operate in the area. They also criticized the lack of transparency surrounding these decisions, and called for a halt to all such deals until the country has an elected government.",0,crowd size=no report,1731510638
LBY11815,2024-11-06,2024,1,Political violence,Violence against civilians,Abduction/forced disappearance,Unidentified Armed Group (Libya),,Political militia,Civilians (Libya),Police Forces of Libya (2021-) Government of National Unity (GNU) - Intelligence Service,Civilians,Political militia-Civilians,Civilian targeting,434,Northern Africa,Libya,West,Tripoli,,Tripoli - As Sabaa,32.8523,13.2503,1,Akhbar Libya; Al Marsad; Al Wasat (Libya); Libya News Agency; Libya Observer; Libya Security Monitor; Libya24,New media-National,"On 6 November 2024, an unidentified armed group abducted the security director of the intelligence services in Tripoli - As Sabaa (Tripoli, West) after leaving his workplace. He hails from Zintan. The intelligence agency claimed that the reason behind the abduction were unspecified investigations into incidents affecting national security. Some sources claimed that he was investigating a corruption case involving a concession of the National Oil Corporation (NOC). He was released on 12 November.",0,,1759181266
LBY11816,2024-11-07,2024,1,Strategic developments,Strategic developments,Other,Unidentified Armed Group (Libya),,Political militia,Civilians (Libya),,Civilians,Political militia-Civilians,,434,Northern Africa,Libya,South,Al Jufrah,,Waddan,29.1614,16.139,2,Address Libya; Al Marsad; Al Wasat (Libya); Libya News Agency; Libya Observer; Libya Security Monitor,New media-National,"Explosive remnants of war: On 7 November 2024, a mine identified as a war remnant exploded in the area of Waddan (Al Jufrah, South) during a car rally. Four people were injured, and one ultimately died. Some sources close to the LNA identified the mine as a remnant of war of the Islamic State, but provided no evidence. Other sources linked the mines to the presence of Russian mercenaries at the nearby Jufra airbase, but also without evidence.",1,,1753970978
LBY11817,2024-11-08,2024,1,Strategic developments,Strategic developments,Other,Unidentified Armed Group (Libya),,Political militia,Civilians (Libya),,Civilians,Political militia-Civilians,,434,Northern Africa,Libya,South,Al Jufrah,,Waddan,29.1614,16.139,2,Address Libya; Al Marsad; Al Wasat (Libya); Libya News Agency; Libya Observer; Libya Security Monitor,New media-National,"Explosive remnants of war: On 8 November 2024, a mine identified as a war remnant exploded 40 kilometers from Waddan (Al Jufrah, South) during a car rally. A similar incident occurred the previous day (coded separately). One person died. Some sources close to the LNA identified the mine as a remnant of war of the Islamic State, but provided no evidence. Other sources linked the mines to the presence of Russian mercenaries at the nearby Jufra airbase, but also without evidence.",1,,1753970978
LBY11820,2024-11-15,2024,1,Political violence,Battles,Armed clash,555th Brigade (Libya),,Political militia,Gharyan Communal Militia (Libya),,Identity militia,Political militia-Identity militia,,434,Northern Africa,Libya,West,Al Jabal Al Gharbi,,Taghrinnah,32.1328,12.9928,1,Akhbar Libya,National,"On 15 November 2024, an unidentified armed group (likely a Gharyan communal militia, due to the location) engaged in an armed clash with the 555th Brigade in Taghrinnah (Al Jabal Al Gharbi, West). A vehicle belonging to the 555th Brigade caught fire after being hit by unknown means. There were no fatalities. The 555th Brigade had sent military reinforcements to the area shortly before (coded separately). Taghrinnah is located on the outskirts of Gharyan, where in early October the 555th Brigade and local armed groups engaged in an armed clash amid high tension (coded separately).",0,,1731979388
LBY11821,2024-11-15,2024,2,Strategic developments,Strategic developments,Change to group/activity,555th Brigade (Libya),,Political militia,,,,Political militia only,,434,Northern Africa,Libya,West,Al Jabal Al Gharbi,,Taghrinnah,32.1328,12.9928,1,Akhbar Libya,National,"Movement of forces: Around 15 November 2024 (as reported), the 555th Brigade sent military reinforcements to Taghrinnah (Al Jabal Al Gharbi, West). Taghrinnah is located on the outskirts of Gharyan, where in early October the 555th Brigade and local armed groups engaged in an armed clash amid high tension (coded separately).",0,,1731979388
LBY11822,2024-11-12,2024,1,Strategic developments,Strategic developments,Change to group/activity,Military Forces of Libya (2021-) Government of National Unity (GNU),,State forces,,,,State forces only,,434,Northern Africa,Libya,West,Az Zawiyah,,Bir al Ghanam,32.3113,12.5685,1,Akhbar Libya; Al Marsad; Libya Security Monitor,New media-National,"Movement of forces: On 12 November 2024, forces from the Libyan Army's Western Military Region, led by Zintan commander Osama Juwaili, moved into Bir al Ghanam (Az Zawiyah, West). The concentration of forces took place following the abduction of the security director of the intelligence services, also from Zintan, on 6 November (coded separately).",0,,1759192014
LBY11823,2024-11-09,2024,1,Political violence,Battles,Armed clash,PFG: Petroleum Facilities Guard,,Political militia,444th Brigade (Libya),,Political militia,Political militia-Political militia,,434,Northern Africa,Libya,West,Al Jabal Al Gharbi,,Hamada Oil Field,29.5073,12.9704,2,Address Libya; Akhbar Libya; Al Marsad; Al Wasat (Libya); Libya News Agency; Libya Observer; Libya24,Subnational-National,"On 9 November 2024, the southwestern branch of the Petroleum Facilities Guard and the 444th Brigade engaged in an armed clash about 20 kilometers from the Hamada Oil Field (Al Jabal Al Gharbi, West). The PFG claimed that a group of 35 armed vehicles from the 444th Brigade ambushed one of its patrols, consisting of four military vehicles, while it was carrying out its duties in the area. The PFG also stated that after an initial clash, it returned to the area with a new patrol, arrested about 16 members of the 444th Brigade and handed them over at a military station. The 444th Brigade claimed that it was acting against a large smuggling operation. There were no fatalities.",0,,1759192014
LBY11824,2024-11-10,2024,1,Strategic developments,Strategic developments,Change to group/activity,PFG: Petroleum Facilities Guard,Military Forces of Libya (2021-) Government of National Unity (GNU) - Border Guards,Political militia,,,,Political militia only,,434,Northern Africa,Libya,West,Al Jabal Al Gharbi,,Hamada Oil Field,29.5073,12.9704,1,Address Libya; Akhbar Libya; Libya24,Subnational-National,"Movement of forces: On 10 November 2024, a military convoy from the southwestern branch of the Petroleum Facilities Guard and the 17th Battalion of the Border Guards deployed to the area of the Hamada Oil Field (Al Jabal Al Gharbi, West). The previous day the PFG and 444th Brigade engaged in an armed clash in the area (coded separately).",0,,1759181266
LBY11826,2024-11-12,2024,1,Demonstrations,Protests,Peaceful protest,Protesters (Libya),Labor Group (Libya),Protesters,,,,Protesters only,,434,Northern Africa,Libya,East,Benghazi,,Benghazi,32.1177,20.1293,1,Libya News Agency,National,"On 12 November 2024, workers at the Man-Made River for Pipe Manufacturing and Construction company held a protest in Benghazi (Benghazi, East) to demand improvements in their working conditions, including the payment of wages.",0,crowd size=no report,1731979388
LBY11829,2024-11-11,2024,1,Demonstrations,Riots,Violent demonstration,Rioters (Libya),,Rioters,,,,Rioters only,,434,Northern Africa,Libya,West,Nalut,,Badr,32.0608,11.5425,1,Akhbar Libya; Al Marsad,National,"On 11 November 2024, rioters burned tires and blocked the Batin Al Jabal road in Badr (Nalut, West) over the abduction of the security director of the intelligence services on 6 November (coded separately).",0,crowd size=no report,1731979388
LBY11830,2024-11-11,2024,1,Demonstrations,Riots,Violent demonstration,Rioters (Libya),,Rioters,,,,Rioters only,,434,Northern Africa,Libya,West,Al Jabal Al Gharbi,,Qasr Al Haj,32.0459,12.1663,1,Akhbar Libya,National,"On 11 November 2024, rioters blocked with burning tires the road between Nalut and Tripoli at the intersection leading to Zintan in Qasr Al Haj (Al Jabal Al Gharbi, West) over the abduction of the security director of the intelligence services on 6 November (coded separately).",0,crowd size=no report,1731979388
LBY11831,2024-11-04,2024,1,Political violence,Violence against civilians,Attack,Unidentified Armed Group (Libya),,Political militia,Civilians (Libya),Zawiya Communal Group (Libya),Civilians,Political militia-Civilians,Civilian targeting,434,Northern Africa,Libya,West,Misratah,,Misratah,32.3754,15.0925,1,Address Libya,Subnational,"On 4 November 2024, an unidentified armed group driving in a pickup truck shot dead a civilian from Zawiya on the coastal road in Misratah (Misratah, West). On 11 November, the prosecution announced the arrest of a suspect in the case and ordered the arrest of a fugitive. No further information is available.",1,,1754410220
LBY11832,2024-11-10,2024,1,Strategic developments,Strategic developments,Change to group/activity,Unidentified Armed Group (Libya),,Political militia,,,,Political militia only,,434,Northern Africa,Libya,West,Misratah,,Tawurgha,32.0146,15.1125,1,Akhbar Libya; Libya24,National,"Movement of forces: On 10 November 2024, a convoy of an unidentified armed group carrying heavy weapons and trucks with tanks moved along the coastal road in Tawurgha (Misratah, West) heading towards Abu Grein.",0,,1764045636
LBY11819,2024-11-15,2024,1,Political violence,Battles,Armed clash,444th Brigade (Libya),,Political militia,PFG: Petroleum Facilities Guard,,Political militia,Political militia-Political militia,,434,Northern Africa,Libya,West,Al Jabal Al Gharbi,,Hamada Oil Field,29.5073,12.9704,2,Address Libya; Akhbar Libya; Libya Security Monitor,New media-Subnational,"On 15 November 2024, members of the 444th Brigade abducted two members of the Petroleum Facilities Guard and took them to an unknown location after the latter's military vehicle broke down while on patrol in the area of the Hamada Oil Field (Al Jabal Al Gharbi, West). They were released later in the day and one had to be hospitalized for a gunshot wound.",0,,1759192014
LBY11809,2024-10-31,2024,1,Strategic developments,Strategic developments,Arrests,Police Forces of Libya (2022-) Government of National Stability (GNS) - Internal Security Agency,,State forces,Civilians (Libya),Journalists (Libya),Civilians,State forces-Civilians,,434,Northern Africa,Libya,East,Benghazi,,Benghazi,32.1177,20.1293,1,Al Wasat (Libya); New Arab,National-Regional,"On 31 October 2024, the Internal Security Agency arrested a journalist in Benghazi (Benghazi, East) after he published a blog post that included criticism of the authorities for demolishing buildings for urban projects without paying compensation to the affected people. He was released on 18 November.",0,,1764637279
LBY11835,2024-11-11,2024,1,Strategic developments,Strategic developments,Change to group/activity,Zintan Ethnic Militia (Libya),,Identity militia,,,,Identity militia only,,434,Northern Africa,Libya,West,Al Jabal Al Gharbi,,Al Riyayna,31.9951,12.332,2,Address Libya; Libya Security Monitor,New media-Subnational,"Movement of forces: On 11 November 2024, Zintan armed groups moved forces towards a pipeline valve near Al Riyayna (Al Jabal Al Gharbi, West) to exert pressure for the release of the security director of the intelligence services, who hails from Zintan and was abducted on 6 November (coded separately). After his release on 12 November, Zintan forces withdrew from the area.",0,,1732580200
LBY11836,2024-11-15,2024,1,Strategic developments,Strategic developments,Change to group/activity,PFG: Petroleum Facilities Guard,,Political militia,,,,Political militia only,,434,Northern Africa,Libya,West,Al Jabal Al Gharbi,,Hamada Oil Field,29.5073,12.9704,1,Libya Security Monitor,New media,"Movement of forces: On 15 November 2024, the southwest branch of the Petroleum Facilities Guard reinforced its forces in the area of the Hamada Oil Field (Al Jabal Al Gharbi, West) with about 300 additional troops.",0,,1732580200
LBY11837,2024-11-16,2024,1,Political violence,Battles,Armed clash,Police Forces of Libya (2022-) Government of National Stability (GNS) - Internal Security Agency,,State forces,Awlad Suleiman Ethnic Militia (Libya),,Identity militia,State forces-Identity militia,,434,Northern Africa,Libya,South,Sabha,,Sabha,27.0377,14.4283,1,Akhbar Libya,National,"On 16 November 2024, members of the Internal Security Agency and the Awlad Suleiman tribe engaged in an armed clash in Sabha (Sabha, South). The clash broke out after Internal Security forces attempted to raid the house of a member of the Awlad Suleiman. Tribesmen destroyed two Internal Security cars, but there were no fatalities.",0,,1759181266
LBY11838,2024-11-19,2024,2,Political violence,Violence against civilians,Attack,555th Brigade (Libya),Stability Support Apparatus,Political militia,Civilians (Libya),Gharyan Communal Group (Libya),Civilians,Political militia-Civilians,Civilian targeting,434,Northern Africa,Libya,West,Al Jabal Al Gharbi,,Gharyan,32.1722,13.0203,1,Address Libya; Akhbar Libya,Subnational-National,"Around 19 November 2024 (as reported), members of the 555th Brigade and the Stability Support Apparatus stormed several houses and assaulted a number of civilians while firing into the air in Gharyan (Al Jabal Al Gharbi, West). There were no fatalities.",0,,1759192014
LBY11840,2024-11-19,2024,1,Demonstrations,Riots,Violent demonstration,Rioters (Libya),,Rioters,,,,Rioters only,,434,Northern Africa,Libya,West,Misratah,,Wadi Zamzam,31.4,15.2833,1,Address Libya; Akhbar Libya; Al Marsad; Libya News Agency; Libya24,Subnational-National,"On 19 November 2024, locals rallied and set fires in Wadi Zamzam (Misratah, West) against plans to turn their municipality into an administrative branch affiliated with the city of Misratah.",0,crowd size=no report,1732580200
LBY11841,2024-11-20,2024,1,Strategic developments,Strategic developments,Change to group/activity,Stability Support Apparatus,,Political militia,,,,Political militia only,,434,Northern Africa,Libya,West,Tripoli,,Tripoli - Tripoli Airport Road,32.7549,13.1427,1,Akhbar Libya,National,"Movement of forces: On 20 November 2024, the branch of the Stability Support Apparatus commanded by Ghniwa Al-Kikli mobilized military forces, including armored vehicles and armed cars, in Tripoli - Tripoli Airport Road (Tripoli, West). The deployment of forces came after some media reported on a dispute between Al-Kikli and GNU PM Abdul Hamid Dbeiba.",0,,1759192014
LBY11842,2024-11-21,2024,1,Demonstrations,Protests,Peaceful protest,Protesters (Libya),Surman Communal Group (Libya),Protesters,,,,Protesters only,,434,Northern Africa,Libya,West,Az Zawiyah,,Surman,32.7567,12.5716,1,Akhbar Libya,National,"On 21 November 2024, locals blocked a road (means unspecified) in Surman (Az Zawiyah, West) in protest over an attack by a local militia against a school principal of the town (coded separately).",0,crowd size=no report,1732580200
LBY11843,2024-11-21,2024,1,Demonstrations,Riots,Violent demonstration,Rioters (Libya),Zawiya Communal Group (Libya),Rioters,,,,Rioters only,,434,Northern Africa,Libya,West,Az Zawiyah,,Az Zawiyah,32.7571,12.7276,1,Akhbar Libya,National,"On 21 November 2024, rioters burned tires and blocked a road in Az Zawiyah (Az Zawiyah, West) following the killing of a local civilian hours earlier (coded separately).",0,crowd size=no report,1732580200
LBY11845,2024-11-21,2024,1,Political violence,Violence against civilians,Attack,Zawiya Communal Militia (Libya),,Identity militia,Civilians (Libya),,Civilians,Identity militia-Civilians,Civilian targeting,434,Northern Africa,Libya,West,Az Zawiyah,,Az Zawiyah,32.7571,12.7276,1,Address Libya; Akhbar Libya; Al Marsad,Subnational-National,"On 21 November 2024, a local militia killed a civilian in southern Az Zawiyah (Az Zawiyah, West). The motives are unknown. No further information is available. His killing led to violent protests and movement of forces in the city (both coded separately).",1,,1732580200
LBY11846,2024-11-21,2024,1,Strategic developments,Strategic developments,Change to group/activity,Zawiya Communal Militia (Libya),,Identity militia,,,,Identity militia only,,434,Northern Africa,Libya,West,Az Zawiyah,,Az Zawiyah,32.7571,12.7276,1,Address Libya,Subnational,"Movement of forces: On 21 November 2024, local militias mobilized in Az Zawiyah (Az Zawiyah, West) following the killing of a local civilian hours earlier (coded separately).",0,,1732580200
LBY11847,2024-11-22,2024,1,Strategic developments,Strategic developments,Change to group/activity,Zawiya Communal Militia (Libya),,Identity militia,,,,Identity militia only,,434,Northern Africa,Libya,West,Az Zawiyah,,Az Zawiyah,32.7571,12.7276,1,Address Libya; Akhbar Libya; Al Marsad,Subnational-National,"Security measures: On 22 November 2024, local militias blocked with earthen barriers the eastern entrance to Az Zawiyah (Az Zawiyah, West) following the killing of a local civilian two days earlier (coded separately).",0,,1732580201
LBY11850,2024-11-22,2024,1,Political violence,Battles,Armed clash,Mohamed Bahroun Militia (Libya),,Identity militia,Zawiya Communal Militia (Libya),,Identity militia,Identity militia-Identity militia,,434,Northern Africa,Libya,West,Az Zawiyah,,Az Zawiyah,32.7571,12.7276,1,Akhbar Libya; Libya Security Monitor; Libya24,New media-National,"On 22 November 2024, the Al Isnad militia and rival local militias engaged in an armed clash in Az Zawiyah (Az Zawiyah, West) following days of renewed high tension in the city. Two Sub-Saharan people were killed and one Libyan was wounded in the fighting.",2,,1759192014
LBY11853,2024-11-29,2024,1,Demonstrations,Protests,Protest with intervention,Protesters (Libya),,Protesters,Unidentified Armed Group (Libya),,Political militia,Political militia-Protesters,,434,Northern Africa,Libya,West,Tripoli,,Tripoli - Tripoli Airport Road,32.7549,13.1427,1,Address Libya; Akhbar Libya; Al Marsad; Libya24,Subnational-National,"On 29 November 2024, attendees of an equestrian festival started to chant anti-government chants in Tripoli - Tripoli Airport Road (Tripoli, West). An unidentified armed group then began firing shots into the air and cut the power in the area to disperse the crowd.",0,crowd size=no report,1754354897
LBY11854,2024-11-24,2024,1,Political violence,Violence against civilians,Attack,Unidentified Armed Group (Libya),,Political militia,Civilians (Libya),,Civilians,Political militia-Civilians,Civilian targeting,434,Northern Africa,Libya,West,Az Zawiyah,,Az Zawiyah,32.7571,12.7276,1,Libya Security Monitor,New media,"On 24 November 2024, an unidentified armed group killed a civilian in Az Zawiyah (Az Zawiyah, West). The targeted civilian had worked with a notorious human trafficker and high-ranking officer of the Libyan Coast Guard killed on 1 September (coded separately).",1,,1754410220
LBY11844,2024-11-21,2024,1,Political violence,Violence against civilians,Attack,Surman Communal Militia (Libya),,Identity militia,Civilians (Libya),Teachers (Libya),Civilians,Identity militia-Civilians,Civilian targeting,434,Northern Africa,Libya,West,Az Zawiyah,,Surman,32.7567,12.5716,1,Address Libya; Akhbar Libya,Subnational-National,"On 21 November 2024, a local militia shot in the head a school principal in Surman (Az Zawiyah, West). He was transferred to the intensive care unit of the city hospital, where he died on 26 November. The attack sparked protests (coded separately).",1,,1733253582
LBY11856,2024-11-29,2024,1,Political violence,Battles,Armed clash,Mohamed Bahroun Militia (Libya),,Identity militia,Unidentified Armed Group (Libya),,Political militia,Political militia-Identity militia,,434,Northern Africa,Libya,West,Az Zawiyah,,Az Zawiyah,32.7571,12.7276,1,Libya Security Monitor,New media,"On 29 November 2024, members of the Al Isnad militia and trafficking gangs engaged in an armed clash in Az Zawiyah (Az Zawiyah, West). The clash erupted after a number of targeted killings and other clashes in the area in the previous days (coded separately). There were no fatalities.",0,,1759192014
LBY11859,2024-04-24,2024,1,Strategic developments,Strategic developments,Change to group/activity,Misratah Communal Militia (Libya),,Identity militia,,,,Identity militia only,,434,Northern Africa,Libya,West,Misratah,,Tawurgha,32.0146,15.1125,1,Akhbar Libya; Libya24,National,"Movement of forces: On 24 April 2024, Misratah communal militias moved to Tawurgha (Misratah, West) amid attempts to approve the annexation of the locality to Misratah despite widespread local rejection.",0,,1733789056
LBY11860,2024-05-01,2024,1,Political violence,Violence against civilians,Abduction/forced disappearance,Police Forces of Libya (2022-) Government of National Stability (GNS) - Internal Security Agency,,State forces,Civilians (Libya),,Civilians,State forces-Civilians,Civilian targeting,434,Northern Africa,Libya,East,Benghazi,,Benghazi,32.1177,20.1293,1,Akhbar Libya,National,"On 1 May 2024, the Internal Security Device disappeared a poet after raiding his home in Benghazi (Benghazi, East). People close to the missing person claimed that he was targeted for having recited a poem about the situation in Libya in which he lamented the era of former President Muammar Gaddafi.",0,,1759181266
LBY11861,2024-11-22,2024,1,Political violence,Violence against civilians,Attack,Police Forces of Libya (2022-) Government of National Stability (GNS),,State forces,Civilians (Libya),Sufi Muslim Group (Libya),Civilians,State forces-Civilians,Civilian targeting,434,Northern Africa,Libya,East,Benghazi,,Benghazi,32.1177,20.1293,1,Libya Observer,National,"On 22 November 2024, police forces tortured to death a civilian in an unofficial detention facility in Benghazi (Benghazi, East) operated by the General Directorate of Security Operations, which is affiliated with the interior ministry of the country's eastern government. The civilian, who a human rights group claimed he belonged to a Sufi order, had been arrested on 8 November on charges of practicing witchcraft and sorcery.",1,,1759181266
LBY11862,2024-11-25,2024,1,Political violence,Violence against civilians,Attack,Police Forces of Libya (2022-) Government of National Stability (GNS),,State forces,Civilians (Libya),Sufi Muslim Group (Libya),Civilians,State forces-Civilians,Civilian targeting,434,Northern Africa,Libya,East,Benghazi,,Benghazi,32.1177,20.1293,1,Libya Observer,National,"On 25 November 2024, police forces tortured to death a civilian in an unofficial detention facility in Benghazi (Benghazi, East) operated by the General Directorate of Security Operations, which is affiliated with the interior ministry of the country's eastern government. The civilian, who a human rights group claimed he belonged to a Sufi order, had been arrested on 14 November on charges of practicing witchcraft and sorcery. A similar case of death by torture occurred in the same facility on 22 November (coded separately).",1,,1759181266
LBY11863,2024-04-27,2024,1,Political violence,Violence against civilians,Attack,Police Forces of Libya (2022-) Government of National Stability (GNS) - Criminal Investigations Department,,State forces,Civilians (Libya),,Civilians,State forces-Civilians,Civilian targeting,434,Northern Africa,Libya,South,Sabha,,Sabha,27.0377,14.4283,1,Akhbar Libya,National,"On 27 April 2024, officers of the police criminal investigations department tortured to death a civilian in Sabha (Sabha, South). No further information is available.",1,,1759181266
LBY11865,2024-05-01,2024,1,Demonstrations,Protests,Peaceful protest,Protesters (Libya),Labor Group (Libya),Protesters,,,,Protesters only,,434,Northern Africa,Libya,East,Benghazi,,Benghazi,32.1177,20.1293,1,Akhbar Libya,National,"On 1 May 2024, workers of troubled state-owned companies held a protest in Benghazi (Benghazi, East) to call for a settlement of their financial situation.",0,crowd size=no report,1733789056
LBY11866,2024-05-01,2024,1,Demonstrations,Protests,Peaceful protest,Protesters (Libya),,Protesters,,,,Protesters only,,434,Northern Africa,Libya,West,Tripoli,,Tripoli - Souq Al Jumaa,32.88,13.2323,1,Akhbar Libya,National,"On 1 May 2024, members of the Martyrs of Souq Al Jumaa Battalion held a protest in Tripoli - Souq Al Jumaa (Tripoli, West) to reject the division between armed groups and call for their unity of ranks in the face of what they considered an imminent danger of armed clashes in Tripoli.",0,crowd size=no report,1759181266
LBY11867,2024-12-03,2024,1,Demonstrations,Protests,Peaceful protest,Protesters (Libya),,Protesters,,,,Protesters only,,434,Northern Africa,Libya,West,Misratah,,Wadi Zamzam,31.4,15.2833,1,Al Wasat (Libya),National,"On 3 December 2024, local residents held a protest in Wadi Zamzam (Misratah, West) against the GNU's plans to annex their municipality to Misratah and to call for maintaining its current, independent status.",0,crowd size=no report,1733789056
LBY11870,2024-11-28,2024,1,Political violence,Violence against civilians,Attack,Unidentified Armed Group (Libya),,Political militia,Civilians (Libya),Mohamed Bahroun Militia (Libya),Civilians,Political militia-Civilians,Civilian targeting,434,Northern Africa,Libya,West,Az Zawiyah,,Al Harsha,32.7667,12.6666,1,Libya Security Monitor,New media,"On 28 November 2024, an unidentified armed group shot dead a close associate of the Al Isnad militia leader in Al Harsha (Az Zawiyah, West) amid high tension in the area.",1,,1759192014
LBY11871,2024-12-01,2024,1,Political violence,Explosions/Remote violence,Shelling/artillery/missile attack,Unidentified Armed Group (Libya),,Political militia,,,,Political militia only,,434,Northern Africa,Libya,West,Nalut,,Wafa Oil Field,28.8889,10.027,1,Akhbar Libya,National,"On 1 December 2024, an unidentified armed group launched four Grad missiles near the Wafa Oil Field (Nalut, West). There were no fatalities. No further information is available.",0,,1753970978
LBY11461,2024-03-27,2024,1,Strategic developments,Strategic developments,Non-violent transfer of territory,444th Brigade (Libya),111th Brigade (Libya); 166th Brigade (Libya); 555th Brigade (Libya); 55th Brigade (Libya); Al Silaa Brigade (Libya); Police Forces of Libya (2021-) Government of National Unity (GNU),Political militia,Zuwara Military Council (Libya),,Identity militia,Political militia-Identity militia,,434,Northern Africa,Libya,West,An Nuqat al Khams,,Ras Ajdir,33.15,11.5667,1,Address Libya; Al Wasat (Libya); Ean Libya Limited; Libya Herald; Libya24,Subnational-National,"On 27 March 2024, the 444th Brigade, 166th Brigade, 555th Brigade, 103 Battalion, 111th Brigade, 55th Brigade and police forces peacefully re-established GNU control over the Ras Ajdir border crossing at Ras Ajdir (An Nuqat al Khams, West) after the Zuwara Operations Room and the GNU reached an agreement. The GNU briefly lost control of the border crossing the previous week after local militias clashed with GNU-affiliated security forces, leading the GNU to decide to withdraw its forces and close the crossing.",0,,1759192014
LBY11882,2024-12-13,2024,1,Strategic developments,Strategic developments,Change to group/activity,Military Forces of Russia (2000-),,External/Other forces,,,,External/Other forces only,,434,Northern Africa,Libya,East,Al Marj,,Al Khadim Air Base,31.9988,21.1918,2,ItaMilRadar,New media,"Movement of forces: On 13 December 2024, two aircraft of the Russian Ministry of Emergency Situations that frequently carry out missions on behalf of the Ministry of Defense flew between Russia and the Al Khadim Air Base (Al Marj, East). The flights are part of a recently opened air bridge between Russia and Libya, following the fall of President Bashar Al Assad in Syria, a close ally of Moscow and the authorities in eastern Libya. The Russian flights overfly Turkey, the only NATO member that has not closed its airspace to them.",0,,1753954689
LBY11872,2024-12-09,2024,1,Strategic developments,Strategic developments,Change to group/activity,Misratah Communal Militia (Libya),,Identity militia,,,,Identity militia only,,434,Northern Africa,Libya,West,Misratah,,Wadi Zamzam,31.4,15.2833,1,Address Libya; Al Marsad,Subnational-National,"Movement of forces: On 9 December 2024, Misratah communal moved to Wadi Zamzam (Misratah, West). The deployment came after local residents protested on 19 November against the GNU's plans to turn their municipality into an administrative branch affiliated with Misratah (codified separately). Since then, local residents have set up a tent in the town as a form of protest, although no further, accompanying demonstrations have taken place.",0,,1734465872
LBY11873,2024-12-10,2024,1,Demonstrations,Protests,Peaceful protest,Protesters (Libya),,Protesters,,,,Protesters only,,434,Northern Africa,Libya,West,Al Marqab,,Tarhuna,32.435,13.6332,1,Address Libya; Al Wasat (Libya); Libya24,Subnational-National,"On 10 December 2024, local residents held a protest in Tarhuna (Al Marqab, West) over what they considered to be mismanagement and lack of support from the municipal council during a recent flooding, which left significant damage in the days before. A group of residents also closed off the access to the municipality's headquarters (means unspecified).",0,crowd size=no report,1734465872
LBY11874,2024-03-29,2024,1,Political violence,Battles,Armed clash,Mohamed Bahroun Militia (Libya),,Identity militia,Awlad Abu Hmeira Clan Militia (Libya),,Identity militia,Identity militia-Identity militia,,434,Northern Africa,Libya,West,Az Zawiyah,,Az Zawiyah,32.7571,12.7276,1,Address Libya; Al Marsad; Libya Security Monitor,New media-Subnational,"On 29 March 2024, Al Isnad militia and a militia of the Awlad Abu Hmeira clan engaged in an armed clash in the center of Az Zawiyah (Az Zawiyah, West). There were no fatalities. The reason for the outbreak of the clash is unknown.",0,,1759192014
LBY11877,2024-03-21,2024,1,Political violence,Violence against civilians,Attack,Unidentified Armed Group (Libya),,Political militia,Civilians (Libya),,Civilians,Political militia-Civilians,Civilian targeting,434,Northern Africa,Libya,West,Misratah,,Misratah,32.3754,15.0925,1,Al Marsad,National,"On 21 March 2024, an unidentified armed group tried unsuccessfully to abduct a civilian in Misratah (Misratah, West) after he had participated in a protest in the city the previous day (coded separately).",0,,1754410220
LBY11878,2024-03-19,2024,1,Political violence,Violence against civilians,Attack,Sabratha Communal Militia (Libya),,Identity militia,Civilians (Libya),,Civilians,Identity militia-Civilians,Civilian targeting,434,Northern Africa,Libya,West,An Nuqat al Khams,,Sabratha,32.7934,12.4885,1,Al Marsad,National,"On 19 March 2024, a local militia shot dead a civilian in Sabratha (An Nuqat al Khams, West). No further information is available.",1,,1754958639
LBY11879,2024-03-21,2024,1,Political violence,Explosions/Remote violence,Air/drone strike,Pro-GNA Faction and/or Military Forces of Turkey (2016-),,State forces,,,,State forces only,,434,Northern Africa,Libya,West,Az Zawiyah,,Al Harsha,32.7667,12.6666,1,Libya24,National,"On 21 March 2024, a drone of the Turkish Army bombed a fuel smuggling site in the area of Al Harsha (Az Zawiyah, West). No further information is available.",0,,1734465872
LBY11880,2024-03-22,2024,1,Demonstrations,Protests,Peaceful protest,Protesters (Libya),,Protesters,,,,Protesters only,,434,Northern Africa,Libya,East,Al Jabal Al Akhdar,,Shahhat,32.8304,21.85,1,Ean Libya Limited,National,"On 22 March 2024, local residents held a protest in Shahhat (Al Jabal Al Akhdar, East) over the deteriorating living and economic conditions in the country and its continued political deadlock. They also called on all current Libyan political leaders to leave the political frontline to facilitate a transition.",0,crowd size=no report,1734465872
LBY11881,2024-12-09,2024,2,Strategic developments,Strategic developments,Change to group/activity,Saleh Abdel Karim Habre Militia (Chad),,Rebel group,,,,Rebel group only,,434,Northern Africa,Libya,South,Murzuq,,Qatrun,24.9514,14.6486,2,WikiLeaks - El Fasher 'Darfur News',New media,"Change to armed group: Around 9 December 2024 (as reported), Saleh Abdel Karim Habre, a major trafficker and nephew of former Chadian President Hissene Habre, led the establishment of a new armed group integrated by Chadian fighters in the area of Qatrun (Murzuq, South). The new militia is preparing to fight alongside Sudan's Rapid Support Forces (RSF) with Chadian support. No further information is available, including the formal name of the group.",0,,1753970978
LBY11885,2024-12-08,2024,1,Strategic developments,Strategic developments,Change to group/activity,Military Forces of Russia (2000-),,External/Other forces,,,,External/Other forces only,,434,Northern Africa,Libya,East,Al Marj,,Al Khadim Air Base,31.9988,21.1918,1,Telegraph,International,"Movement of forces: On 8 December 2024, a Russian military-linked cargo plane flew from Belarus to the Al Khadim Air Base (Al Marj, East). The nature of its cargo is unknown, but there have been similar flights to the Al Khadim Air Base from Belarus and Russia (coded separately) following the fall of President Bashar Al Assad in Syria, a close ally of Moscow and the authorities in eastern Libya.",0,,1773707930
LBY11886,2024-12-12,2024,1,Strategic developments,Strategic developments,Change to group/activity,Military Forces of Russia (2000-),,External/Other forces,,,,External/Other forces only,,434,Northern Africa,Libya,East,Al Marj,,Al Khadim Air Base,31.9988,21.1918,1,New York Times,International,"Movement of forces: On 12 December 2024, a Russian military-linked cargo plane flew from Belarus to the Al Khadim Air Base (Al Marj, East). The nature of its cargo is unknown, but there have been similar flights to the Al Khadim Air Base from Belarus and Russia (coded separately) following the fall of President Bashar Al Assad in Syria, a close ally of Moscow and the authorities in eastern Libya.",0,,1753954689
LBY11887,2024-12-14,2024,1,Strategic developments,Strategic developments,Change to group/activity,Military Forces of Russia (2000-),,External/Other forces,,,,External/Other forces only,,434,Northern Africa,Libya,East,Al Marj,,Al Khadim Air Base,31.9988,21.1918,1,New York Times; Telegraph,International,"Movement of forces: On 14 December 2024, a Russian military-linked cargo plane flew from Belarus to the Al Khadim Air Base (Al Marj, East). The nature of its cargo is unknown, but there have been similar flights to the Al Khadim Air Base from Belarus and Russia (coded separately) following the fall of President Bashar Al Assad in Syria, a close ally of Moscow and the authorities in eastern Libya.",0,,1773707930
LBY11888,2024-12-26,2024,1,Strategic developments,Strategic developments,Change to group/activity,Military Forces of Russia (2000-),,External/Other forces,,,,External/Other forces only,,434,Northern Africa,Libya,East,Al Marj,,Al Khadim Air Base,31.9988,21.1918,1,Akhbar Libya; Libya Observer,National,"Movement of forces: On 26 December 2024, a Russian military aircraft suspected of carrying military equipment and supplies from Latakia, Syria landed at Al Khadim Air Base (Al Marj, East). This is the first time a Russian aircraft carrier flew directly from Syria to Libya since the fall of former President Bashar Al Asad in Syria.",0,,1753954689
LBY11432,2024-02-14,2024,1,Demonstrations,Protests,Peaceful protest,Protesters (Libya),Labor Group (Libya); PFG: Petroleum Facilities Guard,Protesters,,,,Protesters only,,434,Northern Africa,Libya,West,An Nuqat al Khams,,Mellitah,32.8535,12.2386,1,Address Libya; Akhbar Libya; Al Marsad; Libya Observer,Subnational-National,"On 14 February 2024, members of the Petroleum Facilities Guard protested in front of the Mellitah Oil and Gas Complex headquarters in Mellitah (An Nuqat al Khams, West), threatening to shut down the flow of gas if the GNU does not implement decisions to provide salary raises and other benefits.",0,crowd size=no report,1736818302
LBY11450,2024-02-12,2024,1,Political violence,Battles,Armed clash,Al Silaa Brigade (Libya),,Political militia,Al-Nasr Brigade (Libya),,Political militia,Political militia-Political militia,,434,Northern Africa,Libya,West,Az Zawiyah,,Az Zawiyah,32.7571,12.7276,1,Address Libya; Akhbar Libya; Libya Security Monitor; Libya24,New media-Subnational,"On 12 February 2024, the Al Sila Brigade and the Al Qasab Militia engaged in armed clashes near the Zawiyah oil refinery in Az Zawiyah (Az Zawiyah, West). 1 person was killed. The reasons for the clashes remain unknown.",1,,1759192014
LBY11445,2024-03-02,2024,1,Political violence,Battles,Armed clash,Awlad Saqr Clan Militia (Libya),,Identity militia,Mohamed Bahroun Militia (Libya),,Identity militia,Identity militia-Identity militia,,434,Northern Africa,Libya,West,Az Zawiyah,,Az Zawiyah,32.7571,12.7276,1,Akhbar Libya; Al Wasat (Libya); Libya Observer,National,"On 2 March 2024, an Awlad Saqr tribal militia and the Al Isnad militia engaged in an armed clash in Az Zawiyah (Az Zawiyah, West). The armed groups used light, medium, and heavy weapons. At least 1 person was killed in the fighting. The clash broke out shortly after a gunman from the Awlad Saqr tribe shot dead 2 members of Al Isnad in Al Harsha (coded separately).",1,,1759192014
LBY11876,2024-03-13,2024,2,Political violence,Battles,Armed clash,Zawiya Communal Militia (Libya),,Identity militia,Al Silaa Brigade (Libya),,Political militia,Political militia-Identity militia,,434,Northern Africa,Libya,West,Az Zawiyah,,Az Zawiyah,32.7571,12.7276,1,Address Libya; Akhbar Libya; Al Marsad,Subnational-National,"Around 13 March 2024 (as reported), an armed group (likely a Zawiya communal militia, based on location) shot a leader of the Al Sila Brigade in Az Zawiyah (Az Zawiyah, West). He had to be hospitalized in Tripoli but survived the assassination attempt.",0,,1759192014
LBY11424,2024-02-04,2024,1,Strategic developments,Strategic developments,Other,Unidentified Armed Group (Libya),,Political militia,Civilians (Libya),,Civilians,Political militia-Civilians,,434,Northern Africa,Libya,West,Misratah,,Tawurgha,32.0146,15.1125,1,Address Libya; Akhbar Libya; Al Marsad,Subnational-National,"Explosive remnants of war: On 4 February 2024, a mine planted by an unidentified armed group, likely a remnant of Libya's civil war, detonated in Tawurgha (Misratah, West), injuring a child.",0,,1764045636
LBY11431,2024-02-11,2024,1,Strategic developments,Strategic developments,Other,Unidentified Armed Group (Libya),,Political militia,Civilians (Libya),,Civilians,Political militia-Civilians,,434,Northern Africa,Libya,West,Tripoli,,Tripoli - Tripoli Airport Road,32.7549,13.1427,1,Al Wasat (Libya); Libya News Agency; Libya Observer,National,"Explosive remnants of war: On 11 February 2024, a war remnant left by an unidentified armed group detonated in Tripoli - Tripoli Airport Road (Tripoli, West), injuring 2 children.",0,,1754354897
LBY11570,2024-06-01,2024,1,Demonstrations,Protests,Peaceful protest,Protesters (Libya),,Protesters,,,,Protesters only,,434,Northern Africa,Libya,West,Al Jafarah,,An-Najila,32.7187,13.0297,1,Al Wasat (Libya),National,"On 1 June 2024, residents held a protest in An-Najila (Al Jafarah, West), calling on the GNU to stop expropriating their homes, that the land on which they have lived for decades is being taken under the pretext of it being public property.",0,crowd size=no report,1736845156
LBY11770,2024-09-29,2024,2,Strategic developments,Strategic developments,Arrests,Police Forces of Libya (2021-) Government of National Unity (GNU),,State forces,55th Brigade (Libya),,Political militia,State forces-Political militia,,434,Northern Africa,Libya,West,Al Jafarah,,Al Amiriyah,32.6339,12.9586,1,Libya Security Monitor,New media,"Around 29 September 2024, police forces arrested a member of the 55th Brigade in Al Amiriyah (Al Jafarah, West). The Brigade then attacked the local police station on 29 September to free him (coded separately).",0,,1759192014
LBY11849,2024-11-27,2024,1,Political violence,Battles,Armed clash,55th Brigade (Libya),,Political militia,Radaa: Special Deterrence Forces,Stability Support Apparatus,Political militia,Political militia-Political militia,,434,Northern Africa,Libya,West,Al Jafarah,,An-Najila,32.7187,13.0297,1,Address Libya; Akhbar Libya; Al Marsad; Libya Security Monitor,New media-Subnational,"On 27 November 2024, the 55th Brigade and a joint convoy of the Stability Support Apparatus and the Apparatus for Deterring Terrorism (Rada) engaged in an armed clash in An-Najila (Al Jafarah, West) following an altercation that broke out as the convoy passed by a checkpoint belonging to the 55th Brigade. Between 2-7 fighters were killed from both sides and numerous others wounded. The commanders of the 55th Brigade and Rada later agreed to hand over to the prosecution the fighter from Rada who initiated the shooting.",2,,1759192014
LBY11855,2024-11-27,2024,1,Strategic developments,Strategic developments,Change to group/activity,Unidentified Armed Group (Libya),,Political militia,,,,Political militia only,,434,Northern Africa,Libya,West,Al Jafarah,,An-Najila,32.7187,13.0297,1,Akhbar Libya,National,"Movement of forces: On 27 November 2024, an unidentified armed group deployed to An-Najila (Al Jafarah, West) following an armed clash in the area that left six dead (coded separately).",0,,1753970978
LBY11883,2024-11-26,2024,2,Political violence,Violence against civilians,Attack,Police Forces of Libya (2022-) Government of National Stability (GNS),,State forces,Civilians (Syria),Migrants (Syria); Prisoners (Syria),Civilians,State forces-Civilians,Civilian targeting,434,Northern Africa,Libya,East,Al Jabal Al Akhdar,,Al Baydah,32.7627,21.7551,1,Akhbar Libya,National,"Around 26 November 2024 (as reported), police officers from eastern Libya tortured a Syrian migrant detained in Al Baydah (Al Jabal Al Akhdar, East). The victim was released on 20 December and died of torture wounds one day later. The reason for the arrest is unknown.",1,,1759181266
LBY11884,2025-01-10,2025,2,Political violence,Violence against civilians,Attack,Unidentified Armed Group (Libya),,Political militia,Civilians (Ethiopia),Migrants (Ethiopia); Women (Ethiopia),Civilians,Political militia-Civilians,Civilian targeting,434,Northern Africa,Libya,East,Al Kufrah,,Al Kufrah,24.167,23.27,1,BBC News; Libya Observer,National-International,"Around 10 January 2025, an unidentified armed group tortured an Ethiopian migrant woman abducted in 2024 in Al Kufrah (Al Kufrah, East) to force her family to pay a ransom.",0,,1762291775
LBY11889,2024-12-01,2024,2,Political violence,Violence against civilians,Attack,Ajdabiya Security Directorate,,Identity militia,Civilians (Libya),Prisoners (Libya),Civilians,Identity militia-Civilians,Civilian targeting,434,Northern Africa,Libya,East,Al Wahat,,Ajdabiya,30.7555,20.2263,1,Libya Observer,National,"Around 1 December 2024 (as reported), officers of the Ajdabiya Security Directorate tortured a civilian they had arrested on 1 December in Ajdabiya (Al Wahat, East). The victim, who was placed in solitary confinement, was later transferred to a hospital, where he remained in a coma for 12 days due to the head injuries he sustained and eventually died on 16 December. The reason for the arrest is unknown.",1,,1736845156
LBY11890,2024-12-06,2024,1,Political violence,Violence against civilians,Attack,Ajdabiya Security Directorate,,Identity militia,Civilians (Libya),Prisoners (Libya),Civilians,Identity militia-Civilians,Civilian targeting,434,Northern Africa,Libya,East,Al Wahat,,Ajdabiya,30.7555,20.2263,1,Akhbar Libya,National,"On 6 December 2024, officers from the Ajdabiya Security Directorate tortured a civilian detainee in Ajdabiya (Al Wahat, East). The victim was admitted to a hospital after suffering a brain hemorrhage as a result of the torture and died on 15 December. The reason for the arrest is unknown.",1,,1736845156
LBY11891,2024-01-02,2024,1,Political violence,Violence against civilians,Abduction/forced disappearance,Military Forces of Libya (2014-) Libyan National Army (LNA) - Tariq Bin Ziyad Brigade,,Political militia,Civilians (Libya),,Civilians,Political militia-Civilians,Civilian targeting,434,Northern Africa,Libya,East,Benghazi,,Benghazi,32.1177,20.1293,1,Akhbar Libya,National,"On 2 January 2024, members of the Tariq Bin Ziyad Brigade abducted the son of a member of the House of Representatives in Benghazi (Benghazi, East). The reasons are unknown, but the victim's father was collecting signatures of MPs to replace the Speaker of the House.",0,,1759192014
LBY11892,2024-12-09,2024,1,Strategic developments,Strategic developments,Change to group/activity,Military Forces of Russia (2000-),,External/Other forces,,,,External/Other forces only,,434,Northern Africa,Libya,South,Al Jufrah,,Al Jufrah Air Base,29.1981,16.0011,1,AEI Critical Threats,International,"Movement of forces: On 9 December 2024, a Russian Il-76 cargo aircraft (likely operating on behalf of the Ministry of Defense, based on previous activity in the same site) landed at Al Jufrah Air Base (Al Jufrah, South). The origin and route of the flight is unknown, as the aircraft is suspected to have turned off its transponder. The following day, 10 December, satellite imagery showed a Russian Il-76 at Al Jufrah, but it is unknown if it is the same one captured on 9 December. The move comes as Russia reinforces its presence in Libya following the fall of President Bashar Al Assad in Syria, a close ally of Moscow.",0,,1753954689
LBY11893,2024-12-15,2024,1,Strategic developments,Strategic developments,Change to group/activity,Military Forces of Russia (2000-),,External/Other forces,,,,External/Other forces only,,434,Northern Africa,Libya,South,Al Jufrah,,Al Jufrah Air Base,29.1981,16.0011,1,AEI Critical Threats,International,"Movement of forces: On 15 December 2024, a Russian Il-76 cargo aircraft (likely operating on behalf of the Ministry of Defense, based on previous activity in the same site) landed at Al Jufrah Air Base (Al Jufrah, South). The origin and route of the flight is unknown, as the aircraft is suspected to have turned off its transponder. On the following two days, 16-17 December, satellite imagery showed a Russian Il-76 at Al Jufrah, but it is unknown if it is the same one captured on 15 December. The move comes as Russia reinforces its presence in Libya following the fall of President Bashar Al Assad in Syria, a close ally of Moscow.",0,,1753954689
LBY11894,2024-01-17,2024,1,Demonstrations,Protests,Peaceful protest,Protesters (Libya),,Protesters,,,,Protesters only,,434,Northern Africa,Libya,South,Sabha,,Sabha,27.0377,14.4283,1,Libya24,National,"On 17 January 2024, residents held a protest in front of the court in Sabha (Sabha, South) to call for the release of people detained in connection with the 2011 revolution.",0,crowd size=no report,1736845156
LBY11896,2025-01-05,2025,1,Political violence,Explosions/Remote violence,Remote explosive/landmine/IED,Unidentified Armed Group (Libya),,Political militia,,,,Political militia only,,434,Northern Africa,Libya,West,Al Jabal Al Gharbi,,Shakshuk,32.0202,11.9495,1,Al Marsad; Al Wasat (Libya); Libya Observer; Libya Security Monitor,New media-National,"On 5 January 2025, an unidentified armed group detonated a bomb in a storeroom of the Old Mosque of Shakshuk (Al Jabal Al Gharbi, West), which was severely damaged. The perpetrators are unknown, but the attack is suspected to have been related to claims that the 400-year-old mosque housed a shrine, which its administration denied.",0,,1762291775
LBY11898,2024-01-12,2024,1,Demonstrations,Protests,Peaceful protest,Protesters (Libya),Zintan Communal Group (Libya),Protesters,,,,Protesters only,,434,Northern Africa,Libya,West,Al Jabal Al Gharbi,,Zintan,31.9223,12.252,1,Libya24,National,"On 12 January 2024, residents held a protest in Zintan (Al Jabal Al Gharbi, West) after the Friday prayers to express their rejection of the GNU's plans to remove fuel subsidies.",0,crowd size=no report,1736845157
LBY11899,2024-02-16,2024,1,Demonstrations,Protests,Peaceful protest,Protesters (Libya),Zintan Ethnic Militia (Libya),Protesters,,,,Protesters only,,434,Northern Africa,Libya,West,Al Jabal Al Gharbi,,Zintan,31.9223,12.252,1,Libya24,National,"On 16 February 2024, members of local militias paraded through Zintan (Al Jabal Al Gharbi, West) to demand the resignation of the GNU.",0,crowd size=no report,1736845157
LBY11900,2024-03-08,2024,1,Demonstrations,Protests,Peaceful protest,Protesters (Libya),Zintan Ethnic Militia (Libya),Protesters,,,,Protesters only,,434,Northern Africa,Libya,West,Al Jabal Al Gharbi,,Zintan,31.9223,12.252,1,Akhbar Libya; Libya24,National,"On 8 March 2024, members of local militias paraded through Zintan (Al Jabal Al Gharbi, West), including with military vehicles, to demand the resignation of the GNU and threaten to resort to military means to overthrow it.",0,crowd size=no report,1736845157
LBY11901,2025-01-03,2025,1,Demonstrations,Protests,Peaceful protest,Protesters (Libya),Health Workers (Libya); Labor Group (Libya),Protesters,,,,Protesters only,,434,Northern Africa,Libya,West,Al Jabal Al Gharbi,,Zintan,31.9223,12.252,1,Address Libya,Subnational,"On 3 January 2025, residents and staff of a local hospital held a protest in Zintan (Al Jabal Al Gharbi, West) in solidarity with the Palestinian people and in particular the director of the Kamal Adwan hospital in northern Gaza, recently arrested by Israeli forces.",0,crowd size=no report,1736845157
LBY11902,2025-01-06,2025,1,Demonstrations,Riots,Violent demonstration,Rioters (Libya),,Rioters,,,,Rioters only,,434,Northern Africa,Libya,West,Al Jabal Al Gharbi,,Zintan,31.9223,12.252,1,Address Libya; Akhbar Libya,Subnational-National,"On 6 January 2025, overnight, rioters burned tires during a demonstration against the GNU and PM Abdulhamid Dbeiba in Zintan (Al Jabal Al Gharbi, West). The demonstration followed an interview of former Foreign Minister Najla al-Mangoush on Al Jazeera in which she spoke about her meeting with her Israeli counterpart Eli Cohen in August 2023, which in turn reignited speculation that the GNU intends to normalize relations with Israel. Similar demonstrations took place in other cities of western Libya on the same night (all coded separately).",0,crowd size=no report,1736845157
LBY11903,2024-12-18,2024,2,Strategic developments,Strategic developments,Change to group/activity,Police Forces of Libya (2021-) Government of National Unity (GNU),,State forces,,,,State forces only,,434,Northern Africa,Libya,West,Al Jabal Al Gharbi,,Hamada Oil Field,29.5073,12.9704,2,Libya Observer,National,"Security measures: Around 18 December 2024 (as reported), a unit of the GNU interior ministry stepped up its patrolling operations in the desert area stretching from the border triangle between Libya, Tunisia and Algeria to the Hamada Oil Field (Al Jabal Al Gharbi, West). The interior ministry claimed that the measure is part of its efforts to reinforce security and curb illegal activities in the area, where there have been several incidents in recent weeks between the 444th Brigade and the Border Guards (coded separately).",0,,1759192014
LBY11904,2024-12-31,2024,1,Strategic developments,Strategic developments,Change to group/activity,Military Forces of Libya (2014-) Libyan National Army (LNA),,State forces,,,,State forces only,,434,Northern Africa,Libya,West,Al Jabal Al Gharbi,,Hamada Oil Field,29.5073,12.9704,1,Akhbar Libya,National,"Security measures: On 31 December 2024, an infantry brigade of Khalifa Haftar's Libyan National Army (LNA) conducted patrols around the desert area of the Hamada Oil Field (Al Jabal Al Gharbi, West), including near the border with Algeria. The LNA claimed that the aim of the patrols was to enhance security along the border, but in recent months tension has increased in the area between forces affiliated with the country's rival governments and there have been a number of armed clashes between different groups (coded separately).",0,,1759192014
LBY11905,2024-02-10,2024,1,Strategic developments,Strategic developments,Change to group/activity,Misratah Communal Militia (Libya),Radaa: Special Deterrence Forces,Identity militia,,,,Identity militia only,,434,Northern Africa,Libya,West,Al Jabal Al Gharbi,,Gharyan,32.1722,13.0203,1,Akhbar Libya,National,"Movement of forces: On 10 February 2024, armed groups from Misratah moved towards Gharyan (Al Jabal Al Gharbi, West) after members of the Stability Support Apparatus (SSA) attacked the local headquarters of the Counter Terrorism Force, which is an ally of the groups that departed Misratah (coded separately).",0,,1759192014
LBY11906,2024-01-20,2024,1,Political violence,Violence against civilians,Abduction/forced disappearance,Unidentified Armed Group (Libya),,Political militia,Civilians (Libya),,Civilians,Political militia-Civilians,Civilian targeting,434,Northern Africa,Libya,West,Al Jafarah,,Ghout Abu Saq,32.6784,13.0066,1,Libya24,National,"On 20 January 2024, an unidentified armed group abducted the brother of the 55th Brigade commander in the area of Ghout Abu Saq (Al Jafarah, West). The reason for the abduction is unknown.",0,,1754410220
LBY11907,2024-01-21,2024,1,Demonstrations,Protests,Peaceful protest,Protesters (Libya),,Protesters,,,,Protesters only,,434,Northern Africa,Libya,West,Al Jafarah,,Janzur,32.8187,13.0173,1,Akhbar Libya,National,"On 21 January 2024, members of a union of tribes loyal to the regime of former President Muammar Gaddafi held a protest outside the headquarters of the UN mission in Libya in Janzur (Al Jafarah, West) to criticize the mission's role in the country's political stalemate and to reject foreign interference in national affairs.",0,crowd size=no report,1736845157
LBY11908,2025-01-06,2025,1,Demonstrations,Protests,Peaceful protest,Protesters (Libya),,Protesters,,,,Protesters only,,434,Northern Africa,Libya,West,Al Marqab,,Msallata,32.5822,14.04,1,Libya Herald,National,"On 6 January 2025, overnight, residents held a protest against the GNU and PM Abdulhamid Dbeiba in Msallata (Al Marqab, West). The protest followed an interview of former Foreign Minister Najla al-Mangoush on Al Jazeera in which she spoke about her meeting with her Israeli counterpart Eli Cohen in August 2023, which in turn reignited speculation that the GNU intends to normalize relations with Israel. Similar protests took place in other cities of western Libya on the same night (all coded separately).",0,crowd size=no report,1736845157
LBY11909,2024-01-16,2024,2,Political violence,Violence against civilians,Abduction/forced disappearance,Unidentified Armed Group (Libya),,Political militia,Civilians (Libya),,Civilians,Political militia-Civilians,Civilian targeting,434,Northern Africa,Libya,West,An Nuqat al Khams,,Raqdalin,32.8673,11.8529,1,Address Libya; Al Marsad,Subnational-National,"Around 16 January 2024 (as reported), an unidentified armed group abducted a civilian in Raqdalin (An Nuqat al Khams, West). The reasons are unknown, but the abduction prompted protests in the city (coded separately).",0,,1754410220
LBY11910,2024-01-16,2024,1,Demonstrations,Protests,Peaceful protest,Protesters (Libya),,Protesters,,,,Protesters only,,434,Northern Africa,Libya,West,An Nuqat al Khams,,Raqdalin,32.8673,11.8529,1,Address Libya; Al Marsad,Subnational-National,"On 16 January 2024, locals held a protest in Raqdalin (An Nuqat al Khams, West) over the abduction of a resident at the hands of an armed group (coded separately).",0,crowd size=no report,1736845157
LBY11911,2024-12-27,2024,1,Demonstrations,Riots,Violent demonstration,Rioters (Libya),Sabratha Communal Group (Libya),Rioters,,,,Rioters only,,434,Northern Africa,Libya,West,An Nuqat al Khams,,Sabratha,32.7934,12.4885,1,Akhbar Libya; Al Marsad; Libya24,National,"On 27 December 2024, overnight rioters blocked a road with burning tires in Sabratha (An Nuqat al Khams, West) in a demonstration over a problem with the sewage system following heavy rains. They threatened to oust the municipal council and escalate the crisis to the Tripoli government if solutions are not found.",0,crowd size=no report,1754958639
LBY11912,2024-12-29,2024,1,Demonstrations,Riots,Violent demonstration,Rioters (Libya),Sabratha Communal Group (Libya),Rioters,,,,Rioters only,,434,Northern Africa,Libya,West,An Nuqat al Khams,,Sabratha,32.7934,12.4885,1,Akhbar Libya; Al Marsad; Libya24,National,"On 29 December 2024, for the second day in a row, rioters blocked, with earth mounds and burning tires, a road and the access to the town hall in Sabratha (An Nuqat al Khams, West) during a demonstration over a problem with the sewage system and poor infrastructure management following heavy rains. Rioters threatened to oust the municipal council and escalate the crisis to the Tripoli government if solutions are not found.",0,crowd size=no report,1754958639
LBY11913,2025-01-06,2025,1,Demonstrations,Riots,Violent demonstration,Rioters (Libya),,Rioters,,,,Rioters only,,434,Northern Africa,Libya,West,An Nuqat al Khams,,Sabratha,32.7934,12.4885,1,Address Libya; Akhbar Libya,Subnational-National,"On 6 January 2025, overnight, rioters burned tires during a demonstration against the GNU and PM Abdulhamid Dbeiba in Sabratha (An Nuqat al Khams, West). The demonstration followed an interview of former Foreign Minister Najla al-Mangoush on Al Jazeera in which she spoke about her meeting with her Israeli counterpart Eli Cohen in August 2023, which in turn reignited speculation that the GNU intends to normalize relations with Israel. Similar demonstrations took place in other cities of western Libya on the same night (all coded separately).",0,crowd size=no report,1754958639
LBY11914,2024-03-02,2024,1,Political violence,Battles,Armed clash,Awlad Saqr Clan Militia (Libya),,Identity militia,Mohamed Bahroun Militia (Libya),,Identity militia,Identity militia-Identity militia,,434,Northern Africa,Libya,West,Az Zawiyah,,Al Harsha,32.7667,12.6666,1,Address Libya; Akhbar Libya; Al Marsad; Libya Observer,Subnational-National,"On 2 March 2024, a gunman from the Awlad Saqr tribe and members of the Al Isnad militia engaged in an armed clash in Al Harsha (Az Zawiyah, West). 1 member of Al Isnad was killed on the spot, and another died shortly after being hospitalized. Total fatalities coded as 2. The clash sparked wider clashes in Zawiyah (coded separately).",2,,1759192014
LBY11916,2024-02-26,2024,1,Political violence,Explosions/Remote violence,Shelling/artillery/missile attack,Zawiya Communal Militia (Libya),,Identity militia,Mohamed Bahroun Militia (Libya),,Identity militia,Identity militia-Identity militia,,434,Northern Africa,Libya,West,Az Zawiyah,,Az Zawiyah,32.7571,12.7276,1,Akhbar Libya; Al Marsad; Libya24,National,"On 26 February 2024, an armed group (likely a Zawiyah communal militia, based on location) fired an RPG at a member of the Al Isnad militia in Az Zawiyah (Az Zawiyah, West). He was killed. No further information is available.",1,,1759192014
LBY11917,2024-03-02,2024,1,Strategic developments,Strategic developments,Change to group/activity,Al Silaa Brigade (Libya),,Political militia,,,,Political militia only,,434,Northern Africa,Libya,West,Az Zawiyah,,Az Zawiyah,32.7571,12.7276,2,Akhbar Libya; Al Marsad; Libya Observer,National,"Security measures: On 2 March 2024, the 103rd Battalion deployed as a neutral force to Al Harsha and Az Zawiyah (Az Zawiyah, West) in order to separate members of an Awlad Saqr tribal militia and the Al Isnad militia, which had engaged in an armed clash in the area on the same day (coded separately).",0,,1759192014
LBY11918,2024-03-02,2024,1,Political violence,Explosions/Remote violence,Shelling/artillery/missile attack,Zawiya Communal Militia (Libya),,Identity militia,Stability Support Apparatus,,Political militia,Political militia-Identity militia,,434,Northern Africa,Libya,West,Az Zawiyah,,Az Zawiyah,32.7571,12.7276,1,Akhbar Libya; Libya24,National,"On 2 March 2024, an armed group (likely a Zawiyah communal militia, based on location) launched a mortar shell at the headquarters of the Stability Support Apparatus (SSA) in Az Zawiyah (Az Zawiyah, West). 6 members of the SSA were wounded, but there were no fatalities. The attack took place in the midst of an armed clash in the town between members of the Awlad Saqr tribe and Al Isnad militia (coded separately).",0,,1759192014
LBY11919,2024-03-05,2024,1,Political violence,Violence against civilians,Attack,Zawiya Communal Militia (Libya),,Identity militia,Civilians (Libya),,Civilians,Identity militia-Civilians,Civilian targeting,434,Northern Africa,Libya,West,Az Zawiyah,,Az Zawiyah,32.7571,12.7276,1,Akhbar Libya; Libya24,National,"On 5 March 2024, an armed group (likely a Zawiyah communal militia, based on location) shot dead 2 people in Az Zawiyah (Az Zawiyah, West). One of the victims was the brother of a local Al Isnad militia leader, but it is not known whether he personally belonged to the group as well.",2,,1736845157
LBY11920,2024-03-11,2024,1,Political violence,Violence against civilians,Attack,Zawiya Communal Militia (Libya),,Identity militia,Civilians (Libya),,Civilians,Identity militia-Civilians,Civilian targeting,434,Northern Africa,Libya,West,Az Zawiyah,,Az Zawiyah,32.7571,12.7276,1,Address Libya; Al Marsad,Subnational-National,"On 11 March 2024, an armed group (likely a Zawiya communal militia, based on location) shot dead a civilian in Az Zawiyah (Az Zawiyah, West).",1,,1736845157
LBY11921,2024-03-12,2024,1,Political violence,Violence against civilians,Attack,Unidentified Armed Group (Libya),,Political militia,Civilians (Libya),Al Silaa Brigade (Libya),Civilians,Political militia-Civilians,Civilian targeting,434,Northern Africa,Libya,West,Az Zawiyah,,Az Zawiyah,32.7571,12.7276,1,Libya24,National,"On 12 March 2024, an unidentified armed group killed a member of Al Sila Brigade in Az Zawiyah (Az Zawiyah, West). The victim's family claimed that the killing took place after his release from prison and was committed out of revenge by a family with whom he had a feud.",1,,1759192014
LBY11922,2024-12-22,2024,2,Political violence,Violence against civilians,Attack,Zawiya Communal Militia (Libya),,Identity militia,Civilians (Libya),,Civilians,Identity militia-Civilians,Civilian targeting,434,Northern Africa,Libya,West,Az Zawiyah,,Az Zawiyah,32.7571,12.7276,1,Address Libya,Subnational,"Around 22 December 2024 (as reported), an unidentified armed group (likely a Zawiyah communal militia, based on location) killed a civilian and dumped his body near a mosque in Az Zawiyah (Az Zawiyah, West). No further information is available.",1,,1736845157
LBY11923,2025-01-02,2025,1,Political violence,Battles,Armed clash,Mohamed Bahroun Militia (Libya),,Identity militia,Police Forces of Libya (2021-) Government of National Unity (GNU) - Criminal Investigations Department,,State forces,State forces-Identity militia,,434,Northern Africa,Libya,West,Az Zawiyah,,Az Zawiyah,32.7571,12.7276,1,Libya Security Monitor,New media,"On 2 January 2025, members of the Al Isnad militia shot an officer of the Western Criminal Investigation Department in Az Zawiyah (Az Zawiyah, West). He survived.",0,,1759192014
LBY11924,2025-01-02,2025,1,Strategic developments,Strategic developments,Change to group/activity,Zawiya Communal Militia (Libya),,Identity militia,,,,Identity militia only,,434,Northern Africa,Libya,West,Az Zawiyah,,Az Zawiyah,32.7571,12.7276,1,Libya Security Monitor,New media,"Movement of forces: On 2 January 2025, overnight local militias mobilized and deployed in Az Zawiyah (Az Zawiyah, West) after members of the Al Isnad militia shot a police officer (coded separately).",0,,1736845157
LBY11927,2025-01-03,2025,1,Strategic developments,Strategic developments,Change to group/activity,Military Forces of Libya (2021-) Government of National Unity (GNU),,State forces,,,,State forces only,,434,Northern Africa,Libya,West,Az Zawiyah,,Az Zawiyah,32.7571,12.7276,1,Address Libya; Akhbar Libya; Al Marsad; Al Wasat (Libya); Libya News Agency; Libya Observer,Subnational-National,"Security measures: On 3 January 2025, the West Coast Military Region of the Libyan Army affiliated to the western-based Presidential Council announced a military operation in Az Zawiyah (Az Zawiyah, West). The aim of the operation is to restore security and stability in the city, which has been the scene of numerous events of armed clashes between local militias and violence against civilians over the past year.",0,,1759192014
LBY11928,2025-01-04,2025,1,Strategic developments,Strategic developments,Non-violent transfer of territory,Military Forces of Libya (2021-) Government of National Unity (GNU),,State forces,Al-Nasr Brigade (Libya),,Political militia,State forces-Political militia,,434,Northern Africa,Libya,West,Az Zawiyah,,Az Zawiyah,32.7571,12.7276,1,Address Libya; Akhbar Libya; Al Wasat (Libya); Ean Libya Limited; Libya Herald; Libya Observer; Libya24,Subnational-National,"On 4 January 2025, the West Coast Military Region of the Libyan Army took control of the refinery of Az Zawiyah (Az Zawiyah, West) and set up there its headquarters to command the military operation in the city announced the day before (coded separately). On 7 January the West Coast Military Region stated that it had indefinitely taken over the task of securing the refinery, which is one of the largest in Libya and was previously controlled by the Al Qasab militia. There were no armed clashes or fatalities.",0,,1759192014
LBY11929,2025-01-04,2025,1,Strategic developments,Strategic developments,Change to group/activity,Military Forces of Libya (2021-) Government of National Unity (GNU),,State forces,Al Silaa Brigade (Libya),,Political militia,State forces-Political militia,,434,Northern Africa,Libya,West,Az Zawiyah,,Az Zawiyah,32.7571,12.7276,1,Libya Security Monitor,New media,"Security measures: On 4 January 2025, forces from the West Coast Military Region stormed the Al Sila Brigade headquarters in Az Zawiyah (Az Zawiyah, West). The assault took place as part of a military operation in and around the city announced by the Libyan Army on 3 January (coded separately). There were no armed clashes or fatalities.",0,,1759192014
LBY11930,2025-01-04,2025,1,Strategic developments,Strategic developments,Change to group/activity,Military Forces of Libya (2021-) Government of National Unity (GNU),,State forces,,,,State forces only,,434,Northern Africa,Libya,West,Az Zawiyah,,Az Zawiyah,32.7571,12.7276,2,Address Libya; Al Marsad; Libya Security Monitor; Libya24,New media-Subnational,"Movement of forces: On 4 January 2025, the West Coast Military Region of the Libyan Army deployed several hundred vehicles, including some armored, and about 1,800 troops in and around Az Zawiyah (Az Zawiyah, West). The movement of forces, dispatched from other garrisons, took place as part of a military operation in and around Zawiyah announced by the Libyan Army on 3 January (coded separately).",0,,1759192014
LBY11931,2025-01-06,2025,1,Demonstrations,Riots,Violent demonstration,Rioters (Libya),,Rioters,,,,Rioters only,,434,Northern Africa,Libya,West,Az Zawiyah,,Az Zawiyah,32.7571,12.7276,1,Address Libya; Al Marsad,Subnational-National,"On 6 January 2025, overnight, rioters burned tires during a demonstration against the GNU and PM Abdulhamid Dbeiba in Az Zawiyah (Az Zawiyah, West). The demonstration followed an interview of former Foreign Minister Najla al-Mangoush on Al Jazeera in which she spoke about her meeting with her Israeli counterpart Eli Cohen in August 2023, which in turn reignited speculation that the GNU intends to normalize relations with Israel. Similar demonstrations took place in other cities of western Libya on the same night (all coded separately).",0,crowd size=no report,1736845157
LBY11932,2024-12-21,2024,1,Demonstrations,Protests,Protest with intervention,Protesters (Libya),,Protesters,Police Forces of Libya (2021-) Government of National Unity (GNU),,State forces,State forces-Protesters,,434,Northern Africa,Libya,West,Misratah,,Bani Walid,31.7566,13.9942,1,Libya Observer,National,"On 21 December 2024, residents, including members of the local council and neighborhood representatives, held a protest in Bani Walid (Misratah, West) to call for the expulsion of mercenaries and denounce instances of harassment. Security forces dispersed the protest (means unspecified) and briefly arrested several protesters.",0,crowd size=dozens,1759192014
LBY11933,2025-01-06,2025,1,Demonstrations,Riots,Violent demonstration,Rioters (Libya),,Rioters,,,,Rioters only,,434,Northern Africa,Libya,West,Misratah,,Bani Walid,31.7566,13.9942,1,Address Libya; Akhbar Libya; Al Marsad,Subnational-National,"On 6 January 2025, overnight, rioters burned tires during a demonstration against the GNU and PM Abdulhamid Dbeiba in Bani Walid (Misratah, West). The demonstration followed an interview of former Foreign Minister Najla al-Mangoush on Al Jazeera in which she spoke about her meeting with her Israeli counterpart Eli Cohen in August 2023, which in turn reignited speculation that the GNU intends to normalize relations with Israel. Similar demonstrations took place in other cities of western Libya on the same night (all coded separately).",0,crowd size=no report,1736845157
LBY11934,2024-01-02,2024,1,Demonstrations,Protests,Peaceful protest,Protesters (Libya),Students (Libya),Protesters,,,,Protesters only,,434,Northern Africa,Libya,West,Misratah,,Misratah,32.3754,15.0925,1,Akhbar Libya; Al Marsad; Libya24,National,"On 2 January 2024, students of Misratah University held a protest in Misratah (Misratah, West) to call for changes in the administration and its faculty staff and academic councils due to what they consider mismanagement.",0,crowd size=no report,1736845157
LBY11936,2024-01-29,2024,1,Demonstrations,Protests,Peaceful protest,Protesters (Libya),Labor Group (Libya); Unidentified Armed Group (Libya),Protesters,,,,Protesters only,,434,Northern Africa,Libya,West,Misratah,,Misratah,32.3754,15.0925,1,Address Libya,Subnational,"On 29 January 2024, an unidentified armed group closed (means unspecified) one of the access gates to Misratah (Misratah, West) to demand overdue payments from the GNU.",0,crowd size=no report,1736845157
LBY11937,2024-02-06,2024,1,Demonstrations,Protests,Peaceful protest,Protesters (Libya),Labor Group (Libya),Protesters,,,,Protesters only,,434,Northern Africa,Libya,West,Misratah,,Misratah,32.3754,15.0925,1,Al Marsad,National,"On 6 February 2024, workers of the Libyan Ground Services Company held a protest in Misratah (Misratah, West) in rejection of the GNU's plans to privatize the company and to ask the Attorney General to intervene to stop the move.",0,crowd size=no report,1736845157
LBY11939,2025-01-06,2025,1,Demonstrations,Protests,Peaceful protest,Protesters (Libya),,Protesters,,,,Protesters only,,434,Northern Africa,Libya,West,Misratah,,Misratah,32.3754,15.0925,1,Address Libya; Akhbar Libya; Al Marsad; Al Wasat (Libya); Libya24,Subnational-National,"On 6 January 2025, overnight, residents held a protest against the GNU and PM Abdulhamid Dbeiba in Misratah (Misratah, West). The protest followed an interview of former Foreign Minister Najla al-Mangoush on Al Jazeera in which she spoke about her meeting with her Israeli counterpart Eli Cohen in August 2023, which in turn reignited speculation that the GNU intends to normalize relations with Israel. Similar protests took place in other cities of western Libya on the same night (all coded separately).",0,crowd size=no report,1736845157
LBY11940,2025-01-10,2025,1,Demonstrations,Protests,Peaceful protest,Protesters (Libya),,Protesters,,,,Protesters only,,434,Northern Africa,Libya,West,Misratah,,Misratah,32.3754,15.0925,1,Address Libya; Akhbar Libya; Al Marsad; Libya24; New Arab,Subnational-National,"On 10 January 2025, residents held a protest in Misratah (Misratah, West) following unconfirmed rumors about the GNU's plans to normalize relations with Israel.",0,crowd size=no report,1764637279
LBY11942,2024-03-07,2024,1,Demonstrations,Protests,Peaceful protest,Protesters (Libya),Tawergha Communal Group (Libya),Protesters,,,,Protesters only,,434,Northern Africa,Libya,West,Misratah,,Tawurgha,32.0146,15.1125,1,Libya Observer,National,"On 7 March 2024, residents held a protest in Tawurgha (Misratah, West) over difficult living conditions and to call on the authorities for improvements in administrative and educational services, as well as in the local electricity, water and road networks. They also asked the government for compensations to locals who left the city in the wake of the 2011 civil war, and for the removal of war remnants.",0,crowd size=no report,1736845157
LBY11943,2025-01-09,2025,2,Strategic developments,Strategic developments,Change to group/activity,Police Forces of Libya (2021-) Government of National Unity (GNU),,State forces,,,,State forces only,,434,Northern Africa,Libya,West,Nalut,,Nalut,31.8685,10.9812,2,Akhbar Libya,National,"Security measures: Around 9 January 2025, police patrols led by the border security sector of Nalut (Nalut, West) intensified their activity in the Tunisian border area.",0,,1759192014
LBY11944,2025-01-06,2025,1,Demonstrations,Protests,Peaceful protest,Protesters (Libya),Labor Group (Libya),Protesters,,,,Protesters only,,434,Northern Africa,Libya,West,Surt,,Ras Lanuf,30.5869,18.4178,3,Al Wasat (Libya); Libya Observer,National,"On 6 January 2025, citizens who identified as members of a group called the Oil Crescent Region Movement held a protest to condemn the area's neglect and to call for the relocation of five oil companies there. The protesters threatened to shut down the region's oil fields and ports if the National Oil Corporation (NOC) does not implement their demands within two weeks. The protest took place at an unspecified location in the Oil Crescent, coded in Ras Lanuf (Surt, West).",0,crowd size=no report,1736845157
LBY11947,2024-12-16,2024,1,Political violence,Violence against civilians,Abduction/forced disappearance,Public Security Service,,Political militia,Civilians (Libya),Labor Group (Libya),Civilians,Political militia-Civilians,Civilian targeting,434,Northern Africa,Libya,West,Tripoli,,Tripoli - Tripoli Airport Road,32.7549,13.1427,1,Akhbar Libya; Al Marsad,National,"On 16 December 2024, members of the General Security Service disappeared the director of the investment office of the World Islamic Call Society, a Libyan association, near the headquarters of the interior ministry in Tripoli - Tripoli Airport Road (Tripoli, West). The association claimed that the disappearance came amid attempts to control and plunder its assets and funds by a certain party that it did not identify.",0,,1759192014
LBY11956,2025-01-06,2025,1,Demonstrations,Protests,Peaceful protest,Protesters (Libya),,Protesters,,,,Protesters only,,434,Northern Africa,Libya,West,Tripoli,,Tripoli - Souq Al Jumaa,32.88,13.2323,1,Address Libya; Al Marsad,Subnational-National,"On 6 January 2025, overnight, residents held a protest against the GNU and PM Abdulhamid Dbeiba in Tripoli - Souq Al Jumaa (Tripoli, West). The protest followed an interview of former Foreign Minister Najla al-Mangoush on Al Jazeera in which she spoke about her meeting with her Israeli counterpart Eli Cohen in August 2023, which in turn reignited speculation that the GNU intends to normalize relations with Israel. Similar protests took place in other cities of western Libya on the same night (all coded separately).",0,crowd size=no report,1736845157
LBY11957,2024-01-18,2024,1,Strategic developments,Strategic developments,Change to group/activity,Military Forces of Turkey (2016-),,External/Other forces,,,,External/Other forces only,,434,Northern Africa,Libya,West,Tripoli,,Tripoli - Mitiga Airport,32.8941,13.276,1,Address Libya,Subnational,"Movement of forces: On 18 January 2024, a Turkish military cargo plane departing from a base near Istanbul landed at the Misratah Air Base and then at Tripoli - Mitiga Airport (Tripoli, West).",0,,1753954689
LBY11958,2024-01-01,2024,1,Political violence,Battles,Armed clash,Unidentified Armed Group (Libya),,Political militia,Rahbat al-Duru' Battalion (Libya),,Political militia,Political militia-Political militia,,434,Northern Africa,Libya,West,Tripoli,,Tajoura,32.8834,13.3525,1,Address Libya; Akhbar Libya; Al Marsad; Libya Observer; Libya24,Subnational-National,"On 1 January 2024, an unidentified armed group attacked the base of the Rahbat al-Duru' Battalion's ally Brigade 51 in Tajoura (Tripoli, West), killing 1 of its members. Following the attack, the Rahbat al-Duru' Battalion declared a general mobilization in Tajoura, where intermittent gunfire was heard, although it is unknown whether further clashes occurred.",1,,1759192014
LBY11959,2025-01-10,2025,1,Demonstrations,Riots,Violent demonstration,Rioters (Libya),,Rioters,,,,Rioters only,,434,Northern Africa,Libya,West,Tripoli,,Tajoura,32.8834,13.3525,1,Address Libya; Akhbar Libya; Al Marsad; Libya Observer; Libya24,Subnational-National,"On 10 January 2025, rioters closed a road with burning tires in Tajoura (Tripoli, West). Some sources stated that the demonstration was over the marginalization of the area and its exclusion from maintenance and reconstruction projects, while others claimed it was against the GNU and PM Abdulhamid Dbeiba over speculation that the GNU intends to normalize relations with Israel. The Stability Support Apparatus was deployed to the area to reopen the road.",0,crowd size=no report,1736845157
LBY11895,2024-12-31,2024,1,Strategic developments,Strategic developments,Headquarters or base established,Military Forces of Libya (2014-) Libyan National Army (LNA),,State forces,Military Forces of Libya (2021-) Government of National Unity (GNU),,State forces,State forces-State forces,,434,Northern Africa,Libya,South,Wadi al Hayat,,Ubari,26.5921,12.7805,1,Address Libya; Akhbar Libya; Al Marsad; Libya Observer; Libya24,National,"On 31 December 2024, forces of Khalifa Haftar's Libyan National Army (LNA) seized control of the Tendi military camp in Ubari (Wadi al Hayat, South), which was previously held by the Sabha military region of the Libyan Army commanded by the Tripoli-based Presidential Council. The LNA took control of the camp, and all the equipment in it, in a quick raid, and there were no armed clashes. Media outlets close to the LNA claimed that the move took place because the forces in the camp had not participated in an agreement to provide security for the city. Ubari is also the closest city to the Sharara oil field, Libya's largest.",0,,1759192014
LBY11938,2024-02-11,2024,1,Political violence,Violence against civilians,Abduction/forced disappearance,Misrata Joint Security Room (Libya),,Political militia,Civilians (Libya),Former Government of Libya (2021-) Government of National Unity (GNU),Civilians,Political militia-Civilians,Civilian targeting,434,Northern Africa,Libya,West,Misratah,,Misratah,32.3754,15.0925,1,Address Libya; Al Marsad,Subnational-National,"On 11 February 2024, members of the Misratah Joint Force abducted the former head of the Foreign Ministry's External Media Department under the government of the General National Congress in Misratah (Misratah, West) over his opposition to the group and his calls to expel it from the city.",0,,1760992050
LBY11897,2024-02-02,2024,1,Strategic developments,Strategic developments,Headquarters or base established,Jadu Communal Militia (Libya),,Identity militia,Police Forces of Libya (2021-) Government of National Unity (GNU),,State forces,State forces-Identity militia,,434,Northern Africa,Libya,West,Al Jabal Al Gharbi,,Jadu,31.9582,12.0203,1,Libya24,National,"Other: On 2 February 2024, an armed group from Jadu expelled members of the police from a position in Jadu (Al Jabal Al Gharbi, West) and took control of it. No clashes took place.",0,,1759192014
LBY11961,2025-01-11,2025,1,Demonstrations,Protests,Peaceful protest,Protesters (Libya),Mohamed Bahroun Militia (Libya),Protesters,,,,Protesters only,,434,Northern Africa,Libya,West,Az Zawiyah,,Az Zawiyah,32.7571,12.7276,1,Address Libya; Akhbar Libya; Al Marsad; Libya Security Monitor,New media-Subnational,"On 11 January 2025, members of Al Isnad militia blocked a major road (means unspecified) in Az Zawiyah (Az Zawiyah, West) as part of a protest over the arrest of five members of the group suspected of being behind an assassination attempt in Tripoli in June 2024 (coded separately).",0,crowd size=no report,1759192014
LBY11963,2025-01-13,2025,1,Demonstrations,Protests,Peaceful protest,Protesters (Libya),,Protesters,,,,Protesters only,,434,Northern Africa,Libya,West,Al Jafarah,,Janzur,32.8187,13.0173,1,Address Libya; Ean Libya Limited; Libya Observer,Subnational-National,"On 13 January 2025, citizens held a protest in front of the headquarters of the UN Support Mission in Libya (UNSMIL) in Janzur (Al Jafarah, West) in rejection of a potential candidate to head the mission and to demand that the opinion of Libyans be considered in the selection process.",0,crowd size=no report,1737435539
LBY11964,2025-01-14,2025,1,Political violence,Battles,Armed clash,Al-Nasr Brigade (Libya),,Political militia,Military Forces of Libya (2021-) Government of National Unity (GNU),,State forces,State forces-Political militia,,434,Northern Africa,Libya,West,Az Zawiyah,,Az Zawiyah,32.7571,12.7276,1,Akhbar Libya,National,"On 14 January 2025, Al Qasab militia and the West Coast Military Region of the Libyan Army clashed around the refinery of Az Zawiyah (Az Zawiyah, West). 1 person was killed. The clashes erupted after the West Coast Military Region seized control of the refinery, formerly controlled by Al Qasab, on 4 January as part of a military operation in Zawiyah (coded separately).",1,,1759192014
LBY11965,2024-12-26,2024,2,Strategic developments,Strategic developments,Change to group/activity,128th Battalion (Libya),,Political militia,Military Forces of Libya (2014-) Libyan National Army (LNA),,State forces,State forces-Political militia,,434,Northern Africa,Libya,West,Surt,,Sirte,31.2089,16.5887,1,Akhbar Libya,National,"Movement of forces: Around 26 December 2024 (as reported), members of the 128th Battalion led by Hassan al-Zadma and the 77th Battalion led by Mohammed al-Mazoughi, close to Saddam Haftar, mobilized forces in the area of the 77th Battalion headquarters in Sirte (Surt, West). It is unknown whether clashes took place and who retained control of the military site.",0,,1759192014
LBY11966,2025-01-16,2025,1,Strategic developments,Strategic developments,Arrests,Misrata Joint Security Room (Libya),,Political militia,Civilians (Libya),Government of Libya (2021-) Government of National Unity (GNU),Civilians,Political militia-Civilians,,434,Northern Africa,Libya,West,Misratah,,Misratah,32.3754,15.0925,1,Akhbar Libya,National,"On 16 January 2025, the Misrata Joint Force arrested a member of the municipal council in Misratah (Misratah, West). He was released shortly thereafter following riots in the city sparked by his arrest (coded separately).",0,,1759192014
LBY11967,2025-01-17,2025,1,Demonstrations,Riots,Violent demonstration,Rioters (Libya),,Rioters,,,,Rioters only,,434,Northern Africa,Libya,West,Misratah,,Misratah,32.3754,15.0925,1,Akhbar Libya,National,"On 17 January 2025, residents burned tires in front of the city hall of Misratah (Misratah, West) in a demonstration over the arrest of a member of the municipality (coded separately). He was released shortly after the demonstration.",0,crowd size=no report,1737435539
LBY11968,2025-01-12,2025,2,Political violence,Violence against civilians,Attack,Police Forces of Libya (2022-) Government of National Stability (GNS) - Prison Guards,,State forces,Civilians (Libya),Prisoners (Libya),Civilians,State forces-Civilians,Civilian targeting,434,Northern Africa,Libya,East,Al Jabal Al Akhdar,,Shahhat,32.8304,21.85,1,Akhbar Libya; Ean Libya Limited; Jamahiriya News Agency; Libya Observer; Libya Security Monitor; New Arab,New media-National,"Around 12 January 2025 (as reported), prison guards at Qarnada Prison south of Shahhat (Al Jabal Al Akhdar, East) tortured several detainees. After videos of the abuses circulated online, the LNA military police claimed to have arrested 7 prison guards, some of them members of the Tariq Bin Ziyad Brigade.",0,,1764637279
LBY11969,2025-01-12,2025,1,Strategic developments,Strategic developments,Change to group/activity,Military Forces of Libya (2021-) Government of National Unity (GNU),,State forces,,,,State forces only,,434,Northern Africa,Libya,West,An Nuqat al Khams,,Ajaylat,32.7577,12.3772,1,Akhbar Libya; Libya Observer; New Arab,National-Regional,"Security measures: On 12 January 2025, forces from the West Coast Military Region of the Libyan Army deployed to Ajaylat (An Nuqat al Khams, West) to separate two armed groups that had clashed the previous day (coded separately).",0,,1764637279
LBY11970,2025-01-12,2025,1,Strategic developments,Strategic developments,Change to group/activity,PFG: Petroleum Facilities Guard,,Political militia,,,,Political militia only,,434,Northern Africa,Libya,West,Nalut,,Wafa Oil Field,28.8889,10.027,1,Al Marsad; Libya Observer,National,"Security measures: On 12 January 2025, the Petroleum Facilities Guard declared an emergency level among their forces tasked with securing the Wafa Oil Field (Nalut, West). They did not detail the reason, but in recent months they have clashed with the 444th Brigade in the area (coded separately).",0,,1737435539
LBY11972,2025-01-12,2025,1,Political violence,Battles,Armed clash,Al Silaa Brigade (Libya),,Political militia,Ajaylat Communal Militia (Libya),,Identity militia,Political militia-Identity militia,,434,Northern Africa,Libya,West,An Nuqat al Khams,,Ajaylat,32.7577,12.3772,1,Libya Security Monitor,New media,"On 12 January 2025, Al Sila Brigade and a communal militia clashed for the second day in a row in Ajaylat (An Nuqat al Khams, West). There were no fatalities.",0,,1759192014
LBY11973,2025-01-13,2025,1,Political violence,Battles,Armed clash,Al Silaa Brigade (Libya),,Political militia,Ajaylat Communal Militia (Libya),,Identity militia,Political militia-Identity militia,,434,Northern Africa,Libya,West,An Nuqat al Khams,,Ajaylat,32.7577,12.3772,1,Libya Security Monitor,New media,"On 13 January 2025, Al Sila Brigade and a communal militia clashed for the third day in a row in Ajaylat (An Nuqat al Khams, West). There were no fatalities.",0,,1759192014
LBY11974,2025-01-07,2025,1,Demonstrations,Riots,Violent demonstration,Rioters (Libya),,Rioters,,,,Rioters only,,434,Northern Africa,Libya,West,Al Jabal Al Gharbi,,Gharyan,32.1722,13.0203,1,Libya Security Monitor,New media,"On 7 January 2025, rioters burned tires during a demonstration against the GNU and PM Abdulhamid Dbeiba in Gharyan (Al Jabal Al Gharbi, West). The demonstration followed an interview of former Foreign Minister Najla al-Mangoush on Al Jazeera in which she spoke about her meeting with her Israeli counterpart Eli Cohen in August 2023, which in turn reignited speculation that the GNU intends to normalize relations with Israel. Similar demonstrations took place in other cities of western Libya (all coded separately).",0,crowd size=no report,1737435539
LBY11975,2024-11-16,2024,1,Strategic developments,Strategic developments,Other,Government of Libya (2021-) Government of National Unity (GNU),Government of Libya (2022-) Government of National Stability (GNS),State forces,,,,State forces only,,434,Northern Africa,Libya,West,Misratah,,Misratah,32.3754,15.0925,3,UNSC,Other,"Elections/referendum: On 16 November 2024, Libya's High National Election Commission (HNEC) organized the first round of municipal elections, which took place in 58 municipalities across the country. Event coded in Misratah (Misratah, West), the largest city to hold polls. Other cities that held elections were Zintan, Sabha, Tobruk and Derna. A second round in other municipalities is scheduled for 2025.",0,,1759192014
LBY11971,2025-01-12,2025,2,Strategic developments,Strategic developments,Change to group/activity,Military Forces of Libya (2014-) Libyan National Army (LNA),128th Battalion (Libya),State forces,,,,State forces only,,434,Northern Africa,Libya,East,Benghazi,,Ar Rajmah,32.0715,20.3417,3,Libya Observer; Libya Security Monitor; New Arab,New media-National,"Change to armed group: Around 12 January 2025 (as reported), the LNA leadership dissolved one of its main ground forces, the 128th Battalion. Some media outlets claimed that the Battalion was restructured into the 15 Mechanical Infantry Brigade based in Jufra, while others claimed that it was split into three groups and spread across three different areas in Jufra, Ubari, and Sirte. Some media outlets also stated that the move was taken to placate attempts by the battalion's commander, Hassan al-Zadma, to act more independently from the LNA chain of command and maintain direct contact with Russia. Event coded in Ar Rajmah (Benghazi, East), headquarters of the LNA general command.",0,,1764637279
LBY11977,2025-01-24,2025,1,Strategic developments,Strategic developments,Change to group/activity,Al-Nasr Brigade (Libya),,Political militia,,,,Political militia only,,434,Northern Africa,Libya,West,Az Zawiyah,,Az Zawiyah,32.7571,12.7276,1,Akhbar Libya; Al Wasat (Libya),National,"Movement of forces: On 24 January 2025, Al Qasab militia deployed forces near the refinery of Az Zawiyah (Az Zawiyah, West). The refinery has been under the control of the West Coast Military Region of the Libyan Army since 4 January, when it seized the facility from Al Qasab, which had controlled it until then (coded separately). The West Coast Military Region did not withdraw from the location on 24 January.",0,,1759192014
LBY11978,2025-01-19,2025,1,Strategic developments,Strategic developments,Change to group/activity,Military Forces of Libya (2014-) Libyan National Army (LNA),Subol Al-Salam Brigade (Libya),State forces,,,,State forces only,,434,Northern Africa,Libya,East,Al Kufrah,,Matan as Sarah,21.6833,21.8667,1,Address Libya; Libya Security Monitor,New media-National,"Security measures: On 19 January 2025, the LNA Ground Forces Chief of Staff Saddam Haftar directed the Subol Al-Salam Brigade to take over the security of Matan as Sarah (Al Kufrah, East). Russia recently transferred men and military equipment to the town's airbase (coded separately). The airbase was previously secured by the 128th Battalion of commander Hassan al-Zadma, which was dissolved by the LNA general command around 12 January (coded separately).",0,,1764045636
LBY11979,2025-01-14,2025,2,Strategic developments,Strategic developments,Change to group/activity,Military Forces of Russia (2000-),,External/Other forces,,,,External/Other forces only,,434,Northern Africa,Libya,East,Al Kufrah,,Matan as Sarah,21.6833,21.8667,1,Libya Security Monitor,New media,"Movement of forces: Around 14 January 2025 (as reported), Russia transferred men and military equipment to the air base at Matan as Sarah (Al Kufrah, East) with the suspected intention of turning it into a center of operations in Africa. The base is also being rehabilitated.",0,,1764045636
LBY11980,2025-01-21,2025,1,Strategic developments,Strategic developments,Change to group/activity,Police Forces of Libya (2021-) Government of National Unity (GNU),,State forces,,,,State forces only,,434,Northern Africa,Libya,West,Al Jabal Al Gharbi,,Mizdah,31.4451,12.9801,1,Akhbar Libya; Al Marsad; Libya News Agency; Libya Observer,National,"Movement of forces: On 21 January 2025, forces from various branches affiliated with the GNU Ministry of Interior formed a joint security room and deployed to Mizdah (Al Jabal Al Gharbi, West) with the stated aim of strengthening security in the Western Mountains area. The move led to a countermobilization of forces in Zintan (coded separately).",0,,1759192014
LBY11984,2025-01-24,2025,1,Demonstrations,Riots,Violent demonstration,Rioters (Libya),,Rioters,,,,Rioters only,,434,Northern Africa,Libya,West,Misratah,,Abu Grein,31.4516,15.2474,1,Akhbar Libya; Libya24,National,"On 24 January 2025, overnight, rioters set fires in Abu Grein (Misratah, West) as part of a demonstration calling for an end to illegal raids in the city and for action to be taken against those responsible.",0,crowd size=no report,1738026282
LBY11986,2025-01-21,2025,1,Strategic developments,Strategic developments,Change to group/activity,Zintan Ethnic Militia (Libya),,Identity militia,,,,Identity militia only,,434,Northern Africa,Libya,West,Al Jabal Al Gharbi,,Zintan,31.9223,12.252,1,Akhbar Libya; Libya24,National,"Movement of forces: On 21 January 2025, local forces declared a general mobilization in Zintan (Al Jabal Al Gharbi, West) after the GNU Ministry of Interior deployed forces to Mizdah with the stated aim of strengthening security in the Western Mountains area (coded separately).",0,,1738026282
LBY11988,2024-12-28,2024,1,Strategic developments,Strategic developments,Change to group/activity,Military Forces of Russia (2000-),,External/Other forces,,,,External/Other forces only,,434,Northern Africa,Libya,East,Al Marj,,Al Khadim Air Base,31.9988,21.1918,1,AEI Critical Threats,International,"Movement of forces: On 28 December 2024, a Russian military aircraft suspected of carrying military equipment and supplies from Syria landed at Al Khadim Air Base (Al Marj, East). This is the second time a Russian aircraft carrier flew directly from Syria to Libya since the fall of former President Bashar Al Assad in Syria, following another similar flight on 26 December (coded separately).",0,,1753954689
LBY11989,2025-01-10,2025,3,Strategic developments,Strategic developments,Change to group/activity,Military Forces of Russia (2000-),,External/Other forces,,,,External/Other forces only,,434,Northern Africa,Libya,East,Al Marj,,Al Khadim Air Base,31.9988,21.1918,1,AEI Critical Threats,International,"Movement of forces: Around 10 January 2025 (from 1 - 20 January), a Russian Il-76 cargo aircraft suspected of carrying military equipment and supplies (and likely operating on behalf of the Ministry of Defense, based on previous activity) made 9 round-trips to Al Khadim Air Base (Al Marj, East). The move comes as Russia reinforces its presence in Libya following the fall of President Bashar Al Assad in Syria, a close ally of Moscow.",0,,1753954689
LBY11985,2025-01-24,2025,1,Political violence,Battles,Armed clash,Al Silaa Brigade (Libya),,Political militia,Ajaylat Communal Militia (Libya),,Identity militia,Political militia-Identity militia,,434,Northern Africa,Libya,West,An Nuqat al Khams,,Ajaylat,32.7577,12.3772,1,Akhbar Libya; Libya Security Monitor,New media-National,"On 24 January 2025, local armed groups and Al Sila Brigade clashed in Ajaylat (An Nuqat al Khams, West) using light and medium weapons. 2 persons were wounded. The arrival of members of the Sila Brigade in Ajaylat after the Libyan army stormed its headquarters in Zawiya as part of a military operation (coded separately) has led to tensions and clashes with local groups.",0,,1759192014
LBY11987,2025-01-27,2025,1,Strategic developments,Strategic developments,Change to group/activity,Military Forces of Libya (2021-) Government of National Unity (GNU),,State forces,,,,State forces only,,434,Northern Africa,Libya,West,An Nuqat al Khams,,Ajaylat,32.7577,12.3772,1,Address Libya; Al Marsad,Subnational-National,"Movement of forces: On 27 January 2025, forces from the Libyan Army's West Coast Military Region deployed to Ajaylat (An Nuqat al Khams, West) after announcing an operation to restore security in the city (coded separately).",0,,1759192014
LBY11991,2024-12-08,2024,3,Strategic developments,Strategic developments,Arrests,Police Forces of Libya (2022-) Government of National Stability (GNS) - Internal Security Agency,,State forces,Civilians (Syria),Migrants (Syria),Civilians,State forces-Civilians,,434,Northern Africa,Libya,East,Benghazi,,Benghazi,32.1177,20.1293,1,New Arab,Regional,"Around 8 December 2024 (as reported), police arrested hundreds of Syrian citizens and transferred them to detention centres in Benghazi (Benghazi, East). The arrest campaign began after the fall of Syrian President Bashar Al Assad on 8 December.",0,,1764637279
LBY11992,2025-01-28,2025,1,Strategic developments,Strategic developments,Disrupted weapons use,Ajaylat Communal Militia (Libya),,Identity militia,Military Forces of Libya (2021-) Government of National Unity (GNU),,State forces,State forces-Identity militia,,434,Northern Africa,Libya,West,An Nuqat al Khams,,Ajaylat,32.7577,12.3772,2,Address Libya; Akhbar Libya; Al Marsad; Al Wasat (Libya); Libya Observer; Libya24; Twitter,New media-Subnational,"Interception: On 28 January 2025, an armed group (likely from Ajaylat, due to the location) shot down a Turkish-made Bayraktar Akinci drone operated by the Libyan Army near Ajaylat (An Nuqat al Khams, West). The interception occurred amid a military operation launched in the city by the Libyan Army two days earlier (coded separately). This is the first time an interception of one of such drones is recorded in Libya. Some media outlets stated that the drone's crash may have been due to a technical failure.",0,,1759192014
LBY11993,2025-01-28,2025,1,Demonstrations,Protests,Peaceful protest,Protesters (Libya),Labor Group (Libya),Protesters,,,,Protesters only,,434,Northern Africa,Libya,West,Surt,,As Sidrah,30.6325,18.3511,1,Address Libya; Akhbar Libya; Al Marsad; Al Wasat (Libya); Libya Herald; Libya News Agency; Libya Observer,Subnational-National,"On 28 January 2025, members of the Oil Crescent Movement closed (means unspecified) the ports of Ras Lanuf and As Sidrah (Surt, West) as part of a protest to demand a better distribution of resources and improved living conditions for residents of the region. The protesters prevented (means unspecified) the loading of an oil tanker at the port of Sidrah, but at the end of the day they called off their protest.",0,crowd size=no report,1738629533
LBY11994,2025-01-28,2025,1,Political violence,Riots,Mob violence,Rioters (Libya),,Rioters,Police Forces of Libya (2022-) Government of National Stability (GNS),,State forces,State forces-Rioters,,434,Northern Africa,Libya,East,Al Jabal Al Akhdar,,Shahhat,32.8304,21.85,1,Akhbar Libya; Al Wasat (Libya); Libya Observer,National,"On 28 January 2025, residents stormed the security directorate and the police station and assaulted traffic officers and police personnel in Shahhat (Al Jabal Al Akhdar, East). They acted against the heavy-handed practices of local security forces and to call for the return of the Shahat security directorate, which was dissolved in October 2024 and merged with other directorate now operating under the Green Mountain Security Directorate. No information on injuries.",0,crowd size=no report,1759181266
LBY11995,2025-01-28,2025,2,Strategic developments,Strategic developments,Arrests,Military Forces of Libya (2014-) Libyan National Army (LNA),,State forces,Military Forces of Libya (2014-) Libyan National Army (LNA),,State forces,State forces-State forces,,434,Northern Africa,Libya,South,Wadi al Hayat,,Ubari,26.5921,12.7805,1,Akhbar Libya,National,"Around 28 January 2025 (as reported), the LNA's Southern Region arrested the commander of the First Infantry Company stationed in Ubari (Wadi al Hayat, South). The First Infantry Company was affiliated with the 128th Battalion, which the LNA's general command dissolved around 12 January (coded separately).",0,,1759181266
LBY11996,2025-01-27,2025,1,Demonstrations,Protests,Peaceful protest,Protesters (Libya),,Protesters,,,,Protesters only,,434,Northern Africa,Libya,South,Wadi ash Shati,,Agar,27.5391,14.1625,1,Al Wasat (Libya),National,"On 27 January 2025, residents protested in Agar (Wadi ash Shati, South) to demand the provision of teachers for one of their schools, which is at risk of suspending studies.",0,crowd size=no report,1738629533
LBY11997,2025-01-29,2025,1,Demonstrations,Protests,Peaceful protest,Protesters (Libya),Women (Libya),Protesters,,,,Protesters only,,434,Northern Africa,Libya,West,An Nuqat al Khams,,Ajaylat,32.7577,12.3772,1,Address Libya,Subnational,"On 29 January 2025, a group of women protested in Ajaylat (An Nuqat al Khams, West) after their homes were damaged in the military operation launched by the Libyan army in the city two days earlier (coded separately).",0,crowd size=no report,1754958639
LBY11998,2025-01-26,2025,1,Political violence,Battles,Armed clash,Zawiya Communal Militia (Libya),,Identity militia,Zawiya Communal Militia (Libya),,Identity militia,Identity militia-Identity militia,,434,Northern Africa,Libya,West,Az Zawiyah,,Az Zawiyah,32.7571,12.7276,1,Libya Security Monitor,New media,"On 26 January 2025, two local militias clashed in Az Zawiyah (Az Zawiyah, West). 1 person was killed and 2 others were injured in the fighting. No further information is available.",1,,1738629533
LBY12001,2025-01-30,2025,2,Political violence,Violence against civilians,Attack,Msallata Communal Militia (Libya),Intervention and Control Force,Identity militia,Civilians (Libya),,Civilians,Identity militia-Civilians,Civilian targeting,434,Northern Africa,Libya,West,Al Marqab,,Msallata,32.5822,14.04,1,Akhbar Libya,National,"Around 30 January 2025 (as reported), a local militia affiliated with the Intervention and Control Force killed 1 civilian in Msallata (Al Marqab, West). No further information is available.",1,,1738629533
LBY12002,2025-01-30,2025,2,Political violence,Violence against civilians,Abduction/forced disappearance,Msallata Communal Militia (Libya),Intervention and Control Force,Identity militia,Civilians (Libya),Msallata Communal Group (Libya),Civilians,Identity militia-Civilians,Civilian targeting,434,Northern Africa,Libya,West,Al Marqab,,Msallata,32.5822,14.04,1,Akhbar Libya,National,"Around 30 January 2025 (as reported), a local militia affiliated with the Intervention and Control Force abducted 4 members of the same family in Msallata (Al Marqab, West). No further information is available.",0,,1738629533
LBY12003,2025-01-30,2025,1,Demonstrations,Riots,Violent demonstration,Rioters (Libya),,Rioters,,,,Rioters only,,434,Northern Africa,Libya,West,Al Marqab,,Msallata,32.5822,14.04,1,Akhbar Libya,National,"On 30 January 2025, residents burned tires in front of the security directorate in Msallata (Al Marqab, West) as part of a demonstration over the recent murder of a citizen and the abduction of 4 members of the same family by a local militia whom they accuse of repeated abuses against residents.",0,crowd size=no report,1738629533
LBY12005,2025-01-30,2025,1,Demonstrations,Protests,Peaceful protest,Protesters (Libya),,Protesters,,,,Protesters only,,434,Northern Africa,Libya,West,Al Jafarah,,Janzur,32.8187,13.0173,1,Address Libya; Akhbar Libya,Subnational-National,"On 30 January 2025, members of the People's Will movement protested in front of the headquarters of the UN mission in Libya (UNSMIL) in Janzur (Al Jafarah, West) to voice their rejection of what they described as foreign interference in Libya and to call for the closure of all foreign military bases in the country.",0,crowd size=no report,1738629533
LBY12006,2025-01-31,2025,1,Political violence,Violence against civilians,Attack,Zawiya Communal Militia (Libya),,Identity militia,Civilians (Libya),,Civilians,Identity militia-Civilians,Civilian targeting,434,Northern Africa,Libya,West,Az Zawiyah,,Az Zawiyah,32.7571,12.7276,1,Address Libya; Akhbar Libya; Al Marsad,Subnational-National,"On 31 January 2025, an armed group (likely a local militia, based on location) shot dead a child in the center of Az Zawiyah (Az Zawiyah, West). No further information is available.",1,,1738629533
LBY12007,2025-01-31,2025,1,Political violence,Violence against civilians,Abduction/forced disappearance,Unidentified Armed Group (Libya),,Political militia,Civilians (Libya),,Civilians,Political militia-Civilians,Civilian targeting,434,Northern Africa,Libya,West,Al Marqab,,Al Khums,32.6486,14.2619,1,Address Libya; Al Marsad,Subnational-National,"On 31 January 2025, an unidentified armed group abducted a civilian in Al Khums (Al Marqab, West). No further information is available.",0,,1762291775
LBY12008,2025-01-31,2025,1,Strategic developments,Strategic developments,Looting/property destruction,Unidentified Armed Group (Libya),,Political militia,Civilians (Libya),,Civilians,Political militia-Civilians,,434,Northern Africa,Libya,West,Nalut,,Al Hawamid,31.9753,11.1622,2,Akhbar Libya; Al Marsad; Libya24,National,"Property destruction: On 31 January 2025, overnight, an unidentified armed group sabotaged the Ruwais power station near Al Hawamid (Nalut, West) causing a power outage in the area. No further information is available.",0,,1762291775
LBY12009,2025-01-29,2025,1,Strategic developments,Strategic developments,Change to group/activity,Unidentified Armed Group (Libya),Military Forces of Libya (2014-) Libyan National Army (LNA); Rapid Support Forces,Political militia,,,,Political militia only,,434,Northern Africa,Libya,East,Al Kufrah,,Al Kufrah,24.167,23.27,1,WikiLeaks - El Fasher 'Darfur News',New media,"Movement of forces: On 29 January 2025, an unidentified armed group (likely in coordination with the LNA, based on location) dispatched a batch of vehicles, including regular and armored, from Ajdabiya to Al Kufrah (Al Kufrah, East) in a shipment suspected to be directed to the Rapid Support Forces (RSF) in Darfur, Sudan.",0,,1762291775
LBY11768,2024-09-29,2024,1,Political violence,Battles,Armed clash,55th Brigade (Libya),,Political militia,Police Forces of Libya (2021-) Government of National Unity (GNU),,State forces,State forces-Political militia,,434,Northern Africa,Libya,West,Al Jafarah,,Al Amiriyah,32.6339,12.9586,1,Libya Security Monitor,New media,"On 29 September 2024, members of the 55th Brigade attacked the police station in Al Amiriyah (Al Jafarah, West) to free a member of the group previously arrested by police (coded separately). Casualties unknown.",0,,1759192014
LBY11430,2024-02-04,2024,1,Strategic developments,Strategic developments,Arrests,Police Forces of Libya (2022-) Government of National Stability (GNS),,State forces,Civilians (Libya),Sufi Muslim Group (Libya),Civilians,State forces-Civilians,,434,Northern Africa,Libya,East,Benghazi,,Benghazi,32.1177,20.1293,1,Akhbar Libya; Al Wasat (Libya),National,"On 4 February 2024, forces affiliated with the Ministry of Interior of the eastern-based GNS arrested the Sheikh from the Qadiriyya Sufi order in Benghazi (Benghazi, East) and transferred him to Qarnada military prison. The arrest is suspected to be connected to a campaign by the eastern authorities against Sufi orders.",0,,1759192014
LBY12010,2025-02-06,2025,1,Strategic developments,Strategic developments,Arrests,Misrata Joint Security Room (Libya),,Political militia,Civilians (Libya),Government of Libya (2022-) Government of National Stability (GNS),Civilians,Political militia-Civilians,,434,Northern Africa,Libya,West,Misratah,,Misratah,32.3754,15.0925,1,Akhbar Libya; Al Wasat (Libya),National,"On 6 February 2025, the Misrata Joint Force arrested the minister of state for legislative affairs of the eastern-based GNS in Misratah (Misratah, West). The Joint Force stated that it conducted the arrest on orders from the prosecution, which charged him with fraud. He was released the following day. The GNS condemned the action and considered it an abduction.",0,,1759192014
LBY12012,2025-02-06,2025,1,Political violence,Violence against civilians,Attack,Al Silaa Brigade (Libya),,Political militia,Civilians (Libya),,Civilians,Political militia-Civilians,Civilian targeting,434,Northern Africa,Libya,West,Az Zawiyah,,Az Zawiyah,32.7571,12.7276,1,Address Libya; Akhbar Libya; Al Marsad; Libya Security Monitor,New media-Subnational,"On 6 February 2025, members of Al Sila Brigade killed 1 person in Az Zawiyah (Az Zawiyah, West).",1,,1759192014
LBY11789,2024-10-24,2024,2,Political violence,Violence against civilians,Abduction/forced disappearance,Unidentified Armed Group (Libya),,Political militia,Civilians (Libya),Berber Ethnic Group (Libya); Yafran Communal Group (Libya),Civilians,Political militia-Civilians,Civilian targeting,434,Northern Africa,Libya,West,Al Jabal Al Gharbi,,Yafran,32.0633,12.5286,1,Akhbar Libya; Libya24,National,"Around 24 October 2024 (as reported), an unidentified armed group abducted a member of the local municipal council, two notables and five residents of Yafran (Al Jabal Al Gharbi, West) as they were leaving the city. The member of the local council and the two notables were involved in efforts to resolve a crisis that erupted on 24 October when military forces used excessive force against protesters gathered to demand their withdrawal from the city (coded separately). An Amazigh organization claimed that some of the abductions were identity-based. The two notables were released shortly thereafter.",0,local administrators,1754410220
LBY12013,2025-02-11,2025,1,Strategic developments,Strategic developments,Change to group/activity,Military Forces of Libya (2014-) Libyan National Army (LNA),,State forces,,,,State forces only,,434,Northern Africa,Libya,South,Al Jufrah,,Jufra,29.075,17.7478,1,Akhbar Libya; Libya24,National,"Movement of forces: On 11 February 2025, the LNA deployed military ground forces in Jufra (Al Jufrah, South) to strengthen security in the area and combat smuggling and organized crime.",0,,1759192014
LBY12015,2025-02-09,2025,1,Strategic developments,Strategic developments,Arrests,Al Silaa Brigade (Libya),,Political militia,Police Forces of Libya (2021-) Government of National Unity (GNU) - Criminal Investigations Department,,State forces,State forces-Political militia,,434,Northern Africa,Libya,West,An Nuqat al Khams,,Ajaylat,32.7577,12.3772,2,Libya Security Monitor,New media,"On 9 February 2025, Al Sila Brigade arrested a commander of the Criminal Investigations Department (CID) on the coast road near Ajaylat (An Nuqat al Khams, West). Reasons unknown.",0,,1759192014
LBY12016,2025-02-10,2025,1,Strategic developments,Strategic developments,Change to group/activity,Police Forces of Libya (2021-) Government of National Unity (GNU),,State forces,,,,State forces only,,434,Northern Africa,Libya,West,An Nuqat al Khams,,Zuwarah,32.9312,12.082,1,Address Libya; Akhbar Libya; Al Wasat (Libya); Libya News Agency; Libya Observer; Libya Security Monitor; Libya24,New media-Subnational,"Security measures: On 10 February 2025, police special forces imposed a night curfew on irregular migrant workers within the municipality of Zuwarah (An Nuqat al Khams, West) after na incident were the military clashed with CID when they tried to stop an embarkation with migrants bound to Italy (coded separately).",0,,1759192014
LBY12019,2025-02-09,2025,1,Strategic developments,Strategic developments,Change to group/activity,Radaa: Special Deterrence Forces,,Political militia,,,,Political militia only,,434,Northern Africa,Libya,West,Tripoli,,Tripoli - Mitiga Airport,32.8941,13.276,1,Akhbar Libya; Libya24,National,"Movement of forces: On 9 February 2025, the Special Deterrence Forces (Rada) deployed forces to Tripoli - Mitiga Airport (Tripoli, West). The move came amid tension in Zlintan over clashes between Rada and the Misrata Joint Force (coded separately).",0,,1759192014
LBY12020,2025-02-11,2025,1,Demonstrations,Protests,Peaceful protest,Protesters (Libya),,Protesters,,,,Protesters only,,434,Northern Africa,Libya,West,Az Zawiyah,,Az Zawiyah,32.7571,12.7276,1,Address Libya; Akhbar Libya; Al Marsad; Libya24,Subnational-National,"On 11 February 2025, a group blocked the coastal road with earthen barriers in Az Zawiyah (Az Zawiyah, West) as part of a demonstration. Demands unknown.",0,crowd size=no report,1739840116
LBY12023,2025-02-08,2025,2,Political violence,Battles,Armed clash,Military Forces of Libya (2021-) Government of National Unity (GNU),,State forces,Police Forces of Libya (2021-) Government of National Unity (GNU) - Criminal Investigations Department,,State forces,State forces-State forces,,434,Northern Africa,Libya,West,An Nuqat al Khams,,Zuwarah,32.9312,12.082,1,Address Libya; Akhbar Libya; Al Wasat (Libya); Libya Herald; Libya Observer; Libya Security Monitor; Libya24,New media-Subnational,"Around 8 February 2025 (as reported), members of the coast guard, which is part of the Libyan army, fired at members of the Criminal Investigation Department (CID) in Zuwarah (An Nuqat al Khams, West) when they tried to stop the embarkation of 37 migrants bound for Italy by members of the local coast guard. There were no fatalities. 4 members of the Zuwara coast guard were arrested on 8 February.",0,,1759192014
LBY12026,2025-02-09,2025,1,Political violence,Battles,Armed clash,Sabratha Communal Militia (Libya),,Identity militia,Sabratha Communal Militia (Libya),,Identity militia,Identity militia-Identity militia,,434,Northern Africa,Libya,West,An Nuqat al Khams,,Sabratha,32.7934,12.4885,1,Al Marsad,National,"On 9 February 2025, armed groups (likely Sabratha communal militias, based on location) clashed in Sabratha (An Nuqat al Khams, West). No further information available. Casualties unknown.",0,,1754958639
LBY12027,2025-02-09,2025,2,Political violence,Battles,Armed clash,Zawiya Communal Militia (Libya),,Identity militia,Public Security Service,,Political militia,Political militia-Identity militia,,434,Northern Africa,Libya,West,Az Zawiyah,,Az Zawiyah,32.7571,12.7276,1,Al Marsad,National,"Around 9 February 2025 (as reported), an armed group (likely a Zawiya communal militia, based on location) killed a member of the General Security Service in Az Zawiyah (Az Zawiyah, West). It is unclear whether he was on duty.",1,,1759192014
LBY12017,2025-02-12,2025,1,Political violence,Battles,Government regains territory,Military Forces of Libya (2014-) Libyan National Army (LNA),,State forces,Saleh Abdel Karim Habre Militia (Chad),Mercenaries (Chad); Toubou Ethnic Militia (Libya),Rebel group,State forces-Rebel group,,434,Northern Africa,Libya,South,Murzuq,,Qatrun,24.9514,14.6486,1,Address Libya; Akhbar Libya; Al Marsad; Al Wasat (Libya); Global Initiative; Libya Observer; Libya Security Monitor; Libya24; New Arab,Other-New media,"On 12 February 2025, the LNA took control of all of Qatrun (Murzuq, South) after the 77th Battalion, led by Mohamed Mezewghi, and the 676th Brigade, commanded by Mohamed Eljarh, clashed with a Tebu armed group and Chadian mercenaries aligned with Chadian militia leader and mercenary Saleh Abdel Karim Habre. The clashes broke out after Habre's associates refused to hand over their weapons and headquarters in the city to the LNA and as a result of a dispute over control of convoy movements toward the Libya-Chad border. Habre also maintained long-standing ties with the 128th Brigade, which was disbanded by the LNA's general command in January. The LNA said that 8 of its members were killed, and Chadian opposition media stated that 22-25 fighters from the armed group were killed. Fatalities coded as 30. 22 more fighters were wounded and several others were arrested.",30,,1773171546
LBY12018,2025-02-13,2025,1,Strategic developments,Strategic developments,Change to group/activity,Police Forces of Libya (2022-) Government of National Stability (GNS) - Prison Guards,Military Forces of Libya (2014-) Libyan National Army (LNA),State forces,,,,State forces only,,434,Northern Africa,Libya,South,Murzuq,,Qatrun,24.9514,14.6486,1,Address Libya; Al Marsad,National,"Movement of forces: On 13 February 2025, military police and prison administration forces deployed to Qatrun (Murzuq, South) to reinforce stability in the city following clashes between the LNA and a Tebu militia aligned with a Chadian militia led by Saleh Abdel Karim Habre.",0,,1759181266
LBY12022,2025-02-14,2025,2,Political violence,Violence against civilians,Attack,Police Forces of Libya (2021-) Government of National Unity (GNU),,State forces,Civilians (Pakistan),Prisoners (Pakistan),Civilians,State forces-Civilians,Civilian targeting,434,Northern Africa,Libya,West,Misratah,,Misratah,32.3754,15.0925,1,Akhbar Libya; Libya24,National,"Around 14 February 2025 (as reported), police officers assaulted a Pakistani detainee in the emergency police department of the Security Directorate of Misratah (Misratah, West). The fate of the victim is unknown. The prosecution ordered the arrest of 2 police officers after a video of the ill-treatment was leaked.",0,,1759192014
LBY12028,2025-02-17,2025,1,Political violence,Battles,Armed clash,Mohamed Bahroun Militia (Libya),,Identity militia,Al Silaa Brigade (Libya),,Political militia,Political militia-Identity militia,,434,Northern Africa,Libya,West,Az Zawiyah,,Az Zawiyah,32.7571,12.7276,1,Libya Security Monitor; Libya24,New media-National,"On 17 February 2025, the Al Isnad and Al Sila militias clashed in Az Zawiyah (Az Zawiyah, West) ahead of the celebrations commemorating the 2011 revolution. The motivation for the clash are unknown. Casualties unknown.",0,,1759192014
LBY12029,2025-02-21,2025,1,Demonstrations,Protests,Peaceful protest,Protesters (Libya),Berber Ethnic Group (Libya),Protesters,,,,Protesters only,,434,Northern Africa,Libya,West,Al Jabal Al Gharbi,,Jadu,31.9582,12.0203,1,Address Libya; Akhbar Libya,Subnational-National,"On 21 February 2025, Berber residents protested in Jadu (Al Jabal Al Gharbi, West) after the publication of a video in which several people, including some in police uniforms, stepped on an Amazigh flag. The protesters condemned the act and considered it an attack on their identity.",0,crowd size=no report,1740447566
LBY12031,2025-02-11,2025,1,Strategic developments,Strategic developments,Change to group/activity,Military Forces of Libya (2021-) Government of National Unity (GNU),,State forces,,,,State forces only,,434,Northern Africa,Libya,West,An Nuqat al Khams,,Zuwarah,32.9312,12.082,1,Akhbar Libya; Al Marsad; Al Wasat (Libya); Libya Herald; Libya News Agency; Libya Observer,National,"Security measures: On 11 February 2025, the Libyan Army's West Coast Military Region launched an operation in Zuwarah (An Nuqat al Khams, West) to restore security and stability and combat organized crime. The operation in Zuwarah follows 2 other similar military operations in Ajaylat and Zawiya since January (coded separately).",0,,1759192014
LBY12032,2025-02-20,2025,1,Strategic developments,Strategic developments,Change to group/activity,Police Forces of Libya (2021-) Government of National Unity (GNU),,State forces,,,,State forces only,,434,Northern Africa,Libya,West,Al Jabal Al Gharbi,,Al Qaryat,30.3844,13.5843,2,Akhbar Libya; Al Wasat (Libya),National,"Security measures: On 20 February 2025, police forces from the GNU Ministry of Interior intensified their deployment on the desert roads in the area of Al Qaryat (Al Jabal Al Gharbi, West) to tighten security.",0,,1759192014
LBY12033,2025-02-11,2025,1,Strategic developments,Strategic developments,Change to group/activity,Zuwara Military Council (Libya),,Identity militia,,,,Identity militia only,,434,Northern Africa,Libya,West,An Nuqat al Khams,,Zuwarah,32.9312,12.082,1,Libya Security Monitor,New media,"Movement of forces: On 11 February 2025, the Zuwara Military Council raised the state of alarm of its forces and called up all its troops in Zuwarah (An Nuqat al Khams, West) after the Libyan Army's West Coast Military Region launched an operation in the area on the same day (coded separately).",0,,1740447566
LBY12035,2025-02-16,2025,1,Demonstrations,Protests,Peaceful protest,Protesters (Libya),,Protesters,,,,Protesters only,,434,Northern Africa,Libya,West,Misratah,,Zlitan,32.4674,14.5687,1,Al Marsad,National,"On 16 February 2025, residents protested in Zlitan (Misratah, West) over the confiscation of homes by armed groups.",0,crowd size=no report,1740447566
LBY12036,2025-02-13,2025,1,Political violence,Violence against civilians,Attack,Zawiya Communal Militia (Libya),,Identity militia,Civilians (Libya),,Civilians,Identity militia-Civilians,Civilian targeting,434,Northern Africa,Libya,West,Az Zawiyah,,Az Zawiyah,32.7571,12.7276,1,Libya Security Monitor,New media,"On 13 February 2025, an armed group (likely a Zawiya communal militia, based on location) killed 2 people in Az Zawiyah (Az Zawiyah, West). No further information is available.",2,,1740447566
LBY12037,2025-02-22,2025,1,Political violence,Violence against civilians,Attack,Unidentified Armed Group (Libya),,Political militia,Civilians (Libya),,Civilians,Political militia-Civilians,Civilian targeting,434,Northern Africa,Libya,West,An Nuqat al Khams,,Ajaylat,32.7577,12.3772,1,Address Libya; Al Marsad,Subnational-National,"On 22 February 2025, an unidentified armed group killed 1 civilian in Ajaylat (An Nuqat al Khams, West). No further information is available.",1,,1762291775
LBY12038,2025-02-23,2025,1,Strategic developments,Strategic developments,Arrests,Military Forces of Libya (2014-) Libyan National Army (LNA),,State forces,FPL: Patriotic Liberation Front,,Political militia,State forces-Political militia,,434,Northern Africa,Libya,South,Murzuq,,Qatrun,24.9514,14.6486,1,Address Libya; Air Info; Akhbar Libya; Al Marsad; Al Wasat (Libya); Libya24,National-Regional,"On 23 February 2025, LNA forces arrested the leader of Niger's Patriotic Liberation Front (PLF) in Qatrun (Murzuq, South). The arrest came after LNA and forces from the Tebu tribe, to which the PLF leader belongs, clashed in Qatrun on 12 February (coded separately), but it is unknown whether he was directly involved in the fighting.",0,,1759192014
LBY12040,2025-02-26,2025,1,Strategic developments,Strategic developments,Arrests,Military Forces of Libya (2021-) Government of National Unity (GNU),,State forces,Janzur Knights Brigade (Libya),,Political militia,State forces-Political militia,,434,Northern Africa,Libya,West,An Nuqat al Khams,,Ras Ajdir,33.15,11.5667,1,Al Wasat (Libya),National,"On 26 February 2025, military forces arrested a commander of the Janzur Knights Brigade after he entered Libya through the Tunisian border at Ras Ajdir (An Nuqat al Khams, West).",0,,1759192014
LBY12043,2025-02-26,2025,1,Political violence,Explosions/Remote violence,Shelling/artillery/missile attack,Unidentified Armed Group (Libya),,Political militia,Police Forces of Libya (2021-) Government of National Unity (GNU) - Criminal Investigations Department,,State forces,State forces-Political militia,,434,Northern Africa,Libya,West,Misratah,,Bani Walid,31.7566,13.9942,1,Akhbar Libya; Al Wasat (Libya); Libya24,National,"On 26 February 2025, an unidentified armed group attacked with machine guns and rocket launchers the office of the Criminal Investigation Department in Bani Walid (Misratah, West) with the suspected intention of trying to force the authorities to release an arrested person. 2 people were later arrested and accused of vandalizing the court complex. There were no casualties.",0,,1762291775
LBY12045,2025-02-27,2025,2,Political violence,Violence against civilians,Attack,Police Forces of Libya (2022-) Government of National Stability (GNS) - Prison Guards,,State forces,Civilians (Libya),Prisoners (Libya),Civilians,State forces-Civilians,Civilian targeting,434,Northern Africa,Libya,East,Al Jabal Al Akhdar,,Qirnada,32.7317,21.9035,1,Akhbar Libya; Libya Observer,National,"Around 27 February 2025 (as reported), prison guards assaulted a prisoner in the prison of Qirnada (Al Jabal Al Akhdar, East). He had been arrested on 6 November and died of unknown causes around 27 February. The family did not have access to the report of the forensic doctor who certified his death.",1,,1759181266
LBY12046,2025-02-22,2025,1,Political violence,Violence against civilians,Attack,Unidentified Armed Group (Libya),,Political militia,Civilians (Libya),Government of Libya (2021-) Government of National Unity (GNU),Civilians,Political militia-Civilians,Civilian targeting,434,Northern Africa,Libya,West,Misratah,,Zlitan,32.4674,14.5687,1,Al Marsad,National,"On 22 February 2025, an unidentified armed group assaulted (means unspecified) the vice chairman of the High State Council national security committee, as well as several citizens, in Zlitan (Misratah, West). There were no fatalities.",0,,1762291775
LBY12047,2025-02-22,2025,1,Demonstrations,Protests,Peaceful protest,Protesters (Libya),Berber Ethnic Group (Libya),Protesters,,,,Protesters only,,434,Northern Africa,Libya,West,Nalut,,Nalut,31.8685,10.9812,2,Libya Security Monitor,New media,"On 22 February 2025, Berber citizens blocked in several unspecified locations (means unknown) the road connecting Tripoli and Nalut over the publication of a video on 17 February in which several people, including some in police uniforms, stepped on an Amazigh flag in Tripoli. Event coded in Nalut (Nalut, West).",0,crowd size=no report,1741125177
LBY12048,2025-02-22,2025,1,Demonstrations,Riots,Violent demonstration,Rioters (Libya),Berber Ethnic Group (Libya),Rioters,,,,Rioters only,,434,Northern Africa,Libya,West,Al Jabal Al Gharbi,,Zintan,31.9223,12.252,1,Libya Security Monitor,New media,"On 22 February 2025, Berber citizens burned tires at the junction of Zintan (Al Jabal Al Gharbi, West) following the publication of a video on 17 February in which several people, including some in police uniforms, stepped on an Amazigh flag in Tripoli.",0,crowd size=no report,1741125177
LBY12049,2025-02-23,2025,1,Demonstrations,Protests,Peaceful protest,Protesters (Libya),Berber Ethnic Group (Libya),Protesters,,,,Protesters only,,434,Northern Africa,Libya,West,Nalut,,Nalut,31.8685,10.9812,1,Libya Security Monitor,New media,"On 23 February 2025, Berber citizens protested in Nalut (Nalut, West) over the publication of a video on 17 February in which several people, including some in police uniforms, stepped on an Amazigh flag in Tripoli.",0,crowd size=no report,1741125177
LBY12050,2025-02-23,2025,1,Demonstrations,Protests,Peaceful protest,Protesters (Libya),Berber Ethnic Group (Libya),Protesters,,,,Protesters only,,434,Northern Africa,Libya,West,Al Jabal Al Gharbi,,Jadu,31.9582,12.0203,1,Libya Security Monitor,New media,"On 23 February 2025, Berber citizens protested in Jadu (Al Jabal Al Gharbi, West) over the publication of a video on 17 February in which several people, including some in police uniforms, stepped on an Amazigh flag in Tripoli.",0,crowd size=no report,1741125177
LBY12041,2025-02-26,2025,1,Political violence,Battles,Armed clash,Janzur Knights Brigade (Libya),,Political militia,Military Forces of Libya (2021-) Government of National Unity (GNU),Mahjoub Brigade (Libya),State forces,State forces-Political militia,,434,Northern Africa,Libya,West,Al Jafarah,,Janzur,32.8187,13.0173,1,Address Libya; Akhbar Libya; Al Marsad; Al Wasat (Libya); Libya News Agency; Libya Observer; Libya Security Monitor; Libya24,New media-Subnational,"On 26 February 2025, members of the Janzur Knights Brigade cut off a street in Janzur (Al Jafarah, West) with earthen barriers and attacked military forces as they passed through the city to free a commander of the group who had been arrested the same day in Ras Ajdir (coded separately) and was being transferred to the prosecutor's office in Tripoli. 2 members of the Mahjoub Brigade affiliated with the Libyan army were wounded, and 7 of the attackers were arrested.",0,,1759192014
LBY12042,2025-02-26,2025,1,Strategic developments,Strategic developments,Non-violent transfer of territory,Military Forces of Libya (2021-) Government of National Unity (GNU),,State forces,Janzur Knights Brigade (Libya),,Political militia,State forces-Political militia,,434,Northern Africa,Libya,West,Al Jafarah,,Janzur,32.8187,13.0173,1,Address Libya; Akhbar Libya; Al Marsad; Al Wasat (Libya); Libya Observer; Libya Security Monitor,New media-Subnational,"On 26 February 2025, the Libyan army's West Coast Military Region took control of several locations in Janzur (Al Jafarah, West) previously held by forces led by a Janzur Knights Brigade commander arrested on the same day in Ras Ajdir (coded separately). Military forces seized control of the sites, including the group's headquarters, a base and two checkpoints, without a clash and after sending reinforcements to the city.",0,,1759192014
LBY12051,2025-03-06,2025,1,Political violence,Violence against civilians,Attack,Unidentified Armed Group (Libya),,Political militia,Civilians (Libya),Health Workers (Libya),Civilians,Political militia-Civilians,Civilian targeting,434,Northern Africa,Libya,West,Nalut,,Ghadamis,30.1337,9.5007,1,Al Marsad; Libya News Agency; Libya24,National,"On 6 March 2025, an unidentified armed group stormed the general hospital in Ghadamis (Nalut, West) assaulted the medical staff and fired shots inside the facility. Reasons unknown. There were no casualties.",0,,1762291775
LBY12052,2025-03-03,2025,2,Political violence,Violence against civilians,Attack,Zawiya Communal Militia (Libya),,Identity militia,Civilians (Libya),CCA: Counter Crime Agency,Civilians,Identity militia-Civilians,Civilian targeting,434,Northern Africa,Libya,West,Az Zawiyah,,Al Harsha,32.7667,12.6666,1,Al Wasat (Libya); Libya24,National,"Around 3 March 2025 (as reported), an armed group (likely a Zawiya communal militia, based on location and type of action) shot dead a member of the Counter Crime Agency in the head in Al Harsha (Az Zawiyah, West). It is unknown whether the victim was on or off duty. His body was found in a wasteland.",1,,1741894877
LBY12053,2025-03-08,2025,1,Political violence,Battles,Armed clash,Al-Nasr Brigade (Libya),,Political militia,Zuwarah Communal Militia (Libya),,Identity militia,Political militia-Identity militia,,434,Northern Africa,Libya,West,An Nuqat al Khams,,Coast of Zwara,32.8524,12.491,2,Address Libya; Al Marsad; Libya Security Monitor,New media-Subnational,"On 8 March 2025, the Nasr brigade and a Zuwara militia clashed off the coast of Zwara (An Nuqat al Khams, West) using small patrol boats. 1 member of the Zuwara militia was killed and another seriously injured. The reason for the clash is unknown.",1,,1759192014
LBY12054,2025-03-09,2025,1,Demonstrations,Protests,Peaceful protest,Protesters (Libya),,Protesters,,,,Protesters only,,434,Northern Africa,Libya,West,Misratah,,Zlitan,32.4674,14.5687,1,Address Libya; Akhbar Libya; Al Marsad; Al Wasat (Libya),Subnational-National,"On 9 March 2025, residents protested and began a sit-in at the Etihad cement factory in Zlitan (Misratah, West) over what they consider an unfair distribution of production and to call for the dismissal of its current management.",0,crowd size=no report,1742254390
LBY12055,2025-03-07,2025,1,Demonstrations,Protests,Peaceful protest,Protesters (Libya),,Protesters,,,,Protesters only,,434,Northern Africa,Libya,West,An Nuqat al Khams,,Ajaylat,32.7577,12.3772,1,Libya Security Monitor,New media,"On 7 March 2025, residents protested in Ajaylat (An Nuqat al Khams, West) after members of the Libyan Army's 52nd Brigade shot a civilian in the town (coded separately). The protesters called for the expulsion of the Libyan army and armed groups affiliated with it from the city.",0,crowd size=no report,1754958639
LBY12058,2025-03-06,2025,1,Political violence,Violence against civilians,Attack,52nd Brigade (Libya),Military Forces of Libya (2021-) Government of National Unity (GNU),Political militia,Civilians (Libya),,Civilians,Political militia-Civilians,Civilian targeting,434,Northern Africa,Libya,West,An Nuqat al Khams,,Ajaylat,32.7577,12.3772,1,Libya Security Monitor,New media,"On 6 March 2025, overnight, members of the 52nd Brigade, which formally belongs to the Libyan Army, shot a civilian in Ajaylat (An Nuqat al Khams, West). The reason for the shooting and the health condition of the victim are unknown, but the incident sparked protests in the city (coded separately).",0,,1759192014
LBY12059,2025-03-06,2025,1,Strategic developments,Strategic developments,Change to group/activity,Police Forces of Libya (2022-) Government of National Stability (GNS),,State forces,,,,State forces only,,434,Northern Africa,Libya,South,Al Jufrah,,Jufra,29.075,17.7478,2,Libya Security Monitor,New media,"Security measures: On 6 March 2025, police forces affiliated to the GNS deployed platoon-sized patrols in and around Jufra (Al Jufrah, South) to reinforce the security and stability of the city during Ramadan, including neighborhoods, markets and gathering places.",0,,1759192014
LBY12060,2025-03-03,2025,1,Strategic developments,Strategic developments,Change to group/activity,111th Brigade (Libya),444th Brigade (Libya); Joint Operations Force (Libya); Military Forces of Libya (2021-) Government of National Unity (GNU) - Border Guards,Political militia,,,,Political militia only,,434,Northern Africa,Libya,West,Al Jabal Al Gharbi,,Hamada Oil Field,29.5073,12.9704,3,Libya Security Monitor,New media,"Change to armed group: On 3 March 2025, the GNU PM established a joint operations room to reinforce the control and security of oilfields in western and southwestern Libya. The joint operations room is composed of the 111th Brigade, the 444th Brigade, the 19th Border Guard Brigade, and the Joint Operations Force. Location coded to the Hamada Oil Field (Al Jabal Al Gharbi, West).",0,,1759181266
LBY12061,2025-03-03,2025,1,Strategic developments,Strategic developments,Change to group/activity,Military Forces of Libya (2021-) Government of National Unity (GNU),,State forces,,,,State forces only,,434,Northern Africa,Libya,West,Al Jabal Al Gharbi,,Ash Shwayrif,29.9786,14.2601,2,Libya Security Monitor,New media,"Security measures: On 3 March 2025, the 53rd Infantry Brigade of the Libyan Army's Central Military Region launched patrols from Misrata to Ash Shwayrif (Al Jabal Al Gharbi, West) to enhance security in the area.",0,,1759192014
LBY12062,2025-03-07,2025,1,Strategic developments,Strategic developments,Change to group/activity,Military Forces of Libya (2021-) Government of National Unity (GNU),,State forces,,,,State forces only,,434,Northern Africa,Libya,West,Al Jabal Al Gharbi,,Al Qaryat,30.3844,13.5843,2,Libya Security Monitor,New media,"Security measures: On 7 March 2025, a GNU joint security operations room began patrolling between Mizdah and Al Qaryat (Al Jabal Al Gharbi, West). The joint operations room was established on 3 March (coded separately).",0,,1759192014
LBY12063,2025-03-07,2025,1,Strategic developments,Strategic developments,Change to group/activity,Military Forces of Libya (2021-) Government of National Unity (GNU),,State forces,,,,State forces only,,434,Northern Africa,Libya,West,Al Jabal Al Gharbi,,Ash Shwayrif,29.9786,14.2601,2,Libya Security Monitor,New media,"Security measures: On 7 March 2025, a GNU joint security operations room began patrolling between Mizdah and Ash Shwayrif (Al Jabal Al Gharbi, West). The joint operations room was established on 3 March (coded separately).",0,,1759192014
LBY12066,2025-03-08,2025,1,Political violence,Battles,Armed clash,Unidentified Armed Group (Libya),,Political militia,Unidentified Armed Group (Libya),,Political militia,Political militia-Political militia,,434,Northern Africa,Libya,West,Al Jabal Al Gharbi,,Yafran,32.0633,12.5286,1,Address Libya; Akhbar Libya; Al Marsad,Subnational-National,"On 8 March 2025, 2 unidentified armed groups clashed in Yafran (Al Jabal Al Gharbi, West). As a result of the fighting a high-voltage power line fell on a car and killed 2 civilians. The reason for the clash is unknown.",2,,1762291775
LBY12067,2025-03-09,2025,1,Political violence,Battles,Armed clash,Zawiya Communal Militia (Libya),,Identity militia,Zawiya Communal Militia (Libya),,Identity militia,Identity militia-Identity militia,,434,Northern Africa,Libya,West,Az Zawiyah,,Az Zawiyah,32.7571,12.7276,1,Libya Security Monitor,New media,"On 9 March 2025, 2 armed groups (likely Zawiya communal militias, based on location and type of incident) clashed in the vicinity of the refinery in Az Zawiyah (Az Zawiyah, West). 1 militiaman was killed.",1,,1742254390
LBY12064,2025-03-13,2025,1,Political violence,Violence against civilians,Attack,Mohamed Bahroun Militia (Libya),,Identity militia,Civilians (Libya),Former Military Forces of Libya (2021-) Government of National Unity (GNU),Civilians,Identity militia-Civilians,Civilian targeting,434,Northern Africa,Libya,West,Az Zawiyah,,Az Zawiyah,32.7571,12.7276,1,Address Libya; Al Marsad; Libya Security Monitor,New media-Subnational,"On 13 March 2025, Al Isnad militia shot dead 1 former naval officer and wounded his brother in the head in Az Zawiyah (Az Zawiyah, West). The targeted former naval officer had been an assistant to Al Bija, a high-ranking officer of the Libyan coast guard killed by Al Isnad on 1 September 2024 (coded separately).",1,,1759192014
LBY11418,2024-01-29,2024,1,Political violence,Violence against civilians,Attack,Unidentified Armed Group (Libya),,Political militia,Civilians (Libya),Women (Libya),Civilians,Political militia-Civilians,Civilian targeting,434,Northern Africa,Libya,West,Tripoli,,Tripoli - Tripoli,32.8925,13.18,1,Akhbar Libya,National,"On 29 January 2024, a gunman from an unidentified armed group shot a woman on Al Soor road in Tripoli - Tripoli (Tripoli, West), killing the woman.",1,,1754410220
LBY11420,2024-01-31,2024,1,Political violence,Violence against civilians,Abduction/forced disappearance,Unidentified Armed Group (Libya),,Political militia,Civilians (Libya),Labor Group (Libya),Civilians,Political militia-Civilians,Civilian targeting,434,Northern Africa,Libya,West,Tripoli,,Tripoli - Ghot Alshaal,32.8493,13.0902,1,Akhbar Libya; Libya Herald,National,"On 31 January 2024, an unidentified armed group kidnapped the General Manager and two other companions of the General National Maritime Transport Company in Tripoli - Ghot Alshaal (Tripoli, West). After two hours, the two companions were released.",0,,1754410220
LBY11433,2024-02-17,2024,1,Political violence,Violence against civilians,Attack,Unidentified Armed Group (Libya),,Political militia,Civilians (Libya),Stability Support Apparatus,Civilians,Political militia-Civilians,Civilian targeting,434,Northern Africa,Libya,West,Tripoli,,Tripoli - Abu Salim,32.85,13.1667,1,Akhbar Libya; Al Wasat (Libya); Ean Libya Limited; Libya Herald; Libya News Agency; Libya Observer,National,"On 17 February 2024, an unidentified armed group shot and killed 10 members of the Stability Support Apparatus inside a house in Tripoli - Abu Salim (Tripoli, West). The house is located in an area where the Stability Support Apparatus dominates over other armed groups.",10,,1759192014
LBY11444,2024-02-26,2024,1,Demonstrations,Protests,Peaceful protest,Protesters (Libya),Journalists (Libya),Protesters,,,,Protesters only,,434,Northern Africa,Libya,West,Tripoli,,Tripoli - Tripoli,32.8925,13.18,2,Al Wasat (Libya),National,"On 26 February 2024, the Tripoli and Western Region Journalists Syndicate held a protest in Tripoli - Tripoli (Tripoli, West) coinciding with the International Day of Solidarity with Palestinian Journalists. Protesters expressed solidarity with Palestinian journalists and denounced Israeli actions in Gaza.",0,crowd size=no report,1742858670
LBY11449,2024-03-06,2024,1,Demonstrations,Protests,Peaceful protest,Protesters (Libya),,Protesters,,,,Protesters only,,434,Northern Africa,Libya,West,Tripoli,,Tripoli - Bab Bin Ghashir,32.8665,13.1921,1,Al Wasat (Libya),National,"On 6 March 2024, dozens of investment portfolio owners held a protest in front of the Office of the Prime Minister in Tripoli - Bab Bin Ghashir (Tripoli, West), demanding rights for beneficiaries.",0,crowd size=dozens,1742858670
LBY11452,2024-02-17,2024,1,Political violence,Battles,Armed clash,Janzur Knights Brigade (Libya),,Political militia,Public Security Service,,Political militia,Political militia-Political militia,,434,Northern Africa,Libya,West,Tripoli,,Tripoli - Al Serraj,32.8327,13.0877,2,Libya Security Monitor,New media,"On 17 February 2024, the Janzur Knights Brigade and the General Security Service Brigade engaged in intense clashes with heavy weapons near Tripoli - Al Serraj (Tripoli, West) after the General Security Service Brigade attempted to arrest a man under warrant at a checkpoint, triggering the Janzur Knights to intervene. Casualties are unknown.",0,,1759192014
LBY11453,2024-03-10,2024,1,Demonstrations,Protests,Peaceful protest,Protesters (Libya),,Protesters,,,,Protesters only,,434,Northern Africa,Libya,West,Tripoli,,Tripoli - Tripoli,32.8925,13.18,1,Al Wasat (Libya),National,"On 10 March 2024, business owners representing a number of chambers of commerce around Libya protested in Algiers Square in Tripoli - Tripoli (Tripoli, West), demanding the Central Bank of Libya distribute documentary credits to companies in Libya.",0,crowd size=no report,1742858670
LBY11459,2024-03-21,2024,1,Demonstrations,Protests,Peaceful protest,Protesters (Libya),,Protesters,,,,Protesters only,,434,Northern Africa,Libya,West,Tripoli,,Tripoli - Tripoli,32.8925,13.18,1,Akhbar Libya,National,"On 21 March 2024, protesters gathered in Algiers Square in Tripoli - Tripoli (Tripoli, West) to denounce poor quality of life and demanding elections to replace governing bodies.",0,crowd size=no report,1742858670
LBY11460,2024-02-26,2024,1,Strategic developments,Strategic developments,Arrests,Radaa: Special Deterrence Forces,,Political militia,Islamic State Libya Province (ISLP),,Rebel group,Rebel group-Political militia,,434,Northern Africa,Libya,West,Tripoli,,Tripoli - Tripoli,32.8925,13.18,3,Libya Security Monitor,New media,"On 26 February 2024, the office Attorney General announced the arrest of a prominent Islamic State member in an unknown location, coded to Tripoli - Tripoli (Tripoli, West). He is described as the mastermind of the bombings that targeted the Ministry of Foreign Affairs, the National Oil Corporation (NOC) headquarters and the High National Elections Commission (HNEC) headquarters in Tripoli in 2018 (coded separately).",0,,1759192014
LBY11469,2024-03-31,2024,1,Political violence,Explosions/Remote violence,Grenade,Unidentified Armed Group (Libya),,Political militia,Civilians (Libya),Government of Libya (2021-) Government of National Unity (GNU),Civilians,Political militia-Civilians,Civilian targeting,434,Northern Africa,Libya,West,Tripoli,,Tripoli - Hayy al Andalus,32.8667,13.1167,1,Reuters; Twitter,New media-International,"On 31 March 2024, an unidentified armed group targeted a home belonging to PM Dbaiba with at least two rocket-propelled grenades in Tripoli - Hayy al Andalus (Tripoli, West), causing no injuries.",0,,1759192014
LBY11474,2024-04-11,2024,1,Political violence,Battles,Armed clash,Stability Support Apparatus,,Political militia,Radaa: Special Deterrence Forces,Judicial Police,Political militia,Political militia-Political militia,,434,Northern Africa,Libya,West,Tripoli,,Tripoli - Tripoli,32.8925,13.18,2,Akhbar Libya; Al Wasat (Libya); Ean Libya Limited; GardaWorld; Libya Observer; Twitter,Other-New media,"On 11 April 2024, the Stability Support Apparatus engaged in an armed clash with Special Deterrence Forces and affiliate judiciary police in multiple neighborhoods in Tripoli - Tripoli (Tripoli, West), including the Al Lancha Roundabout, Airport Road, and Madar Island, after the Stability Support Apparatus abducted members of the judiciary police. Casualties are unknown.",0,,1759192014
LBY11485,2024-04-20,2024,1,Strategic developments,Strategic developments,Disrupted weapons use,Police Forces of Libya (2021-) Government of National Unity (GNU) - Criminal Investigations Department,,State forces,Unidentified Armed Group (Libya),,Political militia,State forces-Political militia,,434,Northern Africa,Libya,West,Tripoli,,Tripoli - Hay Al Islami,32.8599,13.1147,1,Libya News Agency,National,"Defusal: On 20 April 2024, the Security Inspection and Explosives Dismantling Office, affiliated with the Technical Affairs Department of the Police Criminal Investigation Department, defused a hand grenade and a heavy machine gun bullet found in Tripoli - Hay Al Islami (Tripoli, West).",0,,1759192014
LBY11490,2024-04-21,2024,1,Demonstrations,Protests,Peaceful protest,Protesters (Libya),Labor Group (Libya),Protesters,,,,Protesters only,,434,Northern Africa,Libya,West,Tripoli,,Tripoli - Tripoli,32.8925,13.18,1,Address Libya,Subnational,"On 21 April 2024, employees of the Ministry of Tourism held a protest in front of their ministry's headquarters in Tripoli - Tripoli (Tripoli, West) against the GNU's decision to hand over the ministry's headquarters building to the Council of State.",0,crowd size=no report,1742858670
LBY11499,2024-04-30,2024,1,Demonstrations,Protests,Peaceful protest,Protesters (Libya),Labor Group (Libya),Protesters,,,,Protesters only,,434,Northern Africa,Libya,West,Tripoli,,Tripoli - Tripoli,32.8925,13.18,1,Libya24,National,"On 30 April 2024, employees of companies facing financial problems held a protest in front of the building of the council of ministers in Tripoli - Tripoli (Tripoli, West). The specific demands of the protesters are unknown.",0,crowd size=no report,1742858670
LBY11500,2024-05-01,2024,1,Demonstrations,Protests,Peaceful protest,Protesters (Libya),Labor Group (Libya),Protesters,,,,Protesters only,,434,Northern Africa,Libya,West,Tripoli,,Tripoli - Ben Ashour,32.8788,13.2084,1,Libya Al Ahrar,National,"On 1 May 2024, on the occasion of the International Workers' Day, employees of companies with financial problems held a protest in Tripoli - Ben Ashour (Tripoli, West) to demand solutions to their situation, the payment of overdue salaries and their transfer to state sectors. Another, similar protest took place the previous day, 30 April 2024 (coded separately).",0,crowd size=no report,1742858670
LBY11503,2024-05-03,2024,1,Political violence,Violence against civilians,Attack,Stability Support Apparatus,,Political militia,Civilians (Algeria),,Civilians,Political militia-Civilians,Civilian targeting,434,Northern Africa,Libya,West,Tripoli,,Tripoli - Tripoli,32.8925,13.18,1,Address Libya,Subnational,"On 3 May 2024, members of the Stability Support Apparatus shot and wounded three Algerian nationals on Omar Al-Mukhtar Street in Tripoli - Tripoli (Tripoli, West). The three injured were transferred to a nearby hospital. The reasons for the attack are unknown.",0,,1759192014
LBY11509,2024-05-07,2024,1,Strategic developments,Strategic developments,Disrupted weapons use,Police Forces of Libya (2021-) Government of National Unity (GNU) - Criminal Investigations Department,,State forces,Unidentified Armed Group (Libya),,Political militia,State forces-Political militia,,434,Northern Africa,Libya,West,Tripoli,,Tripoli - Ghot Alshaal,32.8493,13.0902,2,Al Wasat (Libya),National,"Defusal: On 7 May 2024, the Security Inspection and Explosives Dismantling Office, affiliated with the Police Criminal Investigation Department, defused an unexploded shell, identified as a remnant of war, found in the area of Tripoli - Ghot Alshaal (Tripoli, West).",0,,1759192014
LBY11516,2024-04-30,2024,1,Strategic developments,Strategic developments,Disrupted weapons use,Police Forces of Libya (2021-) Government of National Unity (GNU) - Criminal Investigations Department,,State forces,Unidentified Armed Group (Libya),,Political militia,State forces-Political militia,,434,Northern Africa,Libya,West,Tripoli,,Tripoli - Tripoli,32.8925,13.18,2,Akhbar Libya,National,"Defusal: On 30 April 2024, the Security Inspection and Explosives Dismantling Office, affiliated with the Police Criminal Investigation Department, defused an artillery shell, an RPG grenade launcher, two fuses and RPG scrap found in a number of locations in Tripoli - Tripoli (Tripoli, West), including the Airport Road, Ain Zara and Ramla. The explosives were identified as remnants of war.",0,,1759192014
LBY11518,2024-05-05,2024,1,Demonstrations,Protests,Peaceful protest,Protesters (Libya),Labor Group (Libya),Protesters,,,,Protesters only,,434,Northern Africa,Libya,West,Tripoli,,Tripoli - Tripoli,32.8925,13.18,1,Akhbar Libya,National,"On 5 May 2024, employees from the oil sector held a protest in front of the headquarters of the National Oil Corporation in Tripoli - Tripoli (Tripoli, West) against the decision to reduce the duration of training leaves. No further details.",0,crowd size=no report,1742858670
LBY11537,2024-05-14,2024,1,Political violence,Battles,Armed clash,Public Security Service,,Political militia,Public Security Service,,Political militia,Political militia-Political militia,,434,Northern Africa,Libya,West,Tripoli,,Tripoli - Hay Al Islami,32.8599,13.1147,1,Address Libya,Subnational,"On 14 May 2024, members of the General Security Service engaged in an armed clash in a residential area of Tripoli - Hay Al Islami (Tripoli, West). Reasons and casualties unknown. The General Security Service is headed by Abdullah Trabelsi, known as 'strawberry' and brother of GNU interior minister Imad Trabelsi.",0,,1759192014
LBY11557,2024-03-24,2024,2,Strategic developments,Strategic developments,Change to group/activity,444th Brigade (Libya),111th Brigade (Libya); 22nd Battalion (Libya); Al Silaa Brigade (Libya),Political militia,,,,Political militia only,,434,Northern Africa,Libya,West,Tripoli,,Tripoli - Tripoli,32.8925,13.18,1,Akhbar Libya,National,"Movement of forces: Around 24 March 2024 (as reported), several armed groups allied with the GNU mobilized in Tripoli - Tripoli (Tripoli, West) in preparation to retake control of the Ras Ajdir border crossing between Libya and Tunisia, from which GNU forces withdrew on 18 March (coded separately). Forces mobilized included the 444th Brigade, 555th Brigade, 103rd Battalion, 111th Brigade, and 22nd Battalion.",0,,1759192014
LBY11561,2024-05-26,2024,1,Political violence,Riots,Mob violence,Rioters (Libya),,Rioters,,,,Rioters only,,434,Northern Africa,Libya,West,Tripoli,,Tripoli - Abu Salim,32.85,13.1667,1,Libya Al Ahrar,National,"On 26 May 2024, a mob stabbed members of the Al Khums soccer team in Tripoli - Abu Salim (Tripoli, West) while they were returning from playing a match against a local team. Several members of the group were injured and transferred to hospitals. Their bus was also burned down.",0,crowd size=no report,1742858670
LBY11567,2024-05-29,2024,1,Political violence,Battles,Armed clash,Stability Support Apparatus,,Political militia,Judicial Police,,Political militia,Political militia-Political militia,,434,Northern Africa,Libya,West,Tripoli,,Tripoli - Ras Hassan,32.8688,13.2112,1,Akhbar Libya,National,"On 29 May 2024, members of the Stability Support Apparatus fired at members of the judicial police in Tripoli - Ras Hassan (Tripoli, West). A policeman was seriously injured. No further details are available.",0,,1759192014
LBY11572,2024-06-03,2024,1,Demonstrations,Protests,Peaceful protest,Protesters (Libya),Labor Group (Libya); Teachers (Libya),Protesters,,,,Protesters only,,434,Northern Africa,Libya,West,Tripoli,,Tripoli - Tripoli,32.8925,13.18,1,Libya24,National,"On 3 June 2024, staff members of Libyan faculties held a protest in Tripoli - Tripoli (Tripoli, West) to call on the GNU to reactivate financial authorizations for scholarships and higher education after a decade in freeze.",0,crowd size=no report,1742858670
LBY11573,2024-06-04,2024,1,Demonstrations,Protests,Peaceful protest,Protesters (Libya),Students (Libya),Protesters,,,,Protesters only,,434,Northern Africa,Libya,West,Tripoli,,Tripoli - Ben Ashour,32.8788,13.2084,1,Libya24,National,"On 4 June 2024, students from the Faculty of Electronic Technology held a protest in Tripoli - Ben Ashour (Tripoli, West) to demand the resumption of their studies.",0,crowd size=no report,1742858670
LBY11575,2024-06-04,2024,1,Demonstrations,Protests,Peaceful protest,Protesters (Libya),,Protesters,,,,Protesters only,,434,Northern Africa,Libya,West,Tripoli,,Tripoli - Tripoli,32.8925,13.18,1,Libya Al Ahrar,National,"On 4 June 2024, muscular dystrophy patients held a protest in Tripoli - Tripoli (Tripoli, West) to ask the GNU for solutions to the obstacles they face in receiving treatment, including access to medicines and healthcare.",0,crowd size=no report,1742858670
LBY11577,2024-06-05,2024,1,Demonstrations,Riots,Violent demonstration,Rioters (Libya),Volcano of Anger Militia (Libya),Rioters,Mahjoub Brigade (Libya),Private Security Forces (Syria),Political militia,Political militia-Rioters,,434,Northern Africa,Libya,West,Tripoli,,Tripoli - Ben Ashour,32.8788,13.2084,1,Address Libya; Akhbar Libya; Libya Security Monitor,New media-Subnational,"On 5 June 2024, around 250 war-wounded veterans of the Volcano of Anger militias and their relatives broke into the compound of the GNU Prime Minister's office in Tripoli - Ben Ashour (Tripoli, West). They demanded the promised payment of financial compensation and called for the resignation of authorities responsible for the war wounded. The Mahjoub Brigade and Syrian mercenaries guarding the compound opened fire and forcibly expelled the rioters. At least one demonstrator was shot in the head and injured.",0,crowd size=around 250,1759192014
LBY11585,2024-06-12,2024,1,Demonstrations,Protests,Peaceful protest,Protesters (Libya),,Protesters,,,,Protesters only,,434,Northern Africa,Libya,West,Tripoli,,Tripoli - Tripoli,32.8925,13.18,2,Akhbar Libya,National,"On 12 June 2024, residents of the city of Tawurgha held a protest in Tripoli - Tripoli (Tripoli, West) to demand the implementation of measures adopted by their municipality, including the payment of compensation for destroyed houses and the reconstruction of the town.",0,crowd size=no report,1742858670
LBY11587,2024-06-14,2024,1,Political violence,Explosions/Remote violence,Remote explosive/landmine/IED,Unidentified Armed Group (Libya),Police Forces of Libya (2021-) Government of National Unity (GNU) - Intelligence Service,Political militia,Civilians (Libya),Government of Libya (2021-) Government of National Unity (GNU),Civilians,Political militia-Civilians,Civilian targeting,434,Northern Africa,Libya,West,Tripoli,,Tripoli - Tripoli,32.8925,13.18,2,Address Libya; Libya Security Monitor,New media-Subnational,"On 14 June 2024, an unidentified armed group suspected to include members of the intelligence service detonated a car bomb against a businessman and advisor to the GNU Prime Minister somewhere near the third ring road of Tripoli - Tripoli (Tripoli, West). The target of the attack was injured and hospitalized, but survived. There were no fatalities. The intelligence services denied any direct involvement.",0,,1759192014
LBY11591,2024-06-26,2024,1,Strategic developments,Strategic developments,Change to group/activity,Unidentified Armed Group (Libya),,Political militia,,,,Political militia only,,434,Northern Africa,Libya,West,Tripoli,,Tripoli - Tripoli,32.8925,13.18,1,Libya24,National,"Movement of forces: On 26 June 2024, an unidentified armed group (likely the 55th Brigade due to the location and an armed clash (coded separately) that occurred shortly thereafter) departed from Tripoli - Tripoli (Tripoli, West) headed for the Ras Ajdir border crossing with Tunisia.",0,,1753970978
LBY11601,2024-07-03,2024,1,Demonstrations,Protests,Peaceful protest,Protesters (Libya),Students (Libya),Protesters,,,,Protesters only,,434,Northern Africa,Libya,West,Tripoli,,Tripoli - Tripoli,32.8925,13.18,2,Akhbar Libya,National,"On 3 July 2024, Libyan students held a protest in Tripoli - Tripoli (Tripoli, West) to demand from the country's authorities the disbursement of scholarships to study abroad, which have been pending for six months. They also called for a waiver on the payment of fees on the purchase of foreign currency in local commercial banks, and the establishment of a more efficient system for processing scholarship applications.",0,crowd size=no report,1742858670
LBY11602,2024-03-21,2024,1,Demonstrations,Protests,Peaceful protest,Protesters (Libya),,Protesters,,,,Protesters only,,434,Northern Africa,Libya,West,Tripoli,,Tripoli - Tripoli,32.8925,13.18,2,Akhbar Libya,National,"On 21 March 2024, residents held a protest in Tripoli - Tripoli (Tripoli, West) against the decision of the Central Bank of Libya and the House of Representatives to impose a 27% tax on foreign currency sales in commercial banks. The protesters also criticized the lack of unified state decisions, given that the GNU opposed the measure, as well as the confusion over the country's monetary and economic policies and the squandering of public funds.",0,crowd size=no report,1742858670
LBY11611,2024-07-11,2024,1,Political violence,Violence against civilians,Abduction/forced disappearance,Police Forces of Libya (2021-) Government of National Unity (GNU) - Internal Security Agency,,State forces,Civilians (Libya),Journalists (Libya),Civilians,State forces-Civilians,Civilian targeting,434,Northern Africa,Libya,West,Tripoli,,Tripoli - Tripoli,32.8925,13.18,1,Al Wasat (Libya); Libya Security Monitor; New Arab,New media-National,"On 11 July 2024, the Internal Security Device arrested and disappeared a journalist in Tripoli - Tripoli (Tripoli, West). The Internal Security Device did not disclose the reasons for the arrest, and the family lost contact with him. He covered economic and corruption issues, among others, and had recently had a dispute with the Ministry of Economy over the publication of leaked internal documents. He was released on 14 July.",0,,1764637279
LBY11614,2024-07-09,2024,1,Political violence,Violence against civilians,Attack,Unidentified Armed Group (Libya),,Political militia,Civilians (Libya),Police Forces of Libya (2021-) Government of National Unity (GNU) - Intelligence Service,Civilians,Political militia-Civilians,Civilian targeting,434,Northern Africa,Libya,West,Tripoli,,Tripoli - Souq Al Thulatha,32.8803,13.1561,1,Al Arabiya,International,"On 9 July 2024, an unidentified armed group riding in two SUVs attacked the car of the director of the department of national security operations of the intelligence services of the police forces (off-duty) in Tripoli - Souq Al Thulatha (Tripoli, West). The assailants stole his car and the documents he was carrying, but he managed to escape.",0,,1759181266
LBY11616,2024-07-15,2024,1,Political violence,Violence against civilians,Abduction/forced disappearance,Police Forces of Libya (2021-) Government of National Unity (GNU) - Internal Security Agency,,State forces,Civilians (Libya),Government of Libya (2021-) Government of National Unity (GNU),Civilians,State forces-Civilians,Civilian targeting,434,Northern Africa,Libya,West,Tripoli,,Tripoli - Tripoli,32.8925,13.18,1,Akhbar Libya,National,"On 15 July 2024, the Internal Security Device arrested and disappeared the director general of an agency affiliated with the GNU Ministry of Economy and Trade in the agency's headquarters in Tripoli - Tripoli (Tripoli, West) for allegedly providing confidential documents to a journalist arrested on 11 July (coded separately). The director general was released on 19 July.",0,,1759181266
LBY11624,2024-07-15,2024,1,Demonstrations,Protests,Peaceful protest,Protesters (Libya),Labor Group (Libya),Protesters,,,,Protesters only,,434,Northern Africa,Libya,West,Tripoli,,Tripoli - Ben Ashour,32.8788,13.2084,1,Akhbar Libya,National,"On 15 July 2024, workers in the environmental sector held a protest in front of the GNU Prime Minister's office in Tripoli - Ben Ashour (Tripoli, West) to demand the payment of overdue salaries and the intervention of the Public Prosecution.",0,crowd size=no report,1742858670
LBY11644,2024-07-21,2024,1,Demonstrations,Protests,Peaceful protest,Protesters (Libya),Labor Group (Libya),Protesters,,,,Protesters only,,434,Northern Africa,Libya,West,Tripoli,,Tripoli - Gergarish,32.8697,13.1078,1,Akhbar Libya,National,"On 21 July 2024, employees of the National Shipping Company held a protest at its headquarters in Tripoli - Gergarish (Tripoli, West) over an investigation initiated by the management against some of the workers who had recently protested. They called for an end to intimidating practices and for the dismissal of the general director.",0,crowd size=no report,1742858670
LBY11660,2024-08-07,2024,1,Political violence,Battles,Armed clash,Police Forces of Libya (2021-) Government of National Unity (GNU),,State forces,Zawiya Communal Militia (Libya),,Identity militia,State forces-Identity militia,,434,Northern Africa,Libya,West,Tripoli,,Tripoli - Abu Salim,32.85,13.1667,1,Address Libya; Akhbar Libya,Subnational-National,"On 7 August 2024, members of the police forces and a communal militia from Zawiya engaged in an armed clash in Tripoli - Abu Salim (Tripoli, West). There were no fatalities. No further information is available.",0,,1759192014
LBY11663,2024-08-06,2024,1,Political violence,Violence against civilians,Attack,Police Forces of Libya (2021-) Government of National Unity (GNU) - Internal Security Agency,,State forces,Civilians (Libya),Government of Libya (2022-) Government of National Stability (GNS),Civilians,State forces-Civilians,Civilian targeting,434,Northern Africa,Libya,West,Tripoli,,Tripoli - Tripoli,32.8925,13.18,1,Address Libya; Akhbar Libya; Libya Observer,Subnational-National,"On 6 August 2024, three members of the Internal Security Device shot at and tried to abduct a member of the High Council of State in the vicinity of the institution's headquarters in Tripoli - Tripoli (Tripoli, West). Security personnel seized one of the assailants' cars and handed it over to the Prosecution, which launched an investigation. The Internal Security Device later stated that the department to which the three members accused by the Prosecution belong cannot conduct arrests, but accused the victim of having leaked sensitive information to foreign actors. No fatalities.",0,,1759181266
LBY11678,2024-08-08,2024,1,Strategic developments,Strategic developments,Change to group/activity,Volcano of Anger Militia (Libya),Misratah Communal Militia (Libya),Identity militia,,,,Identity militia only,,434,Northern Africa,Libya,West,Tripoli,,Tripoli - Tripoli,32.8925,13.18,1,Akhbar Libya,National,"Movement of forces: On 8 August 2024, members of Volcano of Anger and other GNU-allied militias from Misratah moved towards Tripoli - Tripoli (Tripoli, West) amid a military buildup of rival factions in western Libya.",0,,1742858670
LBY11682,2024-04-21,2024,1,Demonstrations,Protests,Peaceful protest,Protesters (Libya),,Protesters,,,,Protesters only,,434,Northern Africa,Libya,West,Tripoli,,Tripoli - Tripoli,32.8925,13.18,1,Al Wasat (Libya),National,"On 21 April 2024, the Change and Reform group held a protest in Algeria Square in Tripoli - Tripoli (Tripoli, West) to demand an end to what they consider the waste of public money and corruption of the country's authorities.",0,crowd size=no report,1742858670
LBY11685,2024-08-10,2024,1,Strategic developments,Strategic developments,Change to group/activity,55th Brigade (Libya),,Political militia,,,,Political militia only,,434,Northern Africa,Libya,West,Tripoli,,Tripoli - Zawiyat Al Dahmani,32.8962,13.2076,2,Akhbar Libya,National,"Movement of forces: On 10 August 2024, forces from the 55th brigade moved towards the east of Tripoli, coded in Tripoli - Zawiyat Al Dahmani (Tripoli, West), amid a build-up of forces from different armed groups in the area.",0,,1759192014
LBY11689,2024-08-10,2024,1,Strategic developments,Strategic developments,Change to group/activity,Public Security Service,,Political militia,,,,Political militia only,,434,Northern Africa,Libya,West,Tripoli,,Tripoli - Tripoli,32.8925,13.18,1,Akhbar Libya,National,"Movement of forces: On 10 August 2024, forces from the General Security Service deployed to Tripoli - Tripoli (Tripoli, West), amid a build-up of forces from different armed groups in the south and east of Tripoli.",0,,1759192014
LBY11690,2024-08-14,2024,1,Strategic developments,Strategic developments,Change to group/activity,Public Security Service,52nd Brigade (Libya),Political militia,,,,Political militia only,,434,Northern Africa,Libya,West,Tripoli,,Tripoli - Hayy al Andalus,32.8667,13.1167,1,Akhbar Libya,National,"Movement of forces: On 14 August 2024, forces from the General Security Service and the 52nd Brigade deployed in the vicinity of the residence of the GNU Prime Minister in Tripoli - Hayy al Andalus (Tripoli, West).",0,,1759192014
LBY11694,2024-08-10,2024,1,Strategic developments,Strategic developments,Change to group/activity,Radaa: Special Deterrence Forces,,Political militia,,,,Political militia only,,434,Northern Africa,Libya,West,Tripoli,,Tripoli - Fashloum,32.8867,13.2046,1,Akhbar Libya,National,"Movement of forces: On 10 August 2024, forces from the Special Deterrence Forces, commonly known as Rada, deployed to Tripoli - Fashloum (Tripoli, West), amid a build-up of forces from different armed groups in the south and east of Tripoli.",0,,1759192014
LBY11695,2024-08-10,2024,1,Strategic developments,Strategic developments,Change to group/activity,Radaa: Special Deterrence Forces,,Political militia,,,,Political militia only,,434,Northern Africa,Libya,West,Tripoli,,Tripoli - Zawiyat Al Dahmani,32.8962,13.2076,1,Akhbar Libya,National,"Movement of forces: On 10 August 2024, forces from the Special Deterrence Forces, commonly known as Rada, deployed to Tripoli - Zawiyat Al Dahmani (Tripoli, West), amid a build-up of forces from different armed groups in the south and east of Tripoli.",0,,1759192014
LBY11696,2024-08-12,2024,2,Strategic developments,Strategic developments,Change to group/activity,Unidentified Armed Group (Libya),,Political militia,,,,Political militia only,,434,Northern Africa,Libya,West,Tripoli,,Tripoli - Tripoli,32.8925,13.18,1,Address Libya; Al Araby Al Jadeed; Libya News Agency; Libya24,Subnational-National,"Movement of forces: Around 12 August 2024 (as reported), unidentified armed groups mobilized in the vicinity of the headquarters of the Central Bank of Libya in Tripoli - Tripoli (Tripoli, West).",0,,1753970978
LBY11698,2024-08-13,2024,1,Strategic developments,Strategic developments,Change to group/activity,Unidentified Armed Group (Libya),,Political militia,,,,Political militia only,,434,Northern Africa,Libya,West,Tripoli,,Tripoli - Tripoli,32.8925,13.18,2,Akhbar Libya; Libya24,National,"Movement of forces: On 13 August 2024, an unidentified armed group deployed in an unspecified location in Tripoli - Tripoli (Tripoli, West), amid a build-up of forces from different armed groups in the south and east of Tripoli.",0,,1753970978
LBY11712,2024-08-25,2024,1,Political violence,Violence against civilians,Abduction/forced disappearance,Unidentified Armed Group (Libya),,Political militia,Civilians (Libya),Labor Group (Libya),Civilians,Political militia-Civilians,Civilian targeting,434,Northern Africa,Libya,West,Tripoli,,Tripoli - Tripoli,32.8925,13.18,3,Libya24,National,"On 25 August 2024, unknown gunmen kidnapped 4 bank employees at unspecified place (location coded to Tripoli - Tripoli, Tripoli). The motive is unknown.",0,,1754410220
LBY11713,2024-08-22,2024,1,Strategic developments,Strategic developments,Change to group/activity,Reserve Force of the Counter-Terrorism Force (Libya),Military Forces of Libya (2021-) Government of National Unity (GNU),Political militia,,,,Political militia only,,434,Northern Africa,Libya,West,Tripoli,,Tripoli - Tripoli,32.8925,13.18,1,LSM,International,"Movement of forces: On 22 August 2024, the Reserve Force of the Counter-Terrorism Force and the 166th Brigade commanded by Muhammed al-Hussan deployed in Tripoli - Tripoli (Tripoli, West) in response to the rising tensions around the Central Bank of Libya crisis and the threat of armed confrontation.",0,,1761001384
LBY11714,2024-08-29,2024,1,Strategic developments,Strategic developments,Disrupted weapons use,Military Forces of Libya (2021-) Government of National Unity (GNU),,State forces,Unidentified Armed Group (Libya),,Political militia,State forces-Political militia,,434,Northern Africa,Libya,West,Tripoli,,Tripoli - Tripoli,32.8925,13.18,1,Al Wasat (Libya),National,"Defusal: On 29 August 2024, members of the Security Inspection and Explosives Dismantling Team of the Criminal Investigation Service dismantled a landmine planted by an unknown armed group in Tripoli - Tripoli (Tripoli, West).",0,,1759192014
LBY11715,2024-08-27,2024,1,Demonstrations,Protests,Peaceful protest,Protesters (Libya),,Protesters,,,,Protesters only,,434,Northern Africa,Libya,West,Tripoli,,Tripoli - Tripoli,32.8925,13.18,1,Al Wasat (Libya),National,"On 27 August 2024, residents staged a protest at the Algiers Square in Tripoli - Tripoli (Tripoli, West) and expressed their support to the Presidential Council's decision to appoint a new board of directors at the Central Bank of Libya. They also denounced the United Nations's interference in Libyan internal affairs.",0,crowd size=no report,1742858670
LBY11716,2024-08-26,2024,1,Demonstrations,Protests,Peaceful protest,Protesters (Libya),,Protesters,,,,Protesters only,,434,Northern Africa,Libya,West,Tripoli,,Tripoli - Tripoli,32.8925,13.18,2,Libya24,National,"On 26 August 2024, young protesters blocked road (means unspecified) to the oil fields (coded to Tripoli - Tripoli, Tripoli), to denounce the Central Bank of Libya's crisis and called for fair distribution of resources.",0,crowd size=no report,1742858670
LBY11727,2024-08-18,2024,1,Political violence,Violence against civilians,Abduction/forced disappearance,Unidentified Armed Group (Libya),,Political militia,Civilians (Libya),Labor Group (Libya),Civilians,Political militia-Civilians,Civilian targeting,434,Northern Africa,Libya,West,Tripoli,,Tripoli - Tripoli,32.8925,13.18,2,Libya Observer,National,"On 18 August 2024, an unidentified armed group abducted the head of the information technology department of the Central Bank of Libya in Tripoli - Tripoli (Tripoli, West). The reasons for the abduction are unknown, but the CBL suspended its activities in response to the incident and only resumed its work after his release later the same day.",0,,1754410220
LBY11729,2024-08-27,2024,1,Political violence,Violence against civilians,Attack,Unidentified Armed Group (Libya),,Political militia,Civilians (Libya),Labor Group (Libya),Civilians,Political militia-Civilians,Civilian targeting,434,Northern Africa,Libya,West,Tripoli,,Tripoli - Tripoli,32.8925,13.18,2,Akhbar Libya,National,"On 27 August 2024, an unidentified armed group abducted and beat a businessman from his home in Tripoli - Tripoli (Tripoli, West). He was released later on the same day.",0,,1754410220
LBY11735,2024-09-05,2024,1,Strategic developments,Strategic developments,Arrests,Judicial Police,,Political militia,Mohamed Bahroun Militia (Libya),,Identity militia,Political militia-Identity militia,,434,Northern Africa,Libya,West,Tripoli,,Tripoli - Tripoli,32.8925,13.18,2,Libya Security Monitor,New media,"On 5 September 2024, the commander of the Al Isnad militia handed himself in to the authorities in Tripoli - Tripoli (Tripoli, West) after the Prosecution had issued a warrant for his arrest in connection with the killing of a human smuggler and high-ranking officer of the Libyan coast guard on 1 September in Janzur (coded separately).",0,,1759192014
LBY11739,2024-09-09,2024,1,Strategic developments,Strategic developments,Other,Unidentified Armed Group (Libya),,Political militia,Civilians (International),Labor Group (International),Civilians,Political militia-Civilians,,434,Northern Africa,Libya,West,Tripoli,,Tripoli - Salah Aldeen,32.8286,13.2141,1,Address Libya; Al Wasat (Libya); Ean Libya Limited; Libya News Agency,Subnational-National,"Explosive remnants of war: On 9 September 2024, a landmine identified as a war remnant left by an unidentified armed group exploded in Tripoli - Salah Aldeen (Tripoli, West) and killed two foreign workers.",2,,1753970978
LBY11746,2024-09-08,2024,1,Demonstrations,Riots,Violent demonstration,Rioters (Libya),,Rioters,,,,Rioters only,,434,Northern Africa,Libya,West,Tripoli,,Tripoli - Ghot Alshaal,32.8493,13.0902,1,Akhbar Libya,National,"On 8 September 2024, residents barricaded with burning tires a highway in Tripoli - Ghot Alshaal (Tripoli, West) to complain about power outages in the capital and the deteriorating situation in the country.",0,crowd size=no report,1742858670
LBY11748,2024-09-07,2024,1,Demonstrations,Riots,Violent demonstration,Rioters (Libya),,Rioters,,,,Rioters only,,434,Northern Africa,Libya,West,Tripoli,,Tripoli - Hay Al Islami,32.8599,13.1147,1,Address Libya; Akhbar Libya; Libya24,Subnational-National,"On 7 September 2024, residents blocked a road and set tires on fire in Tripoli - Hay Al Islami (Tripoli, West) over the authorities' plans to evict some residents from the area and demolish informal buildings.",0,crowd size=no report,1742858670
LBY11763,2024-09-22,2024,1,Political violence,Violence against civilians,Attack,Radaa: Special Deterrence Forces,,Political militia,Civilians (Libya),,Civilians,Political militia-Civilians,Civilian targeting,434,Northern Africa,Libya,West,Tripoli,,Tripoli - Ben Ashour,32.8788,13.2084,1,Address Libya; Al Wasat (Libya); Libya24,Subnational-National,"On 22 September 2024, members of the Special Deterrence Forces tortured to death a civilian at the agency's headquarters in Tripoli - Ben Ashour (Tripoli, West).",1,,1759192014
LBY11774,2024-10-02,2024,1,Demonstrations,Protests,Peaceful protest,Protesters (Libya),Labor Group (Libya),Protesters,,,,Protesters only,,434,Northern Africa,Libya,West,Tripoli,,Tripoli - Tripoli,32.8925,13.18,1,Al Wasat (Libya),National,"On 2 October 2024, employees of the community development department of the city council held a protest in front of their headquarters in Tripoli - Tripoli (Tripoli, West) in rejection of plans to relocate them and to express their concern about the impact this may have on their work and the service provided to citizens.",0,crowd size=no report,1742858670
LBY11785,2024-10-13,2024,1,Demonstrations,Protests,Peaceful protest,Protesters (Libya),Labor Group (Libya),Protesters,,,,Protesters only,,434,Northern Africa,Libya,West,Tripoli,,Tripoli - Tripoli,32.8925,13.18,1,Akhbar Libya; Al Wasat (Libya); Jana; Libya News Agency,National,"On 13 October 2024, owners of investment portfolios managed by a local fund held a protest in Tripoli - Tripoli (Tripoli, West) to demand the disbursement of financial dues they claim they have been owed for ten years.",0,crowd size=no report,1742858670
LBY11801,2024-10-27,2024,1,Demonstrations,Protests,Peaceful protest,Protesters (Libya),Labor Group (Libya),Protesters,,,,Protesters only,,434,Northern Africa,Libya,West,Tripoli,,Tripoli - Ben Ashour,32.8788,13.2084,1,Al Wasat (Libya); Libya News Agency,National,"On 27 October 2024, former employees of the Ministry of International Cooperation held a protest in front of the headquarters of the Council of Ministers in Tripoli - Ben Ashour (Tripoli, West) to demand that they be integrated into the staff of the Ministry of Foreign Affairs following the merger of the two bodies.",0,crowd size=no report,1742858670
LBY11802,2024-10-27,2024,1,Demonstrations,Protests,Peaceful protest,Protesters (Libya),Labor Group (Libya),Protesters,,,,Protesters only,,434,Northern Africa,Libya,West,Tripoli,,Tripoli - Ras Hassan,32.8688,13.2112,1,Al Wasat (Libya),National,"On 27 October 2024, employees of the Ministry of Agriculture and Animal Resources held a protest in front of its headquarters in Tripoli - Ras Hassan (Tripoli, West) against the government's decision to transfer the management of the agricultural sector to the Ministry of Local Government.",0,crowd size=no report,1742858670
LBY11805,2024-10-27,2024,1,Demonstrations,Protests,Peaceful protest,Protesters (Libya),,Protesters,,,,Protesters only,,434,Northern Africa,Libya,West,Tripoli,,Tripoli - Tripoli,32.8925,13.18,1,Akhbar Libya,National,"On 27 October 2024, citizens held a protest in Tripoli - Tripoli (Tripoli, West) to call for the withdrawal of foreign forces from Libya.",0,crowd size=no report,1742858670
LBY11818,2024-11-07,2024,1,Strategic developments,Strategic developments,Change to group/activity,Unidentified Armed Group (Libya),,Political militia,,,,Political militia only,,434,Northern Africa,Libya,West,Tripoli,,Tripoli - Tripoli,32.8925,13.18,1,Akhbar Libya,National,"Movement of forces: On 7 November 2024, an unidentified armed group assembled forces in front of the intelligence service headquarters in Tripoli - Tripoli (Tripoli, West) following the abduction of the agency's security director the day before (coded separately).",0,,1753970978
LBY11825,2024-11-13,2024,2,Political violence,Violence against civilians,Attack,Police Forces of Libya (2021-) Government of National Unity (GNU),Military Forces of Libya (2021-) Government of National Unity (GNU),State forces,Civilians (Libya),,Civilians,State forces-Civilians,Civilian targeting,434,Northern Africa,Libya,West,Tripoli,,Tripoli - Tripoli,32.8925,13.18,1,Akhbar Libya,National,"Around 13 November 2024, members of the police and the military verbally and physically assaulted a civilian in a street in Tripoli - Tripoli (Tripoli, West) and then took him away in one of their vehicles. No further information is available.",0,,1759192014
LBY11827,2024-11-11,2024,1,Demonstrations,Protests,Peaceful protest,Protesters (Libya),,Protesters,,,,Protesters only,,434,Northern Africa,Libya,West,Tripoli,,Tripoli - Tripoli,32.8925,13.18,1,Akhbar Libya; Libya24,National,"On 11 November 2024, residents of Zintan held a protest in Tripoli - Tripoli (Tripoli, West) over the abduction of the security director of the intelligence services, who hails from Zintan, on 6 November (coded separately).",0,crowd size=no report,1742858670
LBY11828,2024-11-12,2024,1,Demonstrations,Protests,Peaceful protest,Protesters (Libya),,Protesters,,,,Protesters only,,434,Northern Africa,Libya,West,Tripoli,,Tripoli - Ben Ashour,32.8788,13.2084,1,Akhbar Libya; Al Marsad; Al Wasat (Libya),National,"On 12 November 2024, citizens held a protest in front of the headquarters of the Libyan council of ministers in Tripoli - Ben Ashour (Tripoli, West) to demand that the fate of the security director of the intelligence services who was abducted on 6 November (coded separately) be revealed.",0,crowd size=no report,1742858670
LBY11833,2024-11-13,2024,1,Political violence,Explosions/Remote violence,Shelling/artillery/missile attack,Unidentified Armed Group (Libya),,Political militia,,,,Political militia only,,434,Northern Africa,Libya,West,Tripoli,,Tripoli - Adribe,32.8538,13.1331,1,Akhbar Libya; Libya Observer,National,"On 13 November 2024, an unidentified armed group launched a shell in Tripoli - Adribe (Tripoli, West). No further information is available. There were no fatalities.",0,,1754354897
LBY11839,2024-11-19,2024,1,Political violence,Violence against civilians,Attack,Stability Support Apparatus,,Political militia,Civilians (Libya),,Civilians,Political militia-Civilians,Civilian targeting,434,Northern Africa,Libya,West,Tripoli,,Tripoli - Ghot Alshaal,32.8493,13.0902,1,Address Libya; Al Marsad,Subnational-National,"On 19 November 2024, gunmen suspected to be members of the Stability Support Apparatus shot at a vehicle in Tripoli - Ghot Alshaal (Tripoli, West) and killed one of its passengers and wounded another.",1,,1759192014
LBY11848,2024-11-23,2024,2,Strategic developments,Strategic developments,Arrests,444th Brigade (Libya),,Political militia,Al Kaniyat Clan Militia (Libya),,Identity militia,Political militia-Identity militia,,434,Northern Africa,Libya,West,Tripoli,,Tripoli - Tripoli,32.8925,13.18,2,Akhbar Libya; Al Wasat (Libya); Libya News Agency; Libya Observer,National,"Around 23 November 2024 (as reported), the 444th Brigade arrested a member of (assumed former) Al-Kanni Brigade wanted by the International Criminal Court (ICC) for war crimes committed in Tarhuna and handed him over to the Prosecutor's Office in Tripoli - Tripoli (Tripoli, West). It is unknown where the arrest took place.",0,,1759181266
LBY11868,2024-04-15,2024,1,Strategic developments,Strategic developments,Change to group/activity,Tripoli Revolutionaries Brigade (Libya),Stability Support Apparatus,Political militia,,,,Political militia only,,434,Northern Africa,Libya,West,Tripoli,,Tripoli - Abu Salim,32.85,13.1667,1,Akhbar Libya,National,"Movement of forces: On 15 April 2024, an armed convoy led by a former leader of the Tripoli Revolutionaries Brigade moved to Tripoli - Abu Salim (Tripoli, West) to join the forces of the Stability Support Apparatus led by Ghniwa Al-Kikli.",0,,1759192014
LBY11875,2024-03-30,2024,1,Political violence,Violence against civilians,Abduction/forced disappearance,Unidentified Armed Group (Libya),,Political militia,Civilians (Libya),Police Forces of Libya (2021-) Government of National Unity (GNU),Civilians,Political militia-Civilians,Civilian targeting,434,Northern Africa,Libya,West,Tripoli,,Tripoli - Tripoli,32.8925,13.18,1,Al Marsad,National,"On 30 March 2024, an unidentified armed group abducted the former head of a police station (off duty) in Tripoli - Tripoli (Tripoli, West). The reason is unknown.",0,,1759192014
LBY11945,2024-02-04,2024,1,Demonstrations,Protests,Peaceful protest,Protesters (Libya),Labor Group (Libya),Protesters,,,,Protesters only,,434,Northern Africa,Libya,West,Tripoli,,Tripoli - Gergarish,32.8697,13.1078,1,Address Libya,Subnational,"On 4 February 2024, workers of the National General Maritime Transport Company held a protest in Tripoli - Gergarish (Tripoli, West) to demand the release of the company's director, who was kidnapped on 31 January in the capital (coded separately).",0,crowd size=no report,1742858670
LBY11946,2025-01-06,2025,1,Demonstrations,Protests,Peaceful protest,Protesters (Libya),,Protesters,,,,Protesters only,,434,Northern Africa,Libya,West,Tripoli,,Tripoli - Hayy al Andalus,32.8667,13.1167,1,Address Libya; Akhbar Libya; Al Marsad; Al Wasat (Libya); Libya24; New Arab,Subnational-National,"On 6 January 2025, overnight residents held a protest against the GNU and PM Abdulhamid Dbeiba in Tripoli - Hayy al Andalus (Tripoli, West). The protest followed an interview of former Foreign Minister Najla al-Mangoush on Al Jazeera in which she spoke about her meeting with her Israeli counterpart Eli Cohen in August 2023, which in turn reignited speculation that the GNU intends to normalize relations with Israel. Part of the protesters gathered in front of Dbeiba's residence in al Andalus neighborhood. Similar protests took place in other cities of western Libya on the same night (all coded separately).",0,crowd size=no report,1764637279
LBY11948,2024-01-10,2024,1,Demonstrations,Protests,Peaceful protest,Protesters (Libya),Labor Group (Libya),Protesters,,,,Protesters only,,434,Northern Africa,Libya,West,Tripoli,,Tripoli - Tripoli,32.8925,13.18,1,Libya News Agency,National,"On 10 January 2024, workers of the General Company for Paper and Printing held a protest in Tripoli - Tripoli (Tripoli, West) to demand that the company become part of the Ministry of Culture so that they can improve their working conditions and receive their salaries.",0,crowd size=no report,1742858670
LBY11949,2024-02-15,2024,1,Demonstrations,Protests,Peaceful protest,Protesters (Libya),Labor Group (Libya),Protesters,,,,Protesters only,,434,Northern Africa,Libya,West,Tripoli,,Tripoli - Tripoli,32.8925,13.18,1,Al Marsad; Al Wasat (Libya); Libya24,National,"On 15 February 2024, workers of the GNU Ministry of Tourism held a protest in Tripoli - Tripoli (Tripoli, West) to express their refusal to hand over the headquarters of their ministry to the State Advisory Council. They held a similar protest on 19 February (coded separately).",0,crowd size=no report,1742858670
LBY11950,2024-02-16,2024,1,Demonstrations,Protests,Peaceful protest,Protesters (Libya),,Protesters,,,,Protesters only,,434,Northern Africa,Libya,West,Tripoli,,Tripoli - Tripoli,32.8925,13.18,1,Libya24,National,"On 16 February 2024, residents of Souq Al Jumaa held a protest in the Algeria square of Tripoli - Tripoli (Tripoli, West) to call for the cancellation of the following day's celebrations to commemorate the revolution that overthrew former President Muammar Gaddafi in solidarity with the victims of Gaza, the floods in Derna and Zliten.",0,crowd size=no report,1742858670
LBY11951,2024-02-19,2024,1,Demonstrations,Protests,Peaceful protest,Protesters (Libya),Labor Group (Libya),Protesters,,,,Protesters only,,434,Northern Africa,Libya,West,Tripoli,,Tripoli - Tripoli,32.8925,13.18,1,Al Marsad,National,"On 19 February 2024, workers of the GNU Ministry of Tourism held a protest in Tripoli - Tripoli (Tripoli, West) to express their refusal to hand over the headquarters of their ministry to the State Advisory Council.",0,crowd size=no report,1742858670
LBY11952,2024-12-22,2024,1,Demonstrations,Protests,Peaceful protest,Protesters (Libya),Labor Group (Libya),Protesters,,,,Protesters only,,434,Northern Africa,Libya,West,Tripoli,,Tripoli - Tripoli,32.8925,13.18,1,GardaWorld; Libya Observer,Other-National,"On 22 December 2024, dozens of workers of the Arab Union Contracting Company held a protest in front of the corporate headquarters in Tripoli - Tripoli (Tripoli, West) over the deterioration of the company's situation and working conditions following a dispute among the board of directors. No further information available on the demand.",0,crowd size=dozens,1742858670
LBY11953,2025-01-06,2025,1,Strategic developments,Strategic developments,Change to group/activity,Stability Support Apparatus,101 Battalion (Tajoura) (Libya); Mahjoub Brigade (Libya); Radaa: Special Deterrence Forces,Political militia,,,,Political militia only,,434,Northern Africa,Libya,West,Tripoli,,Tripoli - Tripoli,32.8925,13.18,1,Address Libya; Akhbar Libya; Al Marsad; Libya24,Subnational-National,"Movement of forces: On 6 January 2025, overnight armed groups affiliated with the GNU, including the Stability Support Apparatus, the Special Deterrence Forces (Rada) and the Mahjoub Brigade, deployed to various areas of Tripoli - Tripoli (Tripoli, West). The mobilization aimed to protect government facilities and PM Abdulhamid Dbeiba's residence in the face of protests against the GNU over unconfirmed rumors about its plans to normalize relations with Israel (coded separately). The Mahjoub Brigade claimed to have sent 60 military vehicles to Tripoli from Misrata. The 101st Battalion (Tajoura Brigades) cut the coastal road to prevent any forces from outside Tripoli from entering the city.",0,,1759192014
LBY11955,2025-01-06,2025,1,Demonstrations,Protests,Peaceful protest,Protesters (Libya),Labor Group (Libya),Protesters,,,,Protesters only,,434,Northern Africa,Libya,West,Tripoli,,Tripoli - Ben Ashour,32.8788,13.2084,1,Libya24,National,"On 6 January 2025, university teaching assistants held a protest in front of the GNU PM headquarters in Tripoli - Ben Ashour (Tripoli, West) to demand the implementation of secondment procedures for their jobs.",0,crowd size=no report,1742858670
LBY11962,2025-01-17,2025,1,Political violence,Battles,Armed clash,Public Security Service,,Political militia,Public Security Service,,Political militia,Political militia-Political militia,,434,Northern Africa,Libya,West,Tripoli,,Tripoli - Tripoli,32.8925,13.18,1,Address Libya; Al Marsad,Subnational-National,"On 17 January 2025, a member of the General Security Service killed another officer of the same corps in Tripoli - Tripoli (Tripoli, West). The reason is unknown. No further information is available.",1,,1759192014
LBY11976,2025-01-23,2025,1,Strategic developments,Strategic developments,Change to group/activity,Mohamed Bahroun Militia (Libya),,Identity militia,,,,Identity militia only,,434,Northern Africa,Libya,West,Tripoli,,Tripoli - Al Seyaheyya,32.8525,13.0735,2,Address Libya,Subnational,"Movement of forces: On 23 January 2025, Al Isnad militia moved forces from Zawiya to the area of Tripoli - Al Seyaheyya (Tripoli, West), from where it was expelled on 22 January by forces affiliated with the GNU Ministry of Interior following an armed clash (all coded separately).",0,,1759192014
LBY11981,2025-01-22,2025,1,Political violence,Battles,Armed clash,Public Security Service,,Political militia,Mohamed Bahroun Militia (Libya),,Identity militia,Political militia-Identity militia,,434,Northern Africa,Libya,West,Tripoli,,Tripoli - Al Seyaheyya,32.8525,13.0735,1,Address Libya; Akhbar Libya; Al Marsad; Al Wasat (Libya); Ean Libya Limited; Libya Herald; Libya Security Monitor; Libya24,New media-Subnational,"On 22 January 2025, Al Isnad militia and the General Security Service clashed with heavy infantry weapons at the Riqata tourist resort in Tripoli - Al Seyaheyya (Tripoli, West). 3 fighters was killed and another 7 injured, but there were no civilian casualties. The fighting broke out when Al Isnad returned to Riqata after being evacuated from it. The GNU Ministry of Interior then ordered the deployment of forces to the area to expel armed groups and take its control (coded separately).",3,,1759192014
LBY11982,2025-01-23,2025,1,Strategic developments,Strategic developments,Change to group/activity,Public Security Service,,Political militia,,,,Political militia only,,434,Northern Africa,Libya,West,Tripoli,,Tripoli - Adribe,32.8538,13.1331,1,Address Libya; Al Marsad,Subnational-National,"Movement of forces: On 23 January 2025, the General Security Service deployed to Tripoli - Adribe (Tripoli, West) after Al Isnad militia moved forces into a nearby neighborhood from which it was expelled on 22 January by forces affiliated with the GNU Ministry of Interior following an armed clash (all coded separately).",0,,1759192014
LBY11983,2025-01-22,2025,1,Strategic developments,Strategic developments,Change to group/activity,Stability Support Apparatus,,Political militia,,,,Political militia only,,434,Northern Africa,Libya,West,Tripoli,,Tripoli - Al Seyaheyya,32.8525,13.0735,1,Address Libya; Al Marsad; Al Wasat (Libya); Ean Libya Limited; Libya Herald,Subnational-National,"Movement of forces: On 22 January 2025, the Stability Support Apparatus deployed at the Riqata tourist resort in Tripoli - Al Seyaheyya (Tripoli, West) on orders from the GNU Ministry of Interior to expel armed groups at the site and take control of it following an armed clash (coded separately).",0,,1759192014
LBY11990,2025-01-27,2025,1,Strategic developments,Strategic developments,Change to group/activity,El-Marsa Brigade (Libya),,Political militia,,,,Political militia only,,434,Northern Africa,Libya,West,Tripoli,,Tripoli - Tripoli,32.8925,13.18,1,Address Libya; Akhbar Libya; Al Marsad; Al Wasat (Libya); Libya24,Subnational-National,"Movement of forces: On 27 January 2025, El-Marsa Brigade deployed forces and military vehicles from Misrata to Tripoli - Tripoli (Tripoli, West) under the pretext of reinforcing security and stability.",0,,1759192014
LBY11999,2025-01-23,2025,1,Political violence,Battles,Armed clash,Public Security Service,,Political militia,Mohamed Bahroun Militia (Libya),,Identity militia,Political militia-Identity militia,,434,Northern Africa,Libya,West,Tripoli,,Tripoli - Al Seyaheyya,32.8525,13.0735,1,Libya Security Monitor,New media,"On 23 January 2025, Al Isnad militia and the General Security Service clashed near the Riqata tourist resort in Tripoli - Al Seyaheyya (Tripoli, West). No fatalities. The day before both groups had clashed in Riqata and 3 fighters were killed (coded separately).",0,,1759192014
LBY12000,2025-01-23,2025,1,Strategic developments,Strategic developments,Agreement,Public Security Service,,Political militia,Mohamed Bahroun Militia (Libya),,Identity militia,Political militia-Identity militia,,434,Northern Africa,Libya,West,Tripoli,,Tripoli - Hayy al Andalus,32.8667,13.1167,1,Libya Security Monitor,New media,"On 23 January 2025, Al Isnad militia and the General Security Service reached a ceasefire agreement after two days of fighting (coded separately) following a meeting at the home of Ibrahim Dabaiba, the nephew and advisor to GNU Prime Minister Abdul Hamid Dbeiba, in Tripoli - Hayy al Andalus (Tripoli, West). After the deal, Al Isnad returned with its forces to Zawiya and the General Security Service moved back to its bases in west Tripoli.",0,,1759192014
LBY12004,2025-01-30,2025,1,Political violence,Violence against civilians,Abduction/forced disappearance,Unidentified Armed Group (Libya),,Political militia,Civilians (Libya),Labor Group (Libya),Civilians,Political militia-Civilians,Civilian targeting,434,Northern Africa,Libya,West,Tripoli,,Tripoli - Al Dahra,32.8917,13.194,1,Akhbar Libya; Al Marsad,National,"On 30 January 2025, an unidentified armed group abducted a worker of the Libyan Foreign Investment Company (LAFICO) from his workplace in Tripoli - Al Dahra (Tripoli, West). The abduction is suspected to be related to demands by the company's workers to receive outstanding payments.",0,,1762291775
LBY12011,2025-02-02,2025,1,Demonstrations,Protests,Peaceful protest,Protesters (Libya),Labor Group (Libya),Protesters,,,,Protesters only,,434,Northern Africa,Libya,West,Tripoli,,Tripoli - Tripoli,32.8925,13.18,1,Akhbar Libya; Libya24,National,"On 2 February 2025, graduates of oil colleges and institutes protested in front of the headquarters of the National Oil Corporation (NOC) in Tripoli - Tripoli (Tripoli, West) to demand more job opportunities and access to employment in the sector based on skills and not on personal connections.",0,crowd size=no report,1742858670
LBY12014,2025-02-09,2025,1,Strategic developments,Strategic developments,Change to group/activity,Military Forces of Libya (2021-) Government of National Unity (GNU),,State forces,,,,State forces only,,434,Northern Africa,Libya,West,Tripoli,,Tripoli - Tripoli,32.8925,13.18,1,Akhbar Libya; Libya24,National,"Movement of forces: On 9 February 2025, the 112th Battalion of the Libyan army deployed forces from Misrata to Tripoli - Tripoli (Tripoli, West). The move came amid tension in Zlintan over clashes between the CID-Special Deterrence Forces (Rada) and the Misrata Joint Force (coded separately).",0,,1759192014
LBY12021,2025-02-12,2025,1,Demonstrations,Protests,Peaceful protest,Protesters (Libya),,Protesters,,,,Protesters only,,434,Northern Africa,Libya,West,Tripoli,,Tripoli - Ben Ashour,32.8788,13.2084,1,Akhbar Libya,National,"On 12 February 2025, residents of Ain Zara affected by the 2019 Tripoli war protested in front of the GNU Prime Minister's office in Tripoli - Ben Ashour (Tripoli, West). Their specific demands are unknown.",0,crowd size=no report,1742858670
LBY12024,2025-02-12,2025,1,Political violence,Violence against civilians,Attack,Unidentified Armed Group (Libya),,Political militia,Civilians (Libya),Government of Libya (2021-) Government of National Unity (GNU),Civilians,Political militia-Civilians,Civilian targeting,434,Northern Africa,Libya,West,Tripoli,,Tripoli - Tripoli,32.8925,13.18,1,Address Libya; Akhbar Libya; Al Marsad; Al Wasat (Libya); Libya Observer; New Arab,Subnational-National,"On 12 February 2025, an unidentified armed group shot at the GNU Minister of State for Cabinet Affairs while he was in a vehicle in Tripoli - Tripoli (Tripoli, West). He was shot in the right foot and had to undergo surgery. No further information is available.",0,,1764637279
LBY12030,2025-02-21,2025,1,Demonstrations,Protests,Protest with intervention,Protesters (Libya),Berber Ethnic Group (Libya),Protesters,Police Forces of Libya (2021-) Government of National Unity (GNU),,State forces,State forces-Protesters,,434,Northern Africa,Libya,West,Tripoli,,Tripoli - Hayy al Andalus,32.8667,13.1167,1,Al Marsad; Libya Security Monitor,New media-National,"On 21 February 2025, about 80-100 Berber residents protested in Tripoli - Hayy al Andalus (Tripoli, West) after the publication of a video on 17 February in which several people, including some in police uniforms, stepped on an Amazigh flag in Tripoli. Police officers intervened at the protest site (means unknown).",0,crowd size=about 80-100,1759192014
LBY12034,2025-02-15,2025,1,Demonstrations,Protests,Peaceful protest,Protesters (Libya),Labor Group (Libya),Protesters,,,,Protesters only,,434,Northern Africa,Libya,West,Tripoli,,Tripoli - Tripoli,32.8925,13.18,1,Akhbar Libya; Al Wasat (Libya); Libya24,National,"On 15 February 2025, workers of the Libyan Foreign Investment Company (Lafico) protested in Tripoli - Tripoli (Tripoli, West) over alleged corruption and arbitrary actions. The protest took place after the prosecution launched an investigation into 2 companies owned by Lafico for alleged financial corruption.",0,crowd size=no report,1742858670
LBY12039,2025-02-23,2025,1,Demonstrations,Protests,Peaceful protest,Protesters (Libya),Labor Group (Libya),Protesters,,,,Protesters only,,434,Northern Africa,Libya,West,Tripoli,,Tripoli - Al Dahra,32.8917,13.194,1,Libya News Agency,National,"On 23 February 2025, workers from financially troubled or dissolved state-owned enterprises protested in Tripoli - Al Dahra (Tripoli, West) to demand the payment of overdue salaries and the settlement of their labor situation.",0,crowd size=no report,1742858670
LBY12044,2025-02-26,2025,1,Demonstrations,Protests,Peaceful protest,Protesters (Libya),Berber Ethnic Group (Libya),Protesters,,,,Protesters only,,434,Northern Africa,Libya,West,Tripoli,,Tripoli - Tripoli,32.8925,13.18,1,Address Libya; Akhbar Libya; Al Marsad; Libya Observer,Subnational-National,"On 26 February 2025, Berber citizens protested in the Martyrs' Square of Tripoli - Tripoli (Tripoli, West) against the desecration of an Amazigh flag in the city on 17 February.",0,crowd size=no report,1742858670
LBY12056,2025-03-14,2025,1,Demonstrations,Protests,Peaceful protest,Protesters (Libya),,Protesters,,,,Protesters only,,434,Northern Africa,Libya,West,Tripoli,,Tripoli - Tripoli,32.8925,13.18,1,Al Wasat (Libya); Libya24,National,"On 14 March 2025, dozens of citizens protested in the Algeria square in Tripoli - Tripoli (Tripoli, West) against the resettlement of migrants in Libya. The protest took place following rumors about an unconfirmed agreement by the GNU to accept the resettlement of irregular migrants in the country, which also led to an increase in anti-immigration rhetoric.",0,crowd size=dozens,1742858670
LBY12065,2025-03-12,2025,1,Political violence,Riots,Mob violence,Rioters (Libya),Vigilante Group (Libya),Rioters,Civilians (Sudan),Civilians (International); Migrants (International); Migrants (Sudan),Civilians,Rioters-Civilians,Civilian targeting,434,Northern Africa,Libya,West,An Nuqat al Khams,,Sabratha,32.7934,12.4885,1,Libya Security Monitor; Libya24; Twitter,New media-National,"On 12 March 2025, a group of armed citizens stormed a migrant workers' residence in Sabratha (An Nuqat al Khams, West), shot dead 1 Sudanese, and beat up other migrants. The police arrested two Libyans for the murder and confiscated an assault rifle used in the attack. One of those arrested was the brother of a young Libyan who was beaten up by a group of Sudanese migrants on the same day (coded separately). The event took place amid an increase in anti-immigration discourses and attacks targeting sub-Saharan migrants in western Libya.",1,crowd size=no report,1754958639
LBY12068,2025-03-13,2025,1,Political violence,Violence against civilians,Abduction/forced disappearance,Mohamed Bahroun Militia (Libya),,Identity militia,Civilians (Libya),,Civilians,Identity militia-Civilians,Civilian targeting,434,Northern Africa,Libya,West,Az Zawiyah,,Az Zawiyah,32.7571,12.7276,1,Libya Security Monitor,New media,"On 13 March 2025, Al Isnad militia abducted a young civilian in Az Zawiyah (Az Zawiyah, West). No further information.",0,,1759192014
LBY12069,2025-03-13,2025,1,Political violence,Violence against civilians,Abduction/forced disappearance,Police Forces of Libya (2022-) Government of National Stability (GNS) - Internal Security Agency,,State forces,Civilians (Libya),Lawyers (Libya),Civilians,State forces-Civilians,Civilian targeting,434,Northern Africa,Libya,East,Benghazi,,Benghazi,32.1177,20.1293,1,Libya Observer,National,"On 13 March 2025, the internal security agency arrested a lawyer without legal procedure in Benghazi (Benghazi, East) and transferred him to an unofficial detention center. The arrest took place after the lawyer filed a complaint against the head of the municipal guard for intimidation and for restricting other lawyers' access to his office, which is located in a building that local authorities plan to demolish.",0,,1759181266
LBY12070,2025-03-21,2025,1,Strategic developments,Strategic developments,Arrests,Police Forces of Libya (2021-) Government of National Unity (GNU),,State forces,Civilians (Libya),,Civilians,State forces-Civilians,,434,Northern Africa,Libya,West,Tripoli,,Tripoli - Hayy al Andalus,32.8667,13.1167,1,Address Libya; Akhbar Libya; Al Marsad; Libya Observer,Subnational-National,"On 21 March 2025, police forces arrested the mayor of Al Andalus neighborhood in front of the municipality headquarters in Tripoli - Hayy al Andalus (Tripoli, West). The prosecution stated on the following day that he was charged with undermining national security because he had obtained and published documents extracted from the Jamahiriya Security Agency and the External Security Agency in 2011.",0,,1759192014
LBY12071,2025-03-21,2025,2,Strategic developments,Strategic developments,Arrests,Police Forces of Libya (2021-) Government of National Unity (GNU),,State forces,Civilians (Libya),Former Al Kaniyat Clan Militia (Libya),Civilians,State forces-Civilians,,434,Northern Africa,Libya,West,Al Marqab,,Tarhuna,32.435,13.6332,3,Akhbar Libya; Al Wasat (Libya); Libya Observer,National,"Around 21 March 2025 (as reported), internal security forces (coded as police forces) arrested a former member of Al-Kanni Brigade accused of committing war crimes in Tarhuna. Location of the arrest unknown, event coded to Tarhuna (Al Marqab, West).",0,,1759192014
LBY12072,2025-03-16,2025,1,Strategic developments,Strategic developments,Change to group/activity,Zawiya Communal Militia (Libya),,Identity militia,,,,Identity militia only,,434,Northern Africa,Libya,West,Az Zawiyah,,Az Zawiyah,32.7571,12.7276,1,Libya Security Monitor,New media,"Movement of forces: On 16 March 2025, several local armed groups mobilized forces in Az Zawiyah (Az Zawiyah, West) following a clash between 2 communal militias on the morning of the same day (coded separately).",0,,1742858670
LBY12073,2025-03-19,2025,1,Demonstrations,Protests,Peaceful protest,Protesters (Libya),,Protesters,,,,Protesters only,,434,Northern Africa,Libya,West,Az Zawiyah,,Az Zawiyah,32.7571,12.7276,1,Akhbar Libya,National,"On 19 March 2025, residents blocked the coastal road (means unspecified) in Az Zawiyah (Az Zawiyah, West) to protest the continued detention in Tunisia of 4 Libyan intelligence officers accused of being involved in the assassination attempt of an advisor to the GNU Prime Minister on 14 June 2024 (coded separately).",0,crowd size=no report,1742858670
LBY12074,2025-03-13,2025,1,Political violence,Riots,Mob violence,Rioters (Libya),,Rioters,Rioters (International),Migrants (International),Rioters,Rioters-Rioters,,434,Northern Africa,Libya,West,An Nuqat al Khams,,Sabratha,32.7934,12.4885,1,Libya Security Monitor,New media,"On 13 March 2025, a group of young Libyans clashed with another group of black African migrants in Sabratha (An Nuqat al Khams, West) after the Libyans assaulted one of the migrants. Several of those involved in the brawl were injured and a number of cars were damaged. The clash took place amid an increase in anti-immigration discourses and attacks targeting sub-Saharan migrants in western Libya.",0,crowd size=no report,1754958639
LBY12076,2025-03-12,2025,1,Political violence,Riots,Mob violence,Rioters (Sudan),Migrants (Sudan),Rioters,Civilians (Libya),,Civilians,Rioters-Civilians,Civilian targeting,434,Northern Africa,Libya,West,An Nuqat al Khams,,Sabratha,32.7934,12.4885,1,Libya Security Monitor,New media,"On 12 March 2025, a group of Sudanese migrants beat up and severely injured a young Libyan in Sabratha (An Nuqat al Khams, West). The assault took place amid an increase in anti-immigration discourses and attacks targeting sub-Saharan migrants in western Libya. Relatives and people known to the victim then raided a migrant workers' residence in the city on the same day and killed 1 Sudanese (coded separately).",0,crowd size=no report,1754958639
LBY12078,2025-03-16,2025,1,Political violence,Battles,Armed clash,Zawiya Communal Militia (Libya),,Identity militia,Zawiya Communal Militia (Libya),,Identity militia,Identity militia-Identity militia,,434,Northern Africa,Libya,West,Az Zawiyah,,Az Zawiyah,32.7571,12.7276,1,Libya Security Monitor,New media,"On 16 March 2025, 2 local armed groups clashed at the eastern entrance of Az Zawiyah (Az Zawiyah, West). No further information was available. Casualties unknown.",0,,1742858670
LBY12075,2025-03-21,2025,1,Political violence,Violence against civilians,Attack,Al Silaa Brigade (Libya),,Political militia,Civilians (Libya),Ajaylat Communal Militia (Libya),Civilians,Political militia-Civilians,Civilian targeting,434,Northern Africa,Libya,West,An Nuqat al Khams,,Ajaylat,32.7577,12.3772,1,Address Libya; Al Marsad; Libya Security Monitor; Libya24,New media-Subnational,"On 21 March 2025, armed men suspected of belonging to Al Sila Brigade shot dead a militia leader (likely unarmed) near the al-Raya al-Bayda clinic, in the city center, in Ajaylat (An Nuqat al Khams, West). A companion of the victim was also seriously wounded before the attackers fled.",1,,1759192014
LBY12057,2025-03-10,2025,1,Political violence,Violence against civilians,Attack,Judicial Police,,Political militia,Civilians (Libya),Judges (Libya),Civilians,Political militia-Civilians,Civilian targeting,434,Northern Africa,Libya,West,Tripoli,,Tripoli - Souq Al Jumaa,32.88,13.2323,1,Akhbar Libya; Al Marsad; Al Wasat (Libya); Libya News Agency; Libya24; New Arab,National-Regional,"On 10 March 2025, judicial police officers physically assaulted and arrested a judge in Tripoli - Souq Al Jumaa (Tripoli, West). The arrest was made following orders from the public prosecution and concerned private lawsuits. The severity of the injuries resulting from the assault is unknown. He was released on 11 March after judicial associations condemned the incident.",0,,1764637279
LBY11630,2024-07-17,2024,1,Strategic developments,Strategic developments,Non-violent transfer of territory,Mohamed Bahroun Militia (Libya),,Identity militia,Stability Support Apparatus,,Political militia,Political militia-Identity militia,,434,Northern Africa,Libya,West,Az Zawiyah,,Abu Sera,32.7197,12.8001,1,Akhbar Libya,National,"On 17 July 2024, the Al Isnad militia took control of the headquarters of the Stability Support Apparatus in Abu Sera (Az Zawiyah, West) without fighting, and expelled the group's forces.",0,,1759192014
LBY12079,2024-10-28,2024,1,Political violence,Violence against civilians,Abduction/forced disappearance,55th Brigade (Libya),,Political militia,Civilians (Libya),,Civilians,Political militia-Civilians,Civilian targeting,434,Northern Africa,Libya,West,Al Jafarah,,Al Mamoura,32.7191,12.8568,1,Libya24; National Institution for Human Rights in Libya,Other-National,"On 28 October 2024, the 55th Brigade arrested without legal procedure and then disappeared a civilian in Al Mamoura (Al Jafarah, West). No further information available.",0,,1759192014
LBY12081,2025-03-19,2025,1,Political violence,Battles,Armed clash,444th Brigade (Libya),,Political militia,555th Brigade (Libya),Stability Support Apparatus,Political militia,Political militia-Political militia,,434,Northern Africa,Libya,West,Al Jabal Al Gharbi,,Gharyan,32.1722,13.0203,1,Libya Security Monitor,New media,"On 19 March 2025, the 444th Brigade, on one side, and the 555th Brigade and the Stability Support Apparatus, on the other, clashed in Gharyan (Al Jabal Al Gharbi, West). They used heavy artillery. The clash erupted after the 555th Brigade arrested 8 members of the 444th Brigade and following a mobilization of forces from all sides in the city (coded separately). There were no fatalities.",0,,1759192014
LBY12082,2025-03-20,2025,1,Political violence,Battles,Armed clash,444th Brigade (Libya),,Political militia,555th Brigade (Libya),Stability Support Apparatus,Political militia,Political militia-Political militia,,434,Northern Africa,Libya,West,Al Jabal Al Gharbi,,Gharyan,32.1722,13.0203,1,Libya Security Monitor,New media,"On 20 March 2025, the 444th Brigade, on one side, and the 555th Brigade and the Stability Support Apparatus, on the other, clashed for the second day in a row in Gharyan (Al Jabal Al Gharbi, West). There were no fatalities. The clashes initially broke out after the 555th Brigade arrested 8 members of the 444th Brigade and following a mobilization of forces from all sides in the city (coded separately).",0,,1759192014
LBY12083,2025-03-22,2025,1,Political violence,Battles,Armed clash,444th Brigade (Libya),,Political militia,555th Brigade (Libya),,Political militia,Political militia-Political militia,,434,Northern Africa,Libya,West,Al Jabal Al Gharbi,,Gharyan,32.1722,13.0203,1,Address Libya; Akhbar Libya; Al Marsad,Subnational-National,"On 22 March 2025, the 555th Brigade and the 444th Brigade clashed in the Ghout al-Rih area of southeastern Gharyan (Al Jabal Al Gharbi, West). The fighting took place after the two forces clashed in the city on 19 and 20 March (coded separately). Casualties unknown.",0,,1759192014
LBY12084,2025-03-23,2025,1,Political violence,Battles,Armed clash,444th Brigade (Libya),,Political militia,555th Brigade (Libya),,Political militia,Political militia-Political militia,,434,Northern Africa,Libya,West,Al Jabal Al Gharbi,,Gharyan,32.1722,13.0203,1,Akhbar Libya,National,"On 23 March 2025, the 555th Brigade and the 444th Brigade clashed in al-Hira gate area of Gharyan (Al Jabal Al Gharbi, West). The 555th Brigade captured 3 members of the 444th Brigade present at the gate. The fighting took place after both forces clashed in the city on the day before and also on 19 and 20 March (coded separately). Casualties unknown.",0,,1759192014
LBY12086,2025-03-18,2025,1,Political violence,Violence against civilians,Attack,Mohamed Bahroun Militia (Libya),,Identity militia,Civilians (Libya),Al-Nasr Brigade (Libya); Awlad Abu Hmeira Clan Militia (Libya),Civilians,Identity militia-Civilians,Civilian targeting,434,Northern Africa,Libya,West,Az Zawiyah,,Az Zawiyah,32.7571,12.7276,1,Libya Security Monitor,New media,"On 18 March 2025, members of Al Isnad militia shot the leader of the Nasr Battalion (likely unarmed), who is also a prominent member of the Awlad Abu Hmeira clan, in Az Zawiyah (Az Zawiyah, West). The assassination attempt took place over disputes for control of the city's refinery, which is currently under control of the Nasr Battalion. He was injured and had to be hospitalized, but survived.",0,,1759192014
LBY12088,2025-03-27,2025,1,Political violence,Violence against civilians,Attack,Sabratha Communal Militia (Libya),,Identity militia,Civilians (Libya),,Civilians,Identity militia-Civilians,Civilian targeting,434,Northern Africa,Libya,West,An Nuqat al Khams,,Sabratha,32.7934,12.4885,1,Address Libya; Al Marsad,Subnational-National,"On 27 March 2025, an armed group (likely a Sabratha communal militia, based on location and type of action) shot dead a civilian in Sabratha (An Nuqat al Khams, West). No further information available.",1,,1754958639
LBY12089,2025-03-25,2025,2,Political violence,Violence against civilians,Attack,Unidentified Armed Group (Libya),,Political militia,Civilians (Libya),Muslim Group (Libya); Students (Libya),Civilians,Political militia-Civilians,Civilian targeting,434,Northern Africa,Libya,West,Misratah,,Zlitan,32.4674,14.5687,1,Akhbar Libya,National,"Around 25 March 2025 (as reported), an unidentified armed group stormed the compound and expelled students of the Minaret of the Seven, a space dedicated to the memorization of the Quran, in Zlitan (Misratah, West) to issue a statement against the presence on the site of the Holy Quran Complex, a government institution dedicated to disseminating the Quran. Several residents confronted the armed group (means unspecified) and stood by the committee overseeing the compound. The armed group tried to pre-empt the reopening of the Quranic Complex by taking control of it.",0,,1762291775
LBY12090,2025-03-23,2025,1,Political violence,Violence against civilians,Attack,Zawiya Communal Militia (Libya),,Identity militia,Civilians (Libya),,Civilians,Identity militia-Civilians,Civilian targeting,434,Northern Africa,Libya,West,Az Zawiyah,,Al Harsha,32.7667,12.6666,1,Address Libya; Al Marsad,Subnational-National,"On 23 March 2025, an armed group (likely a Zawiya communal militia, based on location and type of action) shot dead a civilian in Al Harsha (Az Zawiyah, West). No further information available.",1,,1743467555
LBY12091,2025-03-18,2025,1,Strategic developments,Strategic developments,Change to group/activity,444th Brigade (Libya),,Political militia,,,,Political militia only,,434,Northern Africa,Libya,West,Al Jabal Al Gharbi,,Gharyan,32.1722,13.0203,1,Libya Security Monitor,New media,"Movement of forces: On 18 March 2025, the 444th Brigade deployed heavily armed troops to the center of Gharyan (Al Jabal Al Gharbi, West) following the arrest of 8 of its members in the city by the 555th Brigade. The 555th Brigade and the Stability Support Apparatus, to which the former is functionally affiliated, also mobilized troops.",0,,1759192014
LBY12092,2025-03-20,2025,1,Demonstrations,Protests,Peaceful protest,Protesters (Libya),,Protesters,,,,Protesters only,,434,Northern Africa,Libya,East,Al Jabal Al Akhdar,,Al Baydah,32.7627,21.7551,1,Akhbar Libya,National,"On 20 March 2025, dozens of residents blocked (means unspecified) one of the main streets of Al Baydah (Al Jabal Al Akhdar, East) in protest against the failure of the eastern Libyan authorities to deliver on promises of compensation for property damage. The protesters criticized that the reconstruction projects of the eastern-based government focus on Benghazi, Derna and Sirte while ignoring the rest of the region.",0,crowd size=dozens,1743467555
LBY12093,2025-03-25,2025,2,Demonstrations,Protests,Peaceful protest,Protesters (Libya),,Protesters,,,,Protesters only,,434,Northern Africa,Libya,West,Nalut,,Wazin,31.9405,10.6618,1,Akhbar Libya; Libya24,National,"Around 25 March 2025 (as reported), residents, mainly from Nalut, closed the border crossing between Libya and Tunisia (means unspecified) in Wazin (Nalut, West) in protest over the arrest of a Libyan citizen by Tunisian authorities for crossing the border carrying dozens of packets of couscous.",0,crowd size=no report,1743467555
LBY12094,2025-03-25,2025,2,Demonstrations,Riots,Violent demonstration,Rioters (Libya),,Rioters,,,,Rioters only,,434,Northern Africa,Libya,West,Misratah,,Tawurgha,32.0146,15.1125,1,Akhbar Libya; Libya24,National,"Around 25 March 2025 (as reported), residents blocked the coastal road with burning tires in Tawurgha (Misratah, West) as part of a demonstration over the poor condition of the roads, which have recently resulted in 5 deaths in accidents. They called on the authorities to maintain the roads and install speed bumps.",0,crowd size=no report,1743467555
LBY12095,2025-03-28,2025,1,Demonstrations,Riots,Violent demonstration,Rioters (Libya),,Rioters,,,,Rioters only,,434,Northern Africa,Libya,West,Az Zawiyah,,Az Zawiyah,32.7571,12.7276,1,Address Libya; Al Marsad; Libya24,Subnational-National,"On 28 March 2025, residents cut off the coastal road with burning tires in Az Zawiyah (Az Zawiyah, West) as part of a demonstration against the 44-year prison sentence handed down in Tunisia to 4 locals for the attempted assassination of a GNU PM advisor on 14 June 2024 (coded separately).",0,crowd size=no report,1743467555
LBY11925,2025-01-02,2025,2,Political violence,Violence against civilians,Abduction/forced disappearance,Zawiya Communal Militia (Libya),,Identity militia,Civilians (Libya),,Civilians,Identity militia-Civilians,Civilian targeting,434,Northern Africa,Libya,West,Az Zawiyah,,Az Zawiyah,32.7571,12.7276,1,Akhbar Libya,National,"Around 2 January 2025 (as reported), an armed group (likely a Zawiyah communal militia, based on location) abducted 2 people in Az Zawiyah (Az Zawiyah, West). The reason for the abduction is unknown, but it led to armed clashes between local militias (coded separately).",0,,1744070410
LBY12085,2025-03-25,2025,1,Political violence,Battles,Armed clash,Awlad Abu Hmeira Clan Militia (Libya),Awlad Saqr Clan Militia (Libya),Identity militia,Mohamed Bahroun Militia (Libya),,Identity militia,Identity militia-Identity militia,,434,Northern Africa,Libya,West,Az Zawiyah,,Az Zawiyah,32.7571,12.7276,1,Address Libya; Al Marsad; Libya Security Monitor,New media-Subnational,"On 25 March 2025, militias from the Awlad Abu Hmeira and Awlad Saqr clans clashed against Al Isnad militia in al-Daman Street in Az Zawiyah (Az Zawiyah, West). The fighting broke out after Al Isnad members attempted to kill the commander of the western branch of the Criminal Investigation Department earlier in the day (coded separately). Several fighters were wounded and several cars destroyed, but there were no fatalities.",0,,1759192014
LBY11731,2024-09-12,2024,1,Political violence,Battles,Armed clash,52nd Brigade (Libya),Al Silaa Brigade (Libya),Political militia,55th Brigade (Libya),,Political militia,Political militia-Political militia,,434,Northern Africa,Libya,West,Al Jafarah,,Janzur,32.8187,13.0173,2,Address Libya; Akhbar Libya; Al Wasat (Libya); Libya Security Monitor; UNSMIL,Other-New media,"On 12 September 2024, the 52nd Brigade and the 55th Brigade clashed around a military camp located on the coastal road near Janzur (Al Jafarah, West). The clash erupted after forces of the 52nd Brigade, affiliated to the West Coast Military Region, attempted to seize the camp, held by the 55th Brigade, following instructions from the Ministry of Interior. The 103 Battalion intervened on the side of the 52nd Brigade. By the end of the day, the 55th Brigade retained control of the entire camp and the surrounding area, while the West Coast Military Region secured control of the coastal road. There were 3 fatalities.",3,,1759192014
LBY11926,2025-01-02,2025,2,Political violence,Battles,Armed clash,Zawiya Communal Militia (Libya),,Identity militia,Zawiya Communal Militia (Libya),,Identity militia,Identity militia-Identity militia,,434,Northern Africa,Libya,West,Az Zawiyah,,Az Zawiyah,32.7571,12.7276,1,Akhbar Libya,National,"Around 2 January 2025 (as reported), armed groups (likely a Zawiya communal militias, based on location) engaged in an armed clash in Az Zawiyah (Az Zawiyah, West). There were no fatalities. The clash erupted after a militia abducted 2 civilians in the city (coded separately).",0,,1744070410
LBY12087,2025-03-25,2025,1,Political violence,Violence against civilians,Attack,Mohamed Bahroun Militia (Libya),,Identity militia,Civilians (Libya),Police Forces of Libya (2021-) Government of National Unity (GNU) - Criminal Investigations Department,Civilians,Identity militia-Civilians,Civilian targeting,434,Northern Africa,Libya,West,Az Zawiyah,,Az Zawiyah,32.7571,12.7276,1,Akhbar Libya; Libya Security Monitor,New media-National,"On 25 March 2025, gunmen suspected of belonging to Al Isnad militia attacked with heavy fire the car of the commander of the Western branch of the Criminal Investigations Department (likely off-duty, since he was in his personal car) in the Abu Surra district in Az Zawiyah (Az Zawiyah, West). An explosive bag was also placed on the rear of his car, but it is unknown if it exploded. He survived. This occurred after the prosecutor issued an arrest warrant, last September, for Al Isnad Militia's leader, Mohamed Bahroun, accused of killing a smuggler.",0,,1759192014
LBY12077,2025-03-18,2025,1,Political violence,Violence against civilians,Attack,Mohamed Bahroun Militia (Libya),,Identity militia,Civilians (Libya),,Civilians,Identity militia-Civilians,Civilian targeting,434,Northern Africa,Libya,West,Az Zawiyah,,Az Zawiyah,32.7571,12.7276,1,Address Libya; Al Marsad; Libya Security Monitor,New media-Subnational,"On 18 March 2025, Al Isnad militia shot 1 civilian in Az Zawiyah (Az Zawiyah, West). He died of his wounds on 20 March 2025. No further information available.",1,,1759192014
LBY11677,2024-08-07,2024,1,Strategic developments,Strategic developments,Change to group/activity,Military Forces of Libya (2014-) Libyan National Army (LNA),,State forces,,,,State forces only,,434,Northern Africa,Libya,West,Al Jabal Al Gharbi,,Ash Shwayrif,29.9786,14.2601,2,Akhbar Libya; UNSMIL,Other-National,"Movement of forces: On 7 August 2024, large convoys of Libyan National Army armored vehicles moved from Jufra towards Ash Shwayrif (Al Jabal Al Gharbi, West), near the 2020 ceasefire line, and then continued towards areas close the Algerian border.",0,,1759192014
LBY11701,2024-08-19,2024,1,Political violence,Explosions/Remote violence,Grenade,Unidentified Armed Group (Libya),,Political militia,Civilians (International),Labor Group (International),Civilians,Political militia-Civilians,Civilian targeting,434,Northern Africa,Libya,West,Al Jafarah,,Qasr Bin Ghashir,32.6878,13.1739,1,Akhbar Libya; Libya Observer; UNSMIL,Other-National,"On 19 August 2024, an unknown armed group threw a hand grenade and killed a migrant worker and injured a child inside their house in Qasr Bin Ghashir (Al Jafarah, West). The motive is unknown.",1,,1754410220
LBY11935,2024-01-12,2024,1,Demonstrations,Protests,Peaceful protest,Protesters (Libya),MYM: Misrata Youth Movement,Protesters,,,,Protesters only,,434,Northern Africa,Libya,West,Misratah,,Misratah,32.3754,15.0925,1,Address Libya; Libya24; UNSMIL,Other-Subnational,"On 12 January 2024, a group from the Misrata Movement entered the airport of Misratah (Misratah, West) as part of a protest to call for the eviction from the city of the Joint Force, an armed group they accused of smuggling gold.",0,crowd size=no report,1744070410
LBY11834,2024-09-01,2024,1,Demonstrations,Protests,Protest with intervention,Protesters (Libya),,Protesters,Police Forces of Libya (2021-) Government of National Unity (GNU) - Internal Security Agency,,State forces,State forces-Protesters,,434,Northern Africa,Libya,West,Misratah,,Zlitan,32.4674,14.5687,1,Libya Observer; UNSMIL,Other-National,"On 1 September 2024, locals held a rally in Zlitan (Misratah, West) in support of the former regime of Muammar Gaddafi. Forces of the Internal Security Agency arrested 12 protesters, including two minors. They were released on 18 November 2024.",0,crowd size=no report,1759181266
LBY12096,2024-08-16,2024,1,Strategic developments,Strategic developments,Change to group/activity,128th Battalion (Libya),,Political militia,,,,Political militia only,,434,Northern Africa,Libya,East,Al Kufrah,,Kalinga,23.2667,20.0333,1,UNSMIL,Other,"Movement of forces: On 16 August 2024, the 128th Brigade of Haftar's LNA deployed reinforcements to Kalinga (Al Kufrah, East), a mountainous area near the Chadian border where gold mines are located. Their stated objective was to start operations against smuggling and human trafficking.",0,,1764045636
LBY12097,2025-03-30,2025,1,Political violence,Battles,Armed clash,Al Silaa Brigade (Libya),,Political militia,Ajaylat Communal Militia (Libya),,Identity militia,Political militia-Identity militia,,434,Northern Africa,Libya,West,An Nuqat al Khams,,Ajaylat,32.7577,12.3772,1,Akhbar Libya; Al Marsad; Libya Security Monitor,New media-National,"On 30 March 2025, members of Al Sila Brigade from Zawiya clashed with local armed groups in Ajaylat (An Nuqat al Khams, West) after entering the city for unknown reasons. 2 people were killed.",2,,1759192014
LBY12098,2025-04-02,2025,1,Political violence,Violence against civilians,Attack,Gharyan Communal Militia (Libya),,Identity militia,Civilians (Libya),,Civilians,Identity militia-Civilians,Civilian targeting,434,Northern Africa,Libya,West,Al Jabal Al Gharbi,,Gharyan,32.1722,13.0203,1,Address Libya; Al Marsad,Subnational-National,"On 2 April 2025, a local militia killed a civilian in Gharyan (Al Jabal Al Gharbi, West). No further information available.",1,,1744085353
LBY12100,2024-08-06,2024,1,Strategic developments,Strategic developments,Other,Government of Libya (2021-) Government of National Unity (GNU),,State forces,,,,State forces only,,434,Northern Africa,Libya,West,Tripoli,,Tripoli - Tripoli,32.8925,13.18,1,UNSMIL,Other,"Elections/referendum: On 6 August 2024, the High Council of State, one of Libya's two main legislative bodies alongside the eastern-based House of Representatives, held internal elections to pick a new president at its headquarters in Tripoli - Tripoli (Tripoli, West). The result was tight and contested, leading to its practical partition between a sector aligned with Khaled Mishri, who got only one more vote, and the sector that continued to support the previous chairman, Mohamed Takala, who challenged the vote in court.",0,,1759192014
LBY12101,2024-08-28,2024,1,Strategic developments,Strategic developments,Other,Government of Libya (2021-) Government of National Unity (GNU),,State forces,,,,State forces only,,434,Northern Africa,Libya,West,Tripoli,,Tripoli - Tripoli,32.8925,13.18,1,UNSMIL,Other,"Other: On 28 August 2024, the GNU Ministry of Interior requested to suspend a session of the High Council of State convened to complete an internal election to replace, among others, its first and second vice presidents. Event coded to Tripoli - Tripoli (Tripoli, West), seat of the chamber.",0,,1759192014
LBY12102,2024-11-12,2024,1,Strategic developments,Strategic developments,Other,Government of Libya (2021-) Government of National Unity (GNU),,State forces,,,,State forces only,,434,Northern Africa,Libya,West,Tripoli,,Tripoli - Tripoli,32.8925,13.18,1,UNSMIL,Other,"Elections/referendum: On 12 November 2024, one of the two contested presidents of the High Council of State, Mohamed Takala, convened a session to hold a new vote to elect a new president of the chamber at its headquarters in Tripoli - Tripoli (Tripoli, West). The session was attended by 73 of the chamber's 142 members, but was boycotted by supporters of the other contested president, Khaled Mishri, who won by one vote a disputed election held on 6 August (coded separately). The Mishri camp did not recognize the 12 November HCS session.",0,,1759192014
LBY12103,2025-04-03,2025,1,Strategic developments,Strategic developments,Change to group/activity,Joint Operations Force (Libya),,Political militia,,,,Political militia only,,434,Northern Africa,Libya,West,Tripoli,,Tripoli - Tripoli,32.8925,13.18,1,Address Libya; Akhbar Libya; Al Wasat (Libya); New Arab,Subnational-National,"Movement of forces: On 3 April 2025, overnight, military convoys suspected of belonging to the Joint Operations Force, one of the most powerful armed groups in Misrata, moved towards Tripoli - Tripoli (Tripoli, West). The convoys included military vehicles and trucks carrying tanks and heavy weaponry. The Libyan Presidential Council issued a statement reiterating that any military movement must be carried out under its orders and considered any action taken outside this framework a violation.",0,,1764637279
LBY12106,2025-03-23,2025,1,Strategic developments,Strategic developments,Arrests,Police Forces of Libya (2021-) Government of National Unity (GNU) - Internal Security Agency,,State forces,Civilians (Libya),Government of Libya (2021-) Government of National Unity (GNU),Civilians,State forces-Civilians,,434,Northern Africa,Libya,West,Tripoli,,Tripoli - Tripoli,32.8925,13.18,1,Libya Security Monitor,New media,"On 23 March 2025, police forces suspected of belonging to the Internal Security Agency arrested the deputy mayor of the municipality of Central Tripoli in Tripoli - Tripoli (Tripoli, West). Days before, he had announced his candidacy for the upcoming municipal elections.",0,,1759181266
LBY12107,2024-06-05,2024,1,Political violence,Violence against civilians,Sexual violence,Police Forces of Libya (2021-) Government of National Unity (GNU),,State forces,Civilians (International),Civilians (Chad); Civilians (Eritrea); Civilians (Ethiopia); Civilians (Nigeria); Civilians (South Sudan); Civilians (Sudan); Migrants (Chad); Migrants (Eritrea); Migrants (Ethiopia); Migrants (Nigeria); Migrants (Somalia); Migrants (South Sudan); Migrants (Sudan),Civilians,State forces-Civilians,Civilian targeting,434,Northern Africa,Libya,West,Tripoli,,Tripoli - Tripoli,32.8925,13.18,1,UNSC,Other,"On 5 June 2024, 7 security agencies raided a makeshift settlement of migrants in Tripoli - Tripoli (Tripoli, West). They sexually harassed women, shot at fleeing people, and destroyed tents. They also arrested hundreds of migrants from Chad, Ethiopia, Eritrea, Nigeria, Somalia, South Sudan and Sudan, separated men, women and children, and transferred them to detention centers in Abu Salim and Ain Zarah, in Tripoli.",0,,1759192014
LBY12108,2024-01-29,2024,1,Strategic developments,Strategic developments,Arrests,Police Forces of Libya (2021-) Government of National Unity (GNU) - Criminal Investigations Department,,State forces,Civilians (Libya),,Civilians,State forces-Civilians,,434,Northern Africa,Libya,West,Tripoli,,Tripoli - Tripoli,32.8925,13.18,1,UNSC,Other,"On 29 January 2024, the Criminal Investigations Department arrested without a warrant a human rights activist in Tripoli - Tripoli (Tripoli, West). He escaped on 31 January.",0,,1759192014
LBY12109,2025-03-27,2025,1,Political violence,Violence against civilians,Abduction/forced disappearance,Public Security Service,,Political militia,Civilians (Libya),Lawyers (Libya),Civilians,Political militia-Civilians,Civilian targeting,434,Northern Africa,Libya,West,Tripoli,,Tripoli - Tripoli,32.8925,13.18,1,Libya Security Monitor,New media,"On 27 March 2025, the General Security Service abducted a lawyer and member of the Constitution Drafting Assembly, the body charged with drafting a new constitution following the fall of former President Muammar Qaddafi, in Tripoli - Tripoli (Tripoli, West). He was released after a few hours.",0,,1759192014
LBY12112,2024-03-11,2024,1,Demonstrations,Protests,Peaceful protest,Protesters (Libya),,Protesters,,,,Protesters only,,434,Northern Africa,Libya,West,Tripoli,,Tripoli - Tripoli,32.8925,13.18,1,UNSC,Other,"On 11 March 2024, residents protested in Tripoli - Tripoli (Tripoli, West) over the falling value of the Libyan dinar, limited access to foreign currency and against a tax imposed on official currency sales.",0,crowd size=no report,1744085353
LBY12113,2025-04-04,2025,1,Demonstrations,Protests,Peaceful protest,Protesters (Libya),,Protesters,,,,Protesters only,,434,Northern Africa,Libya,West,Misratah,,Misratah,32.3754,15.0925,1,Libya Observer,National,"On 4 April 2025, residents protested in Misratah (Misratah, West) in support of the people of Gaza and to condemn the massacres committed by Israel in the Strip.",0,crowd size=no report,1744085353
LBY12114,2025-04-04,2025,1,Demonstrations,Protests,Peaceful protest,Protesters (Libya),,Protesters,,,,Protesters only,,434,Northern Africa,Libya,West,Misratah,,Zlitan,32.4674,14.5687,1,Libya Observer,National,"On 4 April 2025, residents protested in Zlitan (Misratah, West) in support of the people of Gaza and to condemn the massacres committed by Israel in the Strip.",0,crowd size=no report,1744085353
LBY12115,2025-03-28,2025,1,Demonstrations,Riots,Violent demonstration,Rioters (Libya),,Rioters,,,,Rioters only,,434,Northern Africa,Libya,West,Az Zawiyah,,Az Zawiyah,32.7571,12.7276,1,Libya Security Monitor,New media,"On 28 March 2025, rioters blocked with burning tires, for the second consecutive day, the coastal road in the west of Az Zawiyah (Az Zawiyah, West), following the sentencing of 4 Libyan intelligence officers in Tunisia on terrorism charges.",0,crowd size=no report,1744085353
LBY12116,2025-04-04,2025,1,Political violence,Battles,Armed clash,Sabratha Communal Militia (Libya),,Identity militia,Sabratha Communal Militia (Libya),,Identity militia,Identity militia-Identity militia,,434,Northern Africa,Libya,West,An Nuqat al Khams,,Sabratha,32.7934,12.4885,1,Address Libya; Akhbar Libya; Al Wasat (Libya); Libya News Agency; Libya Observer; Libya24,Subnational-National,"On 4 April 2025, armed groups (likely local militias, based on the location and type of incident) clashed in the Khatatba district in Sabratha (An Nuqat al Khams, West). The reason for the clash and the casualties are unknown. On the same day, troops from the Libyan Army's West Coast Military Region deployed to the city as a neutral force.",0,,1754958639
LBY12118,2024-01-18,2024,1,Political violence,Explosions/Remote violence,Remote explosive/landmine/IED,Unidentified Armed Group (Libya),,Political militia,Civilians (Libya),,Civilians,Political militia-Civilians,Civilian targeting,434,Northern Africa,Libya,West,Nalut,,Ghadamis,30.1337,9.5007,1,UNSC,Other,"On 18 January 2024, a landmine planted by an unidentified armed group exploded when triggered by a passing car in Ghadamis (Nalut, West). There were no casualties. The origin of the mine is unknown.",0,,1754410220
LBY12119,2024-02-03,2024,1,Political violence,Explosions/Remote violence,Remote explosive/landmine/IED,Unidentified Armed Group (Libya),,Political militia,Civilians (Libya),,Civilians,Political militia-Civilians,Civilian targeting,434,Northern Africa,Libya,West,Misratah,,Tawurgha,32.0146,15.1125,1,UNSC,Other,"On 3 February 2024, ordnance left by an unidentified armed group exploded in Tawurgha (Misratah, West) and caused serious injuries to 1 child.",0,,1764045636
LBY12120,2024-02-11,2024,1,Political violence,Explosions/Remote violence,Remote explosive/landmine/IED,Unidentified Armed Group (Libya),,Political militia,Civilians (Libya),,Civilians,Political militia-Civilians,Civilian targeting,434,Northern Africa,Libya,West,Tripoli,,Tripoli - Tripoli,32.8925,13.18,1,UNSC,Other,"On 11 February 2024, an ordnance left by an unidentified armed group exploded in Tripoli - Tripoli (Tripoli, West) and caused serious injuries to 2 children.",0,,1754410220
LBY12121,2024-09-30,2024,1,Political violence,Explosions/Remote violence,Remote explosive/landmine/IED,Unidentified Armed Group (Libya),,Political militia,Civilians (Libya),,Civilians,Political militia-Civilians,Civilian targeting,434,Northern Africa,Libya,West,Al Jabal Al Gharbi,,Al-Shaqiqah,31.6493,12.8168,1,UNSMIL,Other,"On 30 September 2024, ordnance left by an unidentified armed group exploded in Al-Shaqiqah (Al Jabal Al Gharbi, West) killing 1 child and injuring another.",1,,1754410220
LBY12123,2025-03-30,2025,1,Political violence,Violence against civilians,Abduction/forced disappearance,Unidentified Armed Group (Libya),,Political militia,Civilians (Libya),Journalists (Libya),Civilians,Political militia-Civilians,Civilian targeting,434,Northern Africa,Libya,West,Tripoli,,Tripoli - Ben Ashour,32.8788,13.2084,1,Address Libya; Akhbar Libya; Al Wasat (Libya); Libya Security Monitor; Libya24,New media-Subnational,"On 30 March 2025, an unidentified armed group driving two unmarked civilian vehicles abducted a journalist outside his home in Tripoli - Ben Ashour (Tripoli, West). He had recently presented a television program in which he had addressed issues such as witchcraft and sorcery. He was released after a few hours.",0,,1762291775
LBY12125,2025-04-03,2025,1,Political violence,Violence against civilians,Attack,Zawiya Communal Militia (Libya),,Identity militia,Civilians (Libya),,Civilians,Identity militia-Civilians,Civilian targeting,434,Northern Africa,Libya,West,Az Zawiyah,,Az Zawiyah,32.7571,12.7276,1,Address Libya; Al Marsad,Subnational-National,"On 3 April 2025, an armed group (likely a Zawiya communal militia, based on location and type of action) killed a civilian in the center of Az Zawiyah (Az Zawiyah, West). No further details available.",1,,1744085353
LBY12126,2025-04-04,2025,2,Political violence,Violence against civilians,Attack,Zintan Ethnic Militia (Libya),,Identity militia,Civilians (Libya),,Civilians,Identity militia-Civilians,Civilian targeting,434,Northern Africa,Libya,West,Al Jabal Al Gharbi,,Zintan,31.9223,12.252,1,Address Libya; Libya24,Subnational-National,"Around 4 April 2025 (as reported), an armed group (likely a local militia, based on location and type of action) killed a civilian in Zintan (Al Jabal Al Gharbi, West). No further information available.",1,,1744085353
LBY12127,2024-08-27,2024,1,Political violence,Battles,Armed clash,Zuwarah Communal Militia (Libya),,Identity militia,Military Forces of Libya (2021-) Government of National Unity (GNU),,State forces,State forces-Identity militia,,434,Northern Africa,Libya,West,An Nuqat al Khams,,Ras Ajdir,33.15,11.5667,2,UNSMIL,Other,"On 27 August 2024, Zuwarah armed groups and forces from the West Coast Military Region, affiliated with the GNU Ministry of Defence, clashed near the Tunisian border crossing at Ras Ajdir (An Nuqat al Khams, West). The fighting broke out after Zuwara forces demanded that the West Coast Military Region forces withdraw from the border crossing. The clash led to the temporary closure of roads and left civilian casualties, but fatalities are unknown.",0,,1759192014
LBY12128,2025-04-03,2025,2,Political violence,Violence against civilians,Attack,Stability Support Apparatus,,Political militia,Civilians (Libya),,Civilians,Political militia-Civilians,Civilian targeting,434,Northern Africa,Libya,West,Tripoli,,Tripoli - Al Hadba Al Badri,32.8414,13.2099,2,Address Libya; Al Marsad,Subnational-National,"Around 3 April 2025 (as reported), an armed group suspected of belonging to the Stability Support Apparatus shot dead a young man and dumped his corpse in Tripoli - Al Hadba Al Badri (Tripoli, West). No further information available.",1,,1759192014
LBY11510,2024-05-07,2024,1,Political violence,Battles,Armed clash,Zawiya Communal Militia (Libya),CCA: Counter Crime Agency,Identity militia,Al Silaa Brigade (Libya),,Political militia,Political militia-Identity militia,,434,Northern Africa,Libya,West,An Nuqat al Khams,,Al Jumayl,32.8529,12.0612,1,Akhbar Libya; Al Araby Al Jadeed; Libya Observer; UNSMIL,Other-National,"On 7 May 2024, a militia from Zawiya affiliated with the Counter Crime Agency and the 103rd Battalion clashed in Al Jumayl (An Nuqat al Khams, West) following the killing of a civilian in the city by a stray bullet. At least 7 people were injured. Notables from neighboring regions visited the city and pledged to intercede to put an end to the violence. Forces from the Ministry of the Interior were deployed to take over security in the city.",0,,1759192014
LBY11574,2024-06-05,2024,1,Political violence,Violence against civilians,Attack,Judicial Police,,Political militia,Civilians (Libya),Police Forces of Libya (2021-) Government of National Unity (GNU),Civilians,Political militia-Civilians,Civilian targeting,434,Northern Africa,Libya,West,Tripoli,,Tripoli - Tripoli,32.8925,13.18,2,Ean Libya Limited; UNSMIL,Other-National,"On 5 June 2024, armed men affiliated with the Judicial Police shot and killed 2 civilians, including an off-duty police officer and his son, in Tripoli - Tripoli (Tripoli, West). The mother was wounded in the incident. The security forces arrested the suspects shortly after the shooting.",2,,1759192014
LBY11617,2024-07-16,2024,1,Political violence,Battles,Armed clash,Rahbat al-Duru' Battalion (Libya),,Political militia,Martyr Sabria Brigade (Libya),,Identity militia,Political militia-Identity militia,,434,Northern Africa,Libya,West,Tripoli,,Tajoura,32.8834,13.3525,1,Address Libya; Akhbar Libya; Al Wasat (Libya); Ean Libya Limited; GardaWorld; Libya Observer; Libya Security Monitor; New Arab; UNSMIL,Other-New media,"On 16 July 2024, the Rahbat al-Duru' battalion and the Martyr Sabria brigade engaged in an armed clash in Tajoura (Tripoli, West). At least 1 civilian was killed, but some media outlets stated that 2 people died and others claimed that there were 6 deaths. The fighting broke out after the Rahbat al-Duru' battalion abducted a number of members of the Martyr Sabria brigade. It ceased following an agreement whereby both groups withdrew their forces back to their headquarters and the Misrata Joint Security Room was deployed in the district.",1,,1764637279
LBY11566,2024-05-28,2024,1,Political violence,Battles,Armed clash,Military Forces of Libya (2014-) Libyan National Army (LNA),,State forces,Police Forces of Libya (2022-) Government of National Stability (GNS) - Criminal Investigations Department,,State forces,State forces-State forces,,434,Northern Africa,Libya,South,Sabha,,Sabha,27.0377,14.4283,1,Akhbar Libya; Al Wasat (Libya); UNSMIL,Other-National,"On 28 May 2024, members of the 101st Battalion, affiliated with Saddam Haftar, attacked the headquarters of the Criminal Investigations Department (CID) in Sabha (Sabha, South) in an unsuccessful attempt to release a person who had been arrested on orders from the Prosecution. 2 members of the CID and 1 member of a militia affiliated with 101st Battalion were killed.",3,,1759181266
LBY12129,2025-04-05,2025,1,Political violence,Battles,Armed clash,First Support Battalion Kashlaf Faction (Libya),,Identity militia,Al Silaa Brigade (Libya),CCA: Counter Crime Agency,Political militia,Political militia-Identity militia,,434,Northern Africa,Libya,West,Az Zawiyah,,Az Zawiyah,32.7571,12.7276,1,Address Libya; Akhbar Libya; Al Marsad; BBC News; Libya Observer; Libya Security Monitor; Libya24,New media-Subnational,"On 5 April 2025, the First Support Battalion led by Mohamed Kashlaf, from one side, and Al Sila Brigade and the Counter Crime Agency, from the other, clashed around the refinery and in some residential neighborhoods of Az Zawiyah (Az Zawiyah, West). The fighting broke out one day after the First Support Battalion regained control of the refinery from the West Coast Military Region of the Libyan Army, which had seized it on 4 January (both coded separately). 1 member of the Counter Crime Agency was killed and dozens of fighters and civilians were injured in the clashes, which caused extensive damage to homes and businesses.",1,,1759192014
LBY12130,2024-04-13,2024,1,Political violence,Battles,Armed clash,Military Forces of Libya (2014-) Libyan National Army (LNA) - Tariq Bin Ziyad Brigade,Military Forces of Libya (2014-) Libyan National Army (LNA),Political militia,166th Brigade (Libya),Military Forces of Libya (2014-) Libyan National Army (LNA),Political militia,Political militia-Political militia,,434,Northern Africa,Libya,East,Benghazi,,Benghazi,32.1177,20.1293,1,UNSMIL,Other,"On 13 April 2024, subunits of the Tariq Bin Ziyad Brigade and the 166th Brigade, both affiliated with Haftar's LNA, clashed in Benghazi (Benghazi, East). The clash broke out after the Tariq Bin Ziyad Brigade attempted to seize a military camp in the center of Benghazi that was controlled by the 166th Brigade. Several fighters were wounded, but fatalities are unknown. Several members of the 166th Brigade were also arrested.",0,,1759192014
LBY12131,2025-04-10,2025,2,Political violence,Battles,Armed clash,Unidentified Armed Group (Libya),,Political militia,Unidentified Armed Group (Libya),,Political militia,Political militia-Political militia,,434,Northern Africa,Libya,West,Nalut,,Ghadamis,30.1337,9.5007,1,Address Libya; Al Marsad,Subnational-National,"Around 10 April 2025 (as reported), 2 unidentified armed groups clashed in Ghadamis (Nalut, West). 1 person was killed. It is unknown whether he was a civilian or a combatant. No further information available.",1,,1762291775
LBY12132,2024-06-05,2024,1,Political violence,Battles,Armed clash,Zawiya Communal Militia (Libya),CCA: Counter Crime Agency,Identity militia,Al Silaa Brigade (Libya),,Political militia,Political militia-Identity militia,,434,Northern Africa,Libya,West,An Nuqat al Khams,,Al Jumayl,32.8529,12.0612,1,UNSMIL,Other,"On 5 June 2024, a militia from Zawiya affiliated with the Counter Crime Agency and the 103rd Battalion clashed in Al Jumayl (An Nuqat al Khams, West). 1 person was seriously injured. No further information available.",0,,1759192014
LBY12133,2025-04-06,2025,1,Political violence,Violence against civilians,Attack,Unidentified Armed Group (Libya),,Political militia,Civilians (Libya),Ajaylat Communal Militia (Libya),Civilians,Political militia-Civilians,Civilian targeting,434,Northern Africa,Libya,West,An Nuqat al Khams,,Ajaylat,32.7577,12.3772,1,Address Libya; Akhbar Libya; Al Marsad,Subnational-National,"On 6 April 2025, unidentified gunmen shot dead 2 members of a local militia in Ajaylat (An Nuqat al Khams, West). Another 2 people, including the brother of an Ajaylat militia leader, were wounded in the attack and were hospitalized. Some media outlets claimed that the 2 killed were attacked while performing the dawn prayer, while others stated that they were killed by a civilian who shot at them after they attacked his house.",2,,1762291775
LBY12134,2025-04-05,2025,2,Political violence,Violence against civilians,Attack,Zawiya Communal Militia (Libya),,Identity militia,Civilians (Libya),,Civilians,Identity militia-Civilians,Civilian targeting,434,Northern Africa,Libya,West,Az Zawiyah,,Az Zawiyah,32.7571,12.7276,1,Address Libya; Al Marsad,Subnational-National,"Around 5 April 2025 (as reported), an armed group (likely a local militia, based on the location and type of action) killed a civilian in Az Zawiyah (Az Zawiyah, West). No further information available.",1,,1744679469
LBY12135,2024-04-17,2024,1,Political violence,Violence against civilians,Attack,Military Forces of Libya (2014-) Libyan National Army (LNA),,State forces,Civilians (Libya),Prisoners (Libya),Civilians,State forces-Civilians,Civilian targeting,434,Northern Africa,Libya,South,Sabha,,Sabha,27.0377,14.4283,2,UNSMIL,Other,"On 17 April 2024, members of Haftar's LNA tortured to death a soldier imprisoned in the south of Sabha (Sabha, South).",1,,1759192014
LBY12136,2024-06-02,2024,1,Political violence,Violence against civilians,Attack,Unidentified Armed Group (Libya),,Political militia,Civilians (Libya),Masamir Tribal Group (Libya),Civilians,Political militia-Civilians,Civilian targeting,434,Northern Africa,Libya,East,Al Jabal Al Akhdar,,Al Baydah,32.7627,21.7551,1,UNSMIL,Other,"On 2 June 2024, an unidentified armed group abducted and shortly after killed a member of the Masamir tribe. The abduction took place in Al Baydah (Al Jabal Al Akhdar, East) but his body was dropped off in front of a hospital in Benghazi.",1,,1754410220
LBY12137,2025-04-10,2025,2,Political violence,Violence against civilians,Attack,Ajaylat Communal Militia (Libya),,Identity militia,Civilians (Libya),,Civilians,Identity militia-Civilians,Civilian targeting,434,Northern Africa,Libya,West,An Nuqat al Khams,,Ajaylat,32.7577,12.3772,1,Address Libya; Al Marsad,Subnational-National,"Around 10 April 2025 (as reported), an armed group (likely a local militia, based on location and type of action) shot dead 1 civilian in Ajaylat (An Nuqat al Khams, West) and fled the scene. No further information available.",1,,1754958639
LBY12138,2025-04-05,2025,2,Strategic developments,Strategic developments,Change to group/activity,Misratah Communal Militia (Libya),,Identity militia,,,,Identity militia only,,434,Northern Africa,Libya,West,Al Marqab,,Al Khums,32.6486,14.2619,1,Akhbar Libya,National,"Movement of forces: Around 5 April 2025 (as reported), military forces from Misratah, including tanks, deployed outside the Naqaza camp in Al Khums (Al Marqab, West). No further information is available, but the deployment came amid other similar movements of forces from Misratah to other locations in western Libya, including Tripoli, during the same period.",0,,1744679469
LBY12139,2025-04-05,2025,1,Strategic developments,Strategic developments,Change to group/activity,Misratah Communal Militia (Libya),,Identity militia,,,,Identity militia only,,434,Northern Africa,Libya,West,Misratah,,Zlitan,32.4674,14.5687,1,Libya24,National,"Movement of forces: On 5 April 2025, a military convoy from Misratah entered Zlitan (Misratah, West). No further information is available, but the deployment came amid other similar movements of forces from Misratah to other locations in western Libya, including Tripoli, during the same period.",0,,1744679469
LBY12140,2024-06-12,2024,1,Strategic developments,Strategic developments,Change to group/activity,Zuwarah Communal Militia (Libya),,Identity militia,,,,Identity militia only,,434,Northern Africa,Libya,West,An Nuqat al Khams,,Zuwarah,32.9312,12.082,1,UNSMIL,Other,"Movement of forces: On 12 June 2024, local armed groups mobilized in Zuwarah (An Nuqat al Khams, West) following the announcement of the reopening of the Ras Ajdir border crossing with Tunisia. They claimed that no agreement had been reached with the GNU Ministry of Interior on the security arrangements at the site.",0,,1744679469
LBY12141,2025-04-09,2025,1,Strategic developments,Strategic developments,Change to group/activity,Misratah Communal Militia (Libya),,Identity militia,,,,Identity militia only,,434,Northern Africa,Libya,West,Tripoli,,Tajoura,32.8834,13.3525,1,Address Libya; Akhbar Libya; Al Marsad; Libya24,Subnational-National,"Movement of forces: On 9 April 2025, armed forces from Misratah deployed in several areas of Tripoli, including in Tajoura (Tripoli, West). No further information is available, but the deployment came amid other similar movements of forces from Misratah to other locations in western Libya during the same period.",0,,1744679469
LBY12142,2025-04-09,2025,1,Strategic developments,Strategic developments,Change to group/activity,Misratah Communal Militia (Libya),,Identity militia,,,,Identity militia only,,434,Northern Africa,Libya,West,Tripoli,,Tripoli - Mitiga Airport,32.8941,13.276,1,Address Libya,Subnational,"Movement of forces: On 9 April 2025, armed forces from Misratah deployed in several areas of Tripoli, including in Tripoli - Mitiga Airport (Tripoli, West). No further information is available, but the deployment came amid other similar movements of forces from Misratah to other locations in western Libya during the same period.",0,,1744679469
LBY12144,2024-07-01,2024,1,Strategic developments,Strategic developments,Other,Unidentified Armed Group (Libya),,Political militia,Civilians (Libya),Labor Group (Libya),Civilians,Political militia-Civilians,,434,Northern Africa,Libya,West,Al Jabal Al Gharbi,,Mizdah,31.4451,12.9801,1,UNSMIL,Other,"Explosive remnants of war: On 1 July 2024, an explosive remnant of war exploded while being tampered with by a scrap metal collector in Mizdah (Al Jabal Al Gharbi, West). He was injured.",0,,1753970978
LBY12146,2025-04-09,2025,1,Demonstrations,Protests,Peaceful protest,Protesters (Libya),Labor Group (Libya),Protesters,,,,Protesters only,,434,Northern Africa,Libya,West,Tripoli,,Tripoli - Tripoli,32.8925,13.18,1,Libya Observer; Libya24,National,"On 9 April 2025, residents and workers of currency exchange offices protested in Tripoli - Tripoli (Tripoli, West) over the deteriorating economic situation in the country and the devaluation of the local currency. Some currency exchange bureaus closed amid the protests.",0,crowd size=no report,1744679469
LBY12147,2024-05-23,2024,1,Political violence,Explosions/Remote violence,Remote explosive/landmine/IED,Unidentified Armed Group (Libya),,Political militia,Civilians (Libya),,Civilians,Political militia-Civilians,Civilian targeting,434,Northern Africa,Libya,West,Tripoli,,Tripoli - Tripoli Airport Road,32.7549,13.1427,1,UNSMIL,Other,"On 23 May 2024, an explosive device left by an unidentified armed group exploded in Tripoli - Tripoli Airport Road (Tripoli, West) and seriously injured 3 children.",0,,1754354897
LBY12148,2024-06-10,2024,1,Political violence,Explosions/Remote violence,Remote explosive/landmine/IED,Unidentified Armed Group (Libya),,Political militia,Civilians (Libya),Labor Group (Libya),Civilians,Political militia-Civilians,Civilian targeting,434,Northern Africa,Libya,West,Al Jabal Al Gharbi,,Mizdah,31.4451,12.9801,1,UNSMIL,Other,"On 10 June 2024, a heavy bomb left by an unidentified armed group exploded when tampered with by a scrap metal collector in Mizdah (Al Jabal Al Gharbi, West). He died.",1,,1754410220
LBY12149,2024-06-22,2024,1,Political violence,Explosions/Remote violence,Remote explosive/landmine/IED,Unidentified Armed Group (Libya),,Political militia,Civilians (International),Labor Group (International),Civilians,Political militia-Civilians,Civilian targeting,434,Northern Africa,Libya,West,Tripoli,,Tripoli - Ayn Zarah,32.8133,13.2697,1,UNSMIL,Other,"On 22 June 2024, a landmine exploded and killed 1 foreign worker in Tripoli - Ayn Zarah (Tripoli, West). A second worker was injured.",1,,1754410220
LBY12150,2025-04-05,2025,1,Political violence,Explosions/Remote violence,Shelling/artillery/missile attack,Unidentified Armed Group (Libya),,Political militia,Civilians (Libya),Students (Libya),Civilians,Political militia-Civilians,Civilian targeting,434,Northern Africa,Libya,West,Tripoli,,Tripoli - University of Tripoli,32.8474,13.215,1,Address Libya; Al Marsad; Libya24,Subnational-National,"On 5 April 2025, shrapnel from random shells launched by an unidentified armed group from a military camp fell inside the compound of the University of Tripoli in Tripoli - University of Tripoli (Tripoli, West). 2 students were wounded, 1 of them seriously.",0,,1762291775
LBY12151,2024-06-19,2024,1,Demonstrations,Protests,Peaceful protest,Protesters (Libya),Zuwarah Communal Militia (Libya),Protesters,,,,Protesters only,,434,Northern Africa,Libya,West,An Nuqat al Khams,,Mellitah,32.8535,12.2386,2,UNSMIL,Other,"On 19 June 2024, armed groups from Zuwarah and residents blocked the coastal road (means unspecified) between Mellitah (An Nuqat al Khams, West) and the Ras Ajdir border crossing with Tunisia to protest the marginalization of the region and the lack of infrastructure. Location coded to Mellitah (An Nuqat al Khams, West).",0,crowd size=no report,1744679469
LBY12152,2025-04-06,2025,1,Demonstrations,Protests,Peaceful protest,Protesters (Libya),,Protesters,,,,Protesters only,,434,Northern Africa,Libya,West,Tripoli,,Tripoli - Tripoli,32.8925,13.18,1,Akhbar Libya,National,"On 6 April 2025, a number of residents protested in Tripoli - Tripoli (Tripoli, West) over the deteriorating economic situation in the country and the depreciation of the local currency. They also called for the resignation of the GNU. The protest took place after the Central Bank of Libya announced an adjustment of the exchange rate with the dollar.",0,crowd size=a number of,1744679469
LBY12153,2025-04-07,2025,1,Demonstrations,Protests,Peaceful protest,Protesters (Libya),,Protesters,,,,Protesters only,,434,Northern Africa,Libya,West,Misratah,,Misratah,32.3754,15.0925,1,Al Wasat (Libya),National,"On 7 April 2025, residents protested in Misratah (Misratah, West) over the deteriorating economic situation in the country. They carried banners with anti-corruption slogans and called for reforms.",0,crowd size=no report,1744679469
LBY12154,2024-06-07,2024,1,Demonstrations,Protests,Peaceful protest,Protesters (Libya),,Protesters,,,,Protesters only,,434,Northern Africa,Libya,West,Tripoli,,Tripoli - Zanatah,32.8649,13.2284,1,UNSMIL,Other,"On 7 June 2024, relatives of two civilians killed two days earlier in Tripoli by members affiliated with the Judicial Police (coded separately) protested in front of the Tripoli Security Directorate in Tripoli - Zanatah (Tripoli, West). Protesters' demands not reported.",0,crowd size=no report,1744679469
LBY12155,2025-04-09,2025,1,Demonstrations,Protests,Peaceful protest,Protesters (Libya),,Protesters,,,,Protesters only,,434,Northern Africa,Libya,West,Tripoli,,Tripoli - Tripoli,32.8925,13.18,1,Libya Observer,National,"On 9 April 2025, residents protested in Tripoli - Tripoli (Tripoli, West) in solidarity with the people of Gaza and the Palestinian resistance against the Israeli occupation.",0,crowd size=no report,1744679469
LBY12156,2025-04-07,2025,1,Political violence,Violence against civilians,Attack,Sabratha Communal Militia (Libya),,Identity militia,Civilians (Libya),Women (Libya),Civilians,Identity militia-Civilians,Civilian targeting,434,Northern Africa,Libya,West,An Nuqat al Khams,,Sabratha,32.7934,12.4885,1,Address Libya,Subnational,"On 7 April 2025, an armed group (likely a local militia, based on the location and type of action) set fire and shot at a family's home in Sabratha (An Nuqat al Khams, West). The attack took place after the call to the dawn prayer while the women of the family were inside the house. Casualties and reason for the attack unknown.",0,,1754958639
LBY11703,2024-09-01,2024,1,Political violence,Battles,Non-state actor overtakes territory,128th Battalion (Libya),,Political militia,Military Forces of Libya (2014-) Libyan National Army (LNA),,State forces,State forces-Political militia,,434,Northern Africa,Libya,East,Al Kufrah,,Kalinga,23.2667,20.0333,2,Akhbar Libya; UNSC; UNSMIL,Other-National,"On 1 September 2024, the 77th company, operating under the 128th brigade of Haftar's LNA, seized control, after 2 days of clashes, of a checkpoint located on a route used for gold trafficking and previously held by the LNA's 129th brigade in the area of Kalinga (Al Kufrah, East), near the border with Chad. 4 fatalities split over 2 days. 2 fatalities coded to this event.",2,,1764045636
LBY12124,2025-03-30,2025,1,Political violence,Violence against civilians,Abduction/forced disappearance,Stability Support Apparatus,,Political militia,Civilians (Libya),Journalists (Libya),Civilians,Political militia-Civilians,Civilian targeting,434,Northern Africa,Libya,West,Tripoli,,Tripoli - Ben Ashour,32.8788,13.2084,1,Address Libya; Akhbar Libya; Al Wasat (Libya),Subnational-National,"On 30 March 2025, the Stability Support Apparatus abducted, for the second time on the same day, a journalist outside his home in Tripoli - Ben Ashour (Tripoli, West). He had been abducted and then released a few hours earlier (coded separately). The reason for the abduction is unknown, but he had recently presented a television program in which he had addressed issues such as witchcraft and sorcery. He was released on 9 April.",0,,1759192014
LBY12145,2024-04-19,2024,1,Strategic developments,Strategic developments,Other,Military Forces of Libya (2014-) Libyan National Army (LNA),,State forces,Civilians (Libya),Prisoners (Libya),Civilians,State forces-Civilians,,434,Northern Africa,Libya,East,Benghazi,,Ar Rajmah,32.0715,20.3417,1,Libya Crimes Watch; UNSMIL,Other,"Other: On 19 April 2024, a political activist under arrest died under unknown circumstances in an unofficial LNA prison in Ar Rajmah (Benghazi, East). He was the director of the Benghazi branch of the Libya Center for Strategic and Future Studies and had been detained since 1 October 2023.",1,,1759192014
LBY12157,2025-04-12,2025,1,Strategic developments,Strategic developments,Agreement,Sabratha Communal Militia (Libya),,Identity militia,Sabratha Communal Militia (Libya),,Identity militia,Identity militia-Identity militia,,434,Northern Africa,Libya,West,An Nuqat al Khams,,Sabratha,32.7934,12.4885,1,Address Libya,Subnational,"On 12 April 2025, local armed groups that clashed on 4 April (coded separately) reached an agreement in Sabratha (An Nuqat al Khams, West) to ease tensions. Following the agreement, the Libyan Army's West Coast Military Region, which had deployed as a neutral force in the Khatatba district where the clashes took place, withdrew from the area.",0,,1754958639
LBY12158,2025-04-12,2025,2,Political violence,Battles,Armed clash,Mohamed Bahroun Militia (Libya),,Identity militia,Al-Nasr Brigade (Libya),,Political militia,Political militia-Identity militia,,434,Northern Africa,Libya,West,Az Zawiyah,,Az Zawiyah,32.7571,12.7276,1,Al Marsad; Libya24,National,"Around 12 April 2025 (as reported), Al Isnad and Al Qaseb militias clashed in the Rukniya area of Az Zawiyah (Az Zawiyah, West). Fatalities unknown. The direct reason for the clash is unknown, but it took place after an armed group led by Mohamed Kashlaf ('Al Qasab') recaptured the city's refinery on 4 April and clashed with other local armed groups the following day (both coded separately).",0,,1759192014
LBY12159,2024-08-31,2024,1,Political violence,Battles,Armed clash,128th Battalion (Libya),,Political militia,Military Forces of Libya (2014-) Libyan National Army (LNA),,State forces,State forces-Political militia,,434,Northern Africa,Libya,East,Al Kufrah,,Kalinga,23.2667,20.0333,2,UNSC,Other,"On 31 August 2024, 2 units of Haftar's LNA, the 77th company and the 129th brigade, clashed in the area of Kalinga (Al Kufrah, East), near the border with Chad, over the control of a checkpoint located on a route used for gold trafficking. After 2 days of fighting, the 77th company, operating under the 128th brigade, took control of the checkpoint (coded separately). 4 fatalities split over 2 days. 2 fatalities coded to this event.",2,,1764045636
LBY12160,2024-08-22,2024,1,Political violence,Battles,Armed clash,Zuwarah Communal Militia (Libya),,Identity militia,Police Forces of Libya (2021-) Government of National Unity (GNU),,State forces,State forces-Identity militia,,434,Northern Africa,Libya,West,An Nuqat al Khams,,Ras Ajdir,33.15,11.5667,2,UNSC,Other,"On 22 August 2024, armed groups from Zuwarah and forces affiliated with the GNU Ministry of Interior clashed around the border crossing of Ras Ajdir (An Nuqat al Khams, West). The fighting erupted over a dispute for the control of the border crossing. Fatalities unknown.",0,,1759192014
LBY12161,2024-08-29,2024,1,Political violence,Battles,Armed clash,Zuwarah Communal Militia (Libya),,Identity militia,Military Forces of Libya (2021-) Government of National Unity (GNU),,State forces,State forces-Identity militia,,434,Northern Africa,Libya,West,An Nuqat al Khams,,Abu Kammash,33.0737,11.7363,1,UNSC,Other,"On 29 August 2024, Zuwarah armed groups and forces affiliated with the Libyan army clashed in Abu Kammash (An Nuqat al Khams, West). The reason for the fighting is unknown, but it occurred at a time of high tension between Zuwarah armed groups and the GNU over the control of the nearby Ras Ajdir border crossing. Fatalities unknown.",0,,1759192014
LBY12163,2025-04-13,2025,2,Political violence,Violence against civilians,Attack,Zawiya Communal Militia (Libya),Al-Nasr Brigade (Libya),Identity militia,Civilians (Libya),,Civilians,Identity militia-Civilians,Civilian targeting,434,Northern Africa,Libya,West,Az Zawiyah,,Az Zawiyah,32.7571,12.7276,1,Libya24,National,"Around 13 April 2025 (as reported), an armed group affiliated with Al Qaseb militia (likely a local militia, due to location, its alliance and type of action) killed 1 person in the Al Rukniya area of Az Zawiyah (Az Zawiyah, West). It is unknown whether the person killed was a civilian or a fighter and whether he was killed during a clash between Al Isnad and Al Qaseb militias in the same area of Zawiyah the previous day (coded separately).",1,,1759192014
LBY12165,2025-04-14,2025,2,Strategic developments,Strategic developments,Change to group/activity,Military Forces of Libya (2014-) Libyan National Army (LNA),,State forces,,,,State forces only,,434,Northern Africa,Libya,South,Sabha,,Sabha,27.0377,14.4283,3,Akhbar Libya; Facebook; Libya Security Monitor; Twitter,New media-National,"Movement of forces: Around 14 April 2025 (as reported), military convoys from the 87th Battalion of Haftar's LNA and a squadron of helicopters from the Air Force moved from Benghazi to an unknown location in southern Libya. The reason for the movement of forces is unknown, but it comes at a time when the LNA is attempting to strengthen its control over the region. Event coded to Sabha (Sabha, South), the historic capital of southern Libya and one of its main cities.",0,,1759192014
LBY12166,2024-06-22,2024,1,Demonstrations,Protests,Peaceful protest,Protesters (Libya),Zuwarah Communal Militia (Libya),Protesters,,,,Protesters only,,434,Northern Africa,Libya,West,An Nuqat al Khams,,Zuwarah,32.9312,12.082,1,UNSC,Other,"On 22 June 2024, local armed groups blocked the coastal road (means unspecified) in Zuwarah (An Nuqat al Khams, West) to protest their exclusion by the GNU from security arrangements at the Ras Ajdir border crossing and to demand that an agreement be negotiated with them to reopen the site.",0,crowd size=no report,1745363466
LBY12167,2024-03-07,2024,1,Strategic developments,Strategic developments,Change to group/activity,Military Forces of Libya (2014-) Libyan National Army (LNA),,State forces,,,,State forces only,,434,Northern Africa,Libya,East,Benghazi,,Benghazi,32.1177,20.1293,1,UNSC,Other,"Movement of forces: On 7 March 2024, overnight, Haftar's LNA received an interceptor boat considered non-lethal military equipment in Benghazi (Benghazi, East). They also received a second interceptor boat, 2 landing craft and 2 multi-purpose boats considered as dual-use vessels. The equipment arrived from the United Arab Emirates.",0,,1759192014
LBY12169,2024-08-17,2024,1,Strategic developments,Strategic developments,Change to group/activity,Zuwara Military Council (Libya),,Identity militia,,,,Identity militia only,,434,Northern Africa,Libya,West,An Nuqat al Khams,,Ras Ajdir,33.15,11.5667,2,UNSC,Other,"Movement of forces: On 17 August 2024, the Zuwara Military Council deployed armed elements around the border crossing at Ras Ajdir (An Nuqat al Khams, West). The deployment came at a time of tensions between Zuwara armed groups and the GNU over the control of Ras Ajdir.",0,,1745363466
LBY12080,2025-03-24,2025,1,Political violence,Violence against civilians,Abduction/forced disappearance,Unidentified Armed Group (Libya),,Political militia,Civilians (Libya),,Civilians,Political militia-Civilians,Civilian targeting,434,Northern Africa,Libya,West,Tripoli,,Tajoura,32.8834,13.3525,1,Address Libya; Akhbar Libya; Al Wasat (Libya); Libya Observer; Libya Security Monitor,New media-Subnational,"On 24 March 2025, an unidentified armed security apparatus, travelling in black Toyota vehicles, arrested, without legal procedure, the brother of a political activist and blogger in Tajoura (Tripoli, West). The security forces broke into the detainee's home, searched his electronic devices and took him away. His brother, who lives abroad and is known for publishing news and information critical of the Libyan ruling elite and armed groups, considered the arrest an abduction to punish him. He was released on 24 April.",0,,1762291775
LBY11851,2024-11-27,2024,1,Political violence,Battles,Armed clash,Mohamed Bahroun Militia (Libya),,Identity militia,Zawiya Communal Militia (Libya),,Identity militia,Identity militia-Identity militia,,434,Northern Africa,Libya,West,Az Zawiyah,,Al Harsha,32.7667,12.6666,1,Akhbar Libya,National,"On 27 November 2024, members of the Anti-Security Threat Agency and a Zawiya militia engaged in an armed clash in Al Harsha (Az Zawiyah, West). The clash erupted after a bomb blew up an armored vehicle belonging to the Anti-Security Threat Agency in Al Harsha (coded separately). There were no fatalities.",0,,1759192014
LBY11620,2024-07-10,2024,1,Political violence,Battles,Armed clash,Unidentified Armed Group (Libya),,Political militia,Mohamed Bahroun Militia (Libya),,Identity militia,Political militia-Identity militia,,434,Northern Africa,Libya,West,Az Zawiyah,,Al Harsha,32.7667,12.6666,1,Libya Security Monitor,New media,"On 10 July 2024, an unidentified armed group shot from a car at a checkpoint of the Anti-Security Threat Agency in Al Harsha (Az Zawiyah, West). The deputy commander of the Anti-Security Threat Agency is also the leader of Al Isnad militia. There were no fatalities.",0,,1759192014
LBY11621,2024-07-18,2024,1,Political violence,Battles,Armed clash,Unidentified Armed Group (Libya),,Political militia,Mohamed Bahroun Militia (Libya),,Identity militia,Political militia-Identity militia,,434,Northern Africa,Libya,West,Az Zawiyah,,Bir al Ghanam,32.3113,12.5685,2,Akhbar Libya,National,"On 18 July 2024, an unidentified armed group killed a member of the Anti-Security Threat Agency on the road to Bir al Ghanam (Az Zawiyah, West), coded to Bir al Ghanam. 1 fatality.",1,,1759192014
LBY11864,2024-11-27,2024,1,Demonstrations,Protests,Protest with intervention,Protesters (Libya),,Protesters,Mohamed Bahroun Militia (Libya),,Identity militia,Identity militia-Protesters,,434,Northern Africa,Libya,West,Az Zawiyah,,Al Harsha,32.7667,12.6666,1,Libya Security Monitor,New media,"On 27 November 2024, residents held a protest in front of the headquarters of the Anti-Security Threat Agency in Al Harsha (Az Zawiyah, West) after a bomb explosion and an armed clash in the area (both coded separately). Members of the Anti-Security Threat Agency fired in the air but the situation did not escalate further.",0,crowd size=no report,1759192014
LBY11869,2024-11-27,2024,1,Political violence,Explosions/Remote violence,Remote explosive/landmine/IED,Unidentified Armed Group (Libya),,Political militia,Mohamed Bahroun Militia (Libya),,Identity militia,Political militia-Identity militia,,434,Northern Africa,Libya,West,Az Zawiyah,,Al Harsha,32.7667,12.6666,1,Libya Security Monitor,New media,"On 27 November 2024, a bomb planted by an unidentified armed group exploded and blew up an armored vehicle belonging to the Anti-Security Threat Agency in Al Harsha (Az Zawiyah, West). There were no fatalities. The event led to an armed clash in the area (coded separately).",0,,1759192014
LBY11852,2024-11-26,2024,1,Political violence,Battles,Armed clash,Kabouat Militia (Libya),,Identity militia,Ghweil Clan Militia (Libya),Mohamed Bahroun Militia (Libya),Identity militia,Identity militia-Identity militia,,434,Northern Africa,Libya,West,Az Zawiyah,,Az Zawiyah,32.7571,12.7276,1,Address Libya; Akhbar Libya; Al Marsad; Libya Observer; Libya Security Monitor; Libya24,New media-Subnational,"On 26 November 2024, the Kabouat militia and a Ghweil clan militia affiliated with Al Isnad clashed with medium and heavy weapons in Az Zawiyah (Az Zawiyah, West) following days of renewed high tensions in the city. 3 people were killed and 5 others were wounded in the fighting.",3,,1759192014
LBY12143,2025-04-04,2025,1,Strategic developments,Strategic developments,Non-violent transfer of territory,First Support Battalion Kashlaf Faction (Libya),,Identity militia,Military Forces of Libya (2021-) Government of National Unity (GNU),,State forces,State forces-Identity militia,,434,Northern Africa,Libya,West,Az Zawiyah,,Az Zawiyah,32.7571,12.7276,1,Address Libya; Akhbar Libya; Al Marsad; BBC News; Libya Observer; Libya Security Monitor; Libya24,New media-Subnational,"On 4 April 2025, the First Support Battalion led by Mohamed Kashlaf regained control without any clashes of the oil refinery of Az Zawiyah (Az Zawiyah, West) from the West Coast Military Region of the Libyan Army, which had seized it on 4 January (coded separately).",0,,1759192014
LBY11915,2024-12-14,2024,1,Political violence,Battles,Armed clash,Al-Nasr Brigade (Libya),,Political militia,Al-Shourafa Ethnic Militia (Libya),,Identity militia,Political militia-Identity militia,,434,Northern Africa,Libya,West,Az Zawiyah,,Al Harsha,32.7667,12.6666,1,Address Libya; Akhbar Libya; Al Marsad; Al Wasat (Libya); AP; Ean Libya Limited; GardaWorld; Libya Observer; Libya24; New Arab; Reuters,Other-Subnational,"On 14 December 2024, overnight, Al Qasab and armed Al-Shourafa clashed in Al Harsha (Az Zawiyah, West). 1 member of Al Qasab was killed and 10-15 others were injured. The fighting took place partly in the vicinity of the Zawiya refinery, one of the largest in Libya, and damaged eight tanks, some of which caught fire, prompting the National Oil Corporation (NOC) to declare a state of force majeure and the maximum degree of emergency. The education department also suspended its activity in Zawiya.",1,,1764637279
LBY11664,2024-08-04,2024,1,Political violence,Violence against civilians,Attack,Unidentified Armed Group (Libya),,Political militia,Civilians (Libya),Police Forces of Libya (2022-) Government of National Stability (GNS) - Internal Security Agency,Civilians,Political militia-Civilians,Civilian targeting,434,Northern Africa,Libya,East,Al Butnan,,Tobruk,32.0836,23.9764,1,Akhbar Libya,National,"On 4 August 2024, an unidentified armed group shot at the head of Tobruk's internal security service (off-duty) as he was leaving a mosque after dawn prayers in Tobruk (Al Butnan, East). No fatalities. No further information is available.",0,,1759181266
LBY11674,2024-08-02,2024,1,Strategic developments,Strategic developments,Change to group/activity,Military Forces of Russia (2000-),,External/Other forces,,,,External/Other forces only,,434,Northern Africa,Libya,East,Al Butnan,,Tobruk,32.0836,23.9764,1,Akhbar Libya,National,"Movement of forces: On 2 August 2024, a Cameroonian-flagged cargo ship from Russia that had made a stopover in Turkey and was carrying military trucks docked in Tobruk (Al Butnan, East). No further information is available.",0,,1753954689
LBY11857,2024-04-06,2024,2,Strategic developments,Strategic developments,Change to group/activity,Military Forces of Russia (2000-),,External/Other forces,,,,External/Other forces only,,434,Northern Africa,Libya,East,Al Butnan,,Tobruk,32.0836,23.9764,1,Al Wasat (Libya),National,"Movement of forces: Around 6 April 2024 (from 4 - 8 April), the Russian Army moved military equipment from its naval base in Tartus, Syria to Tobruk (Al Butnan, East) in two landing ships.",0,,1753954689
LBY11858,2024-04-13,2024,1,Strategic developments,Strategic developments,Change to group/activity,Military Forces of Russia (2000-),Africa Corps,External/Other forces,,,,External/Other forces only,,434,Northern Africa,Libya,East,Al Butnan,,Tobruk,32.0836,23.9764,1,Al Wasat (Libya),National,"Movement of forces: On 13 April 2024, a Russian Army ship docked at the naval base in Tobruk (Al Butnan, East) loaded with weapons and logistical equipment suspected to be bound for Africa Corps.",0,,1753954689
LBY12122,2024-10-17,2024,1,Strategic developments,Strategic developments,Other,Unidentified Armed Group (Libya),,Political militia,Civilians (Libya),,Civilians,Political militia-Civilians,,434,Northern Africa,Libya,East,Al Butnan,,Tobruk,32.0836,23.9764,1,UNSMIL,Other,"Explosive remnants of war: On 17 October 2024, remnants of war planted by an unidentified group exploded by accident in Tobruk (Al Butnan, East) and killed 1 girl.",1,,1753970978
LBY12170,2024-04-14,2024,1,Strategic developments,Strategic developments,Change to group/activity,Military Forces of Russia (2000-),,External/Other forces,Military Forces of Libya (2014-) Libyan National Army (LNA),,State forces,State forces-External/Other forces,,434,Northern Africa,Libya,East,Al Butnan,,Tobruk,32.0836,23.9764,1,UNSC,Other,"Movement of forces: On 14 April 2024, Russian naval vessels transferred military equipment, including military trucks, to Haftar's LNA in the port of Tobruk (Al Butnan, East).",0,,1759192014
LBY12369,2024-02-21,2024,2,Political violence,Violence against civilians,Attack,Dabbashi Clan Militia (Libya),,Identity militia,Civilians (Libya),Women (Libya),Civilians,Identity militia-Civilians,Civilian targeting,434,Northern Africa,Libya,West,An Nuqat al Khams,,Sabratha,32.7934,12.4885,1,Address Libya; Libya Security Monitor,New media-Subnational,"Around 21 February 2024 (as reported), a man suspected to be the leader of the Dabbashi clan militia subjected a woman, handcuffed with chains around her neck, to a forced interrogation and torture in Sabratha (An Nuqat al Khams, West). A video of the forced interrogation was leaked on social media in June 2025 and the woman showed signs of severe beating, but there was no information on the injures. She died around 21 February 2024.",1,,1754958639
LBY11464,2024-03-22,2024,2,Strategic developments,Strategic developments,Other,Unidentified Armed Group (Libya),,Political militia,Civilians (Libya),,Civilians,Political militia-Civilians,,434,Northern Africa,Libya,West,Al Jabal Al Gharbi,,Ash Shwayrif,29.9786,14.2601,1,Akhbar Libya,National,"Mass grave: Around 22 March 2024 (as reported), a mass grave with at least 65 bodies of migrants was discovered in Ash Shwayrif (Al Jabal Al Gharbi, West), likely containing bodies of migrants who died while crossing the desert.",0,,1753970978
LBY11631,2024-07-15,2024,2,Strategic developments,Strategic developments,Other,Islamic State Libya Province (ISLP),,Rebel group,Civilians (Libya),,Civilians,Rebel group-Civilians,,434,Northern Africa,Libya,West,Surt,,Sirte,31.2089,16.5887,1,New Arab,Regional,"Mass grave: Around 15 July 2024 (as reported), a government agency discovered a mass grave containing 24 bodies in Sirte (Surt, West), suspected to date from the period when the city was controlled by the Islamic State between mid-2015 and mid-2016.",0,,1764637279
LBY11681,2024-08-03,2024,1,Strategic developments,Strategic developments,Other,Military Forces of Libya (2014-) Libyan National Army (LNA),Civilians (Libya); MF: Movement of Fezzan,State forces,,,,State forces only,,434,Northern Africa,Libya,South,Wadi al Hayat,,El Sharara,26.4316,11.8495,1,Address Libya; Al Wasat (Libya); Jamahiriya News Agency; Libya News Agency; Libya Observer; Libya Security Monitor,New media-National,"Non-violent activity: On 3 August 2024, an unidentified armed group affiliated with Haftar and a group of people ordered the shut-down of the oil field of El Sharara (Wadi al Hayat, South), Libya's largest and partially operated by the Spanish company Repsol. Some media claimed that the closure was ordered by Saddam Haftar, Chief of Staff of the LNA ground forces, in retaliation against Spain after he had been informed days earlier by Italian authorities of a court summons against him issued in Spain. Residents of the Fezzan region, where the oil field is located, also claimed to have mobilized over the lack of investment and development in the area by the GNU and the foreign companies that exploit El Sharara, but no protests took place.",0,,1759192014
LBY11960,2025-01-11,2025,1,Political violence,Battles,Armed clash,Al Silaa Brigade (Libya),,Political militia,Ajaylat Communal Militia (Libya),,Identity militia,Political militia-Identity militia,,434,Northern Africa,Libya,West,An Nuqat al Khams,,Ajaylat,32.7577,12.3772,1,Address Libya; Akhbar Libya; Al Marsad; Al Wasat (Libya); Libya News Agency; Libya Observer; Libya Security Monitor; Libya24; New Arab; UNSC,Other-New media,"On 11 January 2025, overnight, Al Sila Brigade and a communal militia clashed in Ajaylat (An Nuqat al Khams, West). 3 fighters and 4 civilians were killed, and 5 fighters were wounded. The clashes erupted over the control of military sites inside the city and because some of the Sila Brigade members had fled from Zawiya, where the Libyan army launched a military operation on 4 January during which it stormed the local headquarters of the armed group (coded separately).",7,,1764637279
LBY12025,2025-02-09,2025,1,Political violence,Battles,Armed clash,Joint Operations Force (Libya),,Political militia,Police Forces of Libya (2021-) Government of National Unity (GNU) - Criminal Investigations Department,Judicial Police; Radaa: Special Deterrence Forces,State forces,State forces-Political militia,,434,Northern Africa,Libya,West,Misratah,,Zlitan,32.4674,14.5687,1,Address Libya; Akhbar Libya; Al Marsad; UNSC,Other-Subnational,"On 9 February 2025, the Misrata Joint Force took control of the headquarters of the Criminal Investigations Department (CID) in Zlitan (Misratah, West) after clashes with members of the CID-affiliated Special Deterrence Forces (Rada). There were no fatalities. The Misrata Joint Force also arrested dozens of members from Rada and the Judicial Police but released them at the end of the day.",0,,1759192014
LBY11941,2025-01-09,2025,1,Political violence,Violence against civilians,Abduction/forced disappearance,Unidentified Armed Group (Libya),,Political militia,Civilians (Libya),,Civilians,Political militia-Civilians,Civilian targeting,434,Northern Africa,Libya,West,Misratah,,Misratah,32.3754,15.0925,1,Akhbar Libya; UNSC,Other-National,"On 9 January 2025, an unidentified armed group abducted 3 civilians in Misratah (Misratah, West) who had expressed their rejection of unconfirmed GNU plans to normalize relations with Israel. All of them were released on 11 January.",0,,1762291775
LBY11954,2025-01-07,2025,1,Political violence,Violence against civilians,Abduction/forced disappearance,Stability Support Apparatus,,Political militia,Civilians (Libya),,Civilians,Political militia-Civilians,Civilian targeting,434,Northern Africa,Libya,West,Tripoli,,Tripoli - Abu Salim,32.85,13.1667,1,Libya Security Monitor; UNSC,Other-New media,"On 7 January 2025, the Stability Support Apparatus (SSA) abducted an activist critical of the GNU in front of his house and held him in an unofficial detention facility in Tripoli - Abu Salim (Tripoli, West). He was released on 9 January.",0,,1759192014
LBY12459,2025-02-04,2025,1,Strategic developments,Strategic developments,Change to group/activity,Military Forces of Libya (2014-) Libyan National Army (LNA),,State forces,,,,State forces only,,434,Northern Africa,Libya,South,Murzuq,,Qatrun,24.9514,14.6486,2,UNSC,Other,"Movement of forces: On 4 February 2025, the Libyan National Army (LNA) deployed military police forces to the south of the country to take control of military assets belonging to the 128th Battalion. Event coded to Qatrun (Murzuq, South), where the LNA clashed with Tebu armed groups on 12 February (coded separately).",0,,1759192014
LBY12467,2025-01-30,2025,1,Strategic developments,Strategic developments,Change to group/activity,Radaa: Special Deterrence Forces,,Political militia,,,,Political militia only,,434,Northern Africa,Libya,West,Tripoli,,Tripoli - Tripoli,32.8925,13.18,1,UNSC,Other,"Movement of forces: On 30 January 2025, the Misrata branch of the Counter-Terrorism Force deployed forces to Tripoli - Tripoli (Tripoli, West). The movement heightened tensions with other armed groups in the capital.",0,,1759192014
LBY12514,2024-12-03,2024,3,Strategic developments,Strategic developments,Other,Military Forces of Russia (2000-),,External/Other forces,,,,External/Other forces only,,434,Northern Africa,Libya,West,Surt,,Gardabya Air Base,31.0635,16.595,1,Institute for the Study of War; Telegraph,Other-International,"Other: Around 3 December 2024 (as reported), Russian forces fortified, expanded, and renovated the Gardabya Air Base (Surt, West). They upgraded the air base's runways, reinforced its perimeter defenses, built several new structures, and stationed additional vehicles.",0,,1773707930
LBY12515,2024-12-03,2024,3,Strategic developments,Strategic developments,Other,Military Forces of Russia (2000-),,External/Other forces,,,,External/Other forces only,,434,Northern Africa,Libya,South,Wadi ash Shati,,Brak Air Base,27.6558,14.2644,1,Institute for the Study of War; Telegraph,Other-International,"Other: Around 3 December 2024 (as reported), Russian forces upgraded one of the runways of the Brak Air Base (Wadi ash Shati, South). The new runway can accommodate military aircraft.",0,,1773707930
LBY12516,2024-12-03,2024,3,Strategic developments,Strategic developments,Other,Military Forces of Russia (2000-),,External/Other forces,,,,External/Other forces only,,434,Northern Africa,Libya,South,Al Jufrah,,Al Jufrah Air Base,29.1981,16.0011,1,Institute for the Study of War; Telegraph,Other-International,"Other: Around 3 December 2024 (as reported), Russian forces renovated Al Jufrah Air Base (Al Jufrah, South), which is regularly used by Russian military cargo and combat aircraft.",0,,1773707930
LBY12534,2025-01-15,2025,3,Strategic developments,Strategic developments,Headquarters or base established,Rapid Support Forces,,Rebel group,,,,Rebel group only,,434,Northern Africa,Libya,East,Al Kufrah,,Al Kufrah,24.167,23.27,2,Centre for Information Resilience,New media,"Around 15 January 2025 (month of), the Rapid Support Forces of Sudan established a military camp in the desert south of Al Kufrah (Al Kufrah, East). The area is near the border triangle between Libya, Sudan, and Egypt, on a route the RSF has used to smuggle weapons, vehicles, and fuel.",0,,1754354897
LBY12591,2025-01-06,2025,1,Political violence,Explosions/Remote violence,Air/drone strike,Military Forces of Libya (2021-) Government of National Unity (GNU),,State forces,,,,State forces only,,434,Northern Africa,Libya,West,Az Zawiyah,,Al Harsha,32.7667,12.6666,1,Akhbar Libya; GardaWorld; Libya Observer,Other-National,"On 6 January 2025, the West Coast Military Region of the Libyan Army conducted an airstrike against what it claimed to be a site used for oil smuggling on the Bin Youssef Road in Al Harsha (Az Zawiyah, West). The strike took place as part of a military operation in and around the city announced by the Libyan Army on 3 January (coded separately). There were no fatalities.",0,,1759192014
LBY12592,2025-01-04,2025,1,Political violence,Explosions/Remote violence,Air/drone strike,Military Forces of Libya (2021-) Government of National Unity (GNU),,State forces,,,,State forces only,,434,Northern Africa,Libya,West,Az Zawiyah,,Az Zawiyah,32.7571,12.7276,1,Akhbar Libya,National,"On 4 January 2025, the West Coast Military Region of the Libyan Army conducted a drone strike against what it claimed to be a site used for drug trafficking in Az Zawiyah (Az Zawiyah, West). The strike took place as part of a military operation in and around the city announced by the Libyan Army on 3 January (coded separately). There were no fatalities.",0,,1759192014
LBY12593,2025-01-05,2025,1,Political violence,Explosions/Remote violence,Air/drone strike,Military Forces of Libya (2021-) Government of National Unity (GNU),,State forces,,,,State forces only,,434,Northern Africa,Libya,West,Az Zawiyah,,Az Zawiyah,32.7571,12.7276,1,Akhbar Libya; Al Wasat (Libya),National,"On 5 January 2025, the West Coast Military Region of the Libyan Army conducted airstrikes, including one drone strike, against what it claimed to be a site used to sell fuel illegally, including an oil smuggling one in the Asban area, in Az Zawiyah (Az Zawiyah, West). The strike took place as part of a military operation in and around the city announced by the Libyan Army on 3 January (coded separately). There were no casualties.",0,,1759192014
LBY12594,2025-01-09,2025,1,Political violence,Explosions/Remote violence,Air/drone strike,Military Forces of Libya (2021-) Government of National Unity (GNU),,State forces,,,,State forces only,,434,Northern Africa,Libya,West,Az Zawiyah,,Az Zawiyah,32.7571,12.7276,1,Al Wasat (Libya); Libya24,National,"On 9 January 2025, the West Coast Military Region of the Libyan Army conducted an airstrike against what it claimed to be a site used for oil smuggling in Az Zawiyah (Az Zawiyah, West). The strike took place as part of a military operation in and around the city announced by the Libyan Army on 3 January (coded separately). There were no fatalities.",0,,1759192014
LBY12629,2025-04-05,2025,1,Strategic developments,Strategic developments,Change to group/activity,Joint Operations Force (Libya),,Political militia,,,,Political militia only,,434,Northern Africa,Libya,West,Tripoli,,Tripoli - Tripoli,32.8925,13.18,1,UNSC,Other,"Movement of forces: On 5 April 2025, the Misrata Joint Force, allied with GNU Prime Minister Dbeiba, deployed convoys with heavy military equipment to the outskirts of Tripoli - Tripoli (Tripoli, West).",0,,1756770056
LBY12630,2025-04-05,2025,2,Strategic developments,Strategic developments,Change to group/activity,Radaa: Special Deterrence Forces,,Political militia,,,,Political militia only,,434,Northern Africa,Libya,West,Tripoli,,Tripoli - Tripoli,32.8925,13.18,1,UNSC,Other,"Movement of forces: Around 5 April 2025 (as reported), the Special Deterrence Forces (Rada) and the Judicial Police mobilized forces in Tripoli - Tripoli (Tripoli, West) after the rival Misrata Joint Force sent fighters to the city (coded separately).",0,,1759192014
LBY12724,2024-11-25,2024,3,Political violence,Violence against civilians,Abduction/forced disappearance,Unidentified Armed Group (Libya),,Political militia,Civilians (Libya),,Civilians,Political militia-Civilians,Civilian targeting,434,Northern Africa,Libya,West,Tripoli,,Tripoli - Al Swani,32.7219,13.1131,3,Address Libya; Al Marsad,Subnational-National,"Around 25 November 2024 (as reported), an unidentified armed group abducted a civilian. Event coded to Tripoli - Al Swani (Tripoli, West), where his body was found dead around 25 September 2025 with gunshot wounds and unspecified signs of torture (coded separately).",0,,1759192014
LBY12829,2024-12-30,2024,1,Strategic developments,Strategic developments,Looting/property destruction,Military Forces of Libya (2014-) Libyan National Army (LNA),,State forces,Civilians (Libya),,Civilians,State forces-Civilians,,434,Northern Africa,Libya,South,Murzuq,,Wadi Utbah,26.0,13.5,1,Akhbar Libya,National,"Looting: On 30 December 2024, military forces of the 101st Infantry looted belongings and damaged property from civilian homes in the Taqrudeen area of Wadi Atba, also known as Wadi Utbah (Murzuq, South).",0,,1762829554
LBY13136,2024-02-15,2024,3,Strategic developments,Strategic developments,Arrests,Military Forces of Libya (2014-) Libyan National Army (LNA),,State forces,Civilians (Libya),Military Forces of Libya (2014-) Libyan National Army (LNA),Civilians,State forces-Civilians,,434,Northern Africa,Libya,East,Al Jabal Al Akhdar,,Al Baydah,32.7627,21.7551,1,Libya Security Monitor,New media,"Around 15 February 2024 (month of), suspected members of the military intelligence of eastern Libya arrested an army colonel in front of his house in Al Baydah (Al Jabal Al Akhdar, East) for unspecified reasons. He contacted his family and told them that he had been transferred to the military intelligence headquarters in Benghazi, but communication with him was then cut off. The National Institution for Human Rights in Libya (NIHRL) stated that a source had later informed the colonel's family that he remained in the military prison of Qarnada.",0,,1773699504
LBY13143,2024-10-21,2024,1,Political violence,Violence against civilians,Attack,55th Brigade (Libya),,Political militia,Civilians (Libya),,Civilians,Political militia-Civilians,Civilian targeting,434,Northern Africa,Libya,West,Al Jafarah,,Al Mayah,32.8019,12.8792,1,Akhbar Libya; Libya24,National,"On 21 October 2024, members of the 55th Brigade 'tortured' 1 civilian to death (by unspecified means) in an unofficial detention center in Al Mayah (Al Jafarah, West). The group had previously taken the civilian from his residence. The National Institution for Human Rights in Libya (NIHRL) stated that the victim's family faced direct threats following his death and were forced to flee the Warshafana region. The 55th Brigade denied that the civilian was tortured and claimed that he was killed while attempting to attack a military position, but the NIHRL rejected their version of events.",1,,1774308342
LBY13144,2024-10-28,2024,1,Political violence,Violence against civilians,Attack,55th Brigade (Libya),,Political militia,Civilians (Libya),,Civilians,Political militia-Civilians,Civilian targeting,434,Northern Africa,Libya,West,Al Jafarah,,Az Zahra,32.6789,12.8733,1,Akhbar Libya; Libya24,National,"On 28 October 2024, members of the 55th Brigade 'tortured' a civilian to death (by unspecified means) in an unofficial detention center in Az Zahra (Al Jafarah, West). The group had previously taken the civilian from a public cafe. The National Institution for Human Rights in Libya (NIHRL) stated that the victim's family faced direct threats following his death and were forced to flee the Warshafana region. The 55th Brigade denied that the civilian was tortured and claimed that he was killed while attempting to attack a military position, but the NIHRL rejected their version of events.",1,,1774308342
