event_id_cnty,event_date,year,time_precision,disorder_type,event_type,sub_event_type,actor1,assoc_actor_1,inter1,actor2,assoc_actor_2,inter2,interaction,civilian_targeting,iso,region,country,admin1,admin2,admin3,location,latitude,longitude,geo_precision,source,source_scale,notes,fatalities,tags,timestamp
JOR2572,2024-01-02,2024,1,Demonstrations,Protests,Peaceful protest,Protesters (Jordan),,Protesters,,,,Protesters only,,400,Middle East,Jordan,Irbid,Qasabat Irbid,,Irbid,32.5556,35.85,1,Jo 24,National,"On 2 January 2024, protesters took to the streets outside Nouh mosque in Irbid (Qasabat Irbid) to demonstrate, in support of the Palestinian resistance, and people in Gaza and the West Bank, and to denounce Israeli aggression towards them. The protesters also condemned Israel's killing of Hamas' deputy chairman of the political bureau, in Beirut.",0,crowd size=no report,1704756263
JOR2575,2024-01-05,2024,1,Demonstrations,Protests,Peaceful protest,Protesters (Jordan),,Protesters,,,,Protesters only,,400,Middle East,Jordan,Al Aqabah,Qasabat al Aqaba,,Aqaba,29.5267,35.0078,1,Jo 24,National,"On 5 January 2024, protesters took to the streets of Aqaba city (Qasabat al Aqabah) to demonstrate. Nationwide demonstrations erupted in support of the Palestinian resistance, and the people in Gaza and the West Bank, and to denounce Israeli aggression towards them.",0,crowd size=no report,1704756263
JOR2577,2024-01-05,2024,1,Demonstrations,Protests,Peaceful protest,Protesters (Jordan),,Protesters,,,,Protesters only,,400,Middle East,Jordan,Irbid,Qasabat Irbid,,Irbid,32.5556,35.85,1,Al Ghad (Jordan),National,"On 5 January 2024, protesters took to the streets outside Al Hashimi Mosque in Irbid (Qasabat Irbid) to demonstrate. Nationwide demonstrations erupted in support of the Palestinian resistance, and the people in Gaza and the West Bank, and to denounce Israeli aggression towards them.",0,crowd size=no report,1704756263
JOR2578,2024-01-05,2024,1,Demonstrations,Protests,Peaceful protest,Protesters (Jordan),,Protesters,,,,Protesters only,,400,Middle East,Jordan,Jerash,Qasabat Jerash,,Jarash,32.2808,35.8993,1,Saraya,National,"On 5 January 2024, protesters took to the streets Jarash (Qasabat Jerash) to demonstrate. Nationwide demonstrations erupted in support of the Palestinian resistance, and the people in Gaza and the West Bank, and to denounce Israeli aggression towards them.",0,crowd size=no report,1704756263
JOR2579,2024-01-05,2024,1,Demonstrations,Protests,Peaceful protest,Protesters (Jordan),,Protesters,,,,Protesters only,,400,Middle East,Jordan,Maan,Qasabat Maan,,Maan,30.1962,35.7341,1,Jordan News Agency,National,"On 5 January 2024, protesters took to the streets outside the Sharif Husayn Bin Ali Mosque in Maan (Qasabat Maan) to demonstrate. Nationwide demonstrations erupted in support of the Palestinian resistance, and the people in Gaza and the West Bank, and to denounce Israeli aggression towards them.",0,crowd size=no report,1704756263
JOR2631,2024-01-10,2024,1,Demonstrations,Protests,Peaceful protest,Protesters (Jordan),,Protesters,,,,Protesters only,,400,Middle East,Jordan,Az Zarqa,Az Zarqa,,Al Zarqa al Jadida,32.0915,36.1048,1,Jordan News Agency,National,"On 10 January 2024, protesters took to the streets of Al Zarqa Al Jadida (Az Zarqa) to demonstrate, in support of the Palestinian people in Gaza and the West bank, and to denounce Israeli aggression towards them.",0,crowd size=no report,1705371878
JOR2632,2024-01-10,2024,1,Demonstrations,Protests,Peaceful protest,Protesters (Jordan),,Protesters,,,,Protesters only,,400,Middle East,Jordan,Irbid,Qasabat Irbid,,Irbid,32.5556,35.85,1,Jordan News Agency,National,"On 10 January 2024, protesters took to the streets of Irbid (Qasabat Irbid) to demonstrate, in support of the Palestinian people in Gaza and the West bank, and to denounce Israeli aggression towards them.",0,crowd size=no report,1705371878
JOR2634,2024-01-12,2024,1,Demonstrations,Protests,Peaceful protest,Protesters (Jordan),,Protesters,,,,Protesters only,,400,Middle East,Jordan,Al Aqabah,Qasabat al Aqaba,,Aqaba,29.5267,35.0078,1,Jo 24,National,"On 12 January 2024, hundreds of protesters took to the streets of Aqaba (Qasabat al Aqabah) to demonstrate. Nationwide demonstrations erupted in support of the Palestinian people in Gaza and the West Bank, and to denounce Israeli aggression towards them.",0,crowd size=hundreds,1705371878
JOR2639,2024-01-12,2024,1,Demonstrations,Protests,Peaceful protest,Protesters (Jordan),,Protesters,,,,Protesters only,,400,Middle East,Jordan,Irbid,Qasabat Irbid,,Irbid,32.5556,35.85,1,Jo 24,National,"On 12 January 2024, hundreds of protesters took to the streets outside Al Hashimi Mosque and marched towards the main square in Irbid (Qasabat Irbid) to demonstrate. Nationwide demonstrations erupted in support of the Palestinian people in Gaza and the West Bank, and to denounce Israeli aggression towards them.",0,crowd size=hundreds,1705371878
JOR2640,2024-01-12,2024,1,Demonstrations,Protests,Peaceful protest,Protesters (Jordan),,Protesters,,,,Protesters only,,400,Middle East,Jordan,Maan,Qasabat Maan,,Maan,30.1962,35.7341,1,Al Ghad (Jordan),National,"On 12 January 2024, protesters took to the streets outside the Grand Mosque in Maan (Qasabat Maan) to demonstrate. Nationwide demonstrations erupted in support of the Palestinian people in Gaza and the West Bank, and to denounce Israeli aggression towards them.",0,crowd size=no report,1705371878
JOR2641,2024-01-12,2024,1,Demonstrations,Protests,Peaceful protest,Protesters (Palestine),Refugees/IDPs (Palestine),Protesters,,,,Protesters only,,400,Middle East,Jordan,Madaba,Qasabat Madaba,,Madaba,31.716,35.7939,1,Al Ghad (Jordan),National,"On 12 January 2024, Palestinian refugee protesters took to the streets of Madaba refugee camp towards its main square (Qasabat Madaba) to demonstrate. Nationwide demonstrations erupted in support of the Palestinian people in Gaza and the West Bank, and to denounce Israeli aggression towards them.",0,crowd size=no report,1705371878
JOR2643,2024-01-15,2024,1,Demonstrations,Protests,Peaceful protest,Protesters (Jordan),Protesters (Palestine); Refugees/IDPs (Palestine),Protesters,,,,Protesters only,,400,Middle East,Jordan,Irbid,Qasabat Irbid,,Al 'Awda,32.5633,35.8499,1,Jordan News Agency,National,"On 15 January 2024, protesters including Palestinian refugees took to the streets of Al 'Awda refugee camp (Qasabat Irbid) to demonstrate, in support of the Palestinian resistance, and people in Gaza and the West Bank, and to denounce Israeli aggression towards them.",0,crowd size=no report,1705978256
JOR2644,2024-01-19,2024,1,Demonstrations,Protests,Peaceful protest,Protesters (Palestine),Refugees/IDPs (Palestine),Protesters,,,,Protesters only,,400,Middle East,Jordan,Madaba,Qasabat Madaba,,Madaba,31.716,35.7939,1,Al Ghad (Jordan),National,"On 19 January 2024, Palestinian refugees took to the streets of Madaba refugee camp (Qasabat Madaba) to demonstrate. Nationwide demonstrations erupted in support of the Palestinian resistance, and people in Gaza and the West Bank, and to denounce Israeli aggression towards them.",0,crowd size=no report,1705978256
JOR2646,2024-01-16,2024,1,Demonstrations,Protests,Peaceful protest,Protesters (Jordan),,Protesters,,,,Protesters only,,400,Middle East,Jordan,Irbid,Qasabat Irbid,,Irbid,32.5556,35.85,1,Jo 24,National,"On 16 January 2024, protesters took to the streets outside 'Nouh' Mosque in Irbid (Qasabat Irbid) to demonstrate, in support of the Palestinian resistance, and people in Gaza and the West Bank, and to denounce Israeli aggression towards them.",0,crowd size=no report,1705978256
JOR2650,2024-01-19,2024,1,Demonstrations,Protests,Peaceful protest,Protesters (Jordan),,Protesters,,,,Protesters only,,400,Middle East,Jordan,Al Aqabah,Qasabat al Aqaba,,Aqaba,29.5267,35.0078,1,Jo 24,National,"On 19 January 2024, hundreds of protesters took to the streets of Aqaba (Qasabat al Aqabah) to demonstrate. Nationwide demonstrations erupted in support of the Palestinian resistance, and people in Gaza and the West Bank, and to denounce Israeli aggression towards them.",0,crowd size=hundreds,1705978256
JOR2651,2024-01-19,2024,1,Demonstrations,Protests,Peaceful protest,Protesters (Jordan),,Protesters,,,,Protesters only,,400,Middle East,Jordan,Irbid,Qasabat Irbid,,Irbid,32.5556,35.85,1,Jo 24,National,"On 19 January 2024, hundreds of protesters took to the streets outside 'Al Hashmi' Mosque in Irbid (Qasabat Irbid) to demonstrate. Nationwide demonstrations erupted in support of the Palestinian resistance, and people in Gaza and the West Bank, and to denounce Israeli aggression towards them.",0,crowd size=hundreds,1705978256
JOR2654,2024-01-19,2024,1,Demonstrations,Protests,Peaceful protest,Protesters (Jordan),,Protesters,,,,Protesters only,,400,Middle East,Jordan,Ajlun,Qasabat Ajlun,,Kufrinjah,32.2976,35.7021,1,Jordan News Agency,National,"On 19 January 2024, hundreds of protesters took to the streets outside the 'Rajeb' mosque in Kufrinjah (Qasabat Ajlun) to demonstrate. Nationwide demonstrations erupted in support of the Palestinian resistance, and people in Gaza and the West Bank, and to denounce Israeli aggression towards them.",0,crowd size=no report,1705978256
JOR2655,2024-01-19,2024,1,Demonstrations,Protests,Peaceful protest,Protesters (Jordan),,Protesters,,,,Protesters only,,400,Middle East,Jordan,Maan,Qasabat Maan,,Maan,30.1962,35.7341,1,Jordan News Agency,National,"On 19 January 2024, hundreds of protesters took to the streets outside 'Ash Sharif Husayn Bin Ali' mosque in Maan (Qasabat Maan) to demonstrate. Nationwide demonstrations erupted in support of the Palestinian resistance, and people in Gaza and the West Bank, and to denounce Israeli aggression towards them.",0,crowd size=no report,1705978256
JOR2659,2024-01-26,2024,1,Demonstrations,Protests,Peaceful protest,Protesters (Jordan),,Protesters,,,,Protesters only,,400,Middle East,Jordan,Irbid,Qasabat Irbid,,Irbid,32.5556,35.85,1,Jo 24; Jordan News Agency; Saraya,National,"On 26 January 2024, hundreds of protesters took to the streets after Friday prayer at the Hashimi Mosque in Irbid (Irbid, Qasabat Irbid) in support of Gaza and the Palestinian people.",0,crowd size=hundreds,1706579764
JOR2660,2024-01-26,2024,1,Demonstrations,Protests,Peaceful protest,Protesters (Jordan),,Protesters,,,,Protesters only,,400,Middle East,Jordan,Al Aqabah,Qasabat al Aqaba,,Aqaba,29.5267,35.0078,1,Jo 24; Jordan News Agency; Saraya,National,"On 26 January 2024, dozens of protesters took to the streets after Friday prayer at the Hussein Bin Ali Mosque in Aqaba (Al Aqaba, Qasabat Al Aqaba) in support of Gaza and the Palestinian people.",0,crowd size=dozens,1706579764
JOR2663,2024-01-31,2024,1,Demonstrations,Protests,Peaceful protest,Protesters (Jordan),,Protesters,,,,Protesters only,,400,Middle East,Jordan,Amman,Wadi as Sir,,Wadi As Sir,31.9545,35.8183,1,Jo 24,National,"On 31 January 2024, dozens of protesters took to the streets in Wadi as Sir (Amman, Wadi as Sir) to protest against the cut in funding for the United Nations Relief and Works Agency (UNRWA) by Western countries.",0,crowd size=dozens,1707185510
JOR2665,2024-02-02,2024,1,Demonstrations,Protests,Peaceful protest,Protesters (Jordan),,Protesters,,,,Protesters only,,400,Middle East,Jordan,Al Aqabah,Qasabat al Aqaba,,Aqaba,29.5267,35.0078,1,Jo 24,National,"On 2 February 2024, demonstrators took to the streets after Friday prayer Aqaba (Al Aqabah, Qasabat al Aqaba) to protest against Western countries' funding cut for the United Nations Relief and Works Agency.",0,crowd size=no report,1707185510
JOR2666,2024-02-02,2024,1,Demonstrations,Protests,Peaceful protest,Protesters (Jordan),,Protesters,,,,Protesters only,,400,Middle East,Jordan,Amman,Wadi as Sir,,Al Bayader,31.9416,35.7828,1,Jo 24,National,"On 2 February 2024, a group of demonstrators protested at the United Nationa Relief and Works Agency headquarters in Al Bayader (Amman, Wadi as Sir). The demonstration was against the cut in funding for the UNRWA agency.",0,crowd size=no report,1707185510
JOR2672,2024-02-14,2024,1,Demonstrations,Protests,Peaceful protest,Protesters (Jordan),,Protesters,,,,Protesters only,,400,Middle East,Jordan,Irbid,Bani Obeid,,Al Nuayyimah,32.4191,35.9151,1,Amman Net; Jo 24,National,"On 14 February 2024, activists gathered and created a human chain on the Al Nuayyimah bridge in Al Nuayyimah (Beni Obeid, Irbid). The protest was against the government's continuous export of products to Israel amid the ongoing Israeli-Gaza war. They called on halting all exports to Israel.",0,crowd size=no report,1708383844
JOR2673,2024-02-16,2024,1,Demonstrations,Protests,Peaceful protest,Protesters (Jordan),IMJ: Islamic Movement in Jordan,Protesters,,,,Protesters only,,400,Middle East,Jordan,Az Zarqa,Ar Russeifa,,Ar Rusayfah,32.0173,36.0327,1,Jo 24,National,"On 16 February 2024, hundreds of people participated in a march called for by the Islamic Movement in Ar Rusayfah (Ar Russeifa, Az Zarqa). The march was held in solidarity with the people in the Gaza Strip. The participants denounced the government's permission for the passage of the land bridge extending from Gulf countries.",0,crowd size=hundreds,1708383844
JOR2675,2024-02-16,2024,1,Demonstrations,Protests,Peaceful protest,Protesters (Jordan),NFSRPN: National Forum for Supporting Resistance and Protecting the Nation,Protesters,,,,Protesters only,,400,Middle East,Jordan,Amman,Wadi as Sir,,Marj al Hamam,31.95,35.8166,1,Jo 24; Roya News,National,"On 16 February 2024, thousands of people marched in Marj Al Hamam (Wadi as Sir, Amman) to demand the government cancel the Araba Valley and gas agreements with Israel, and to stop all forms of normalization. They also rallied in support of Gaza and Palestine. The National Forum for Supporting Resistance and Protecting the Nation called for the protest.",0,crowd size=thousands,1708383844
JOR2677,2024-02-16,2024,1,Demonstrations,Protests,Peaceful protest,Protesters (Jordan),NFSRPN: National Forum for Supporting Resistance and Protecting the Nation,Protesters,,,,Protesters only,,400,Middle East,Jordan,Irbid,Qasabat Irbid,,Irbid,32.5556,35.85,1,Jo 24; Saraya,National,"On 16 February 2024, hundreds of people participated in a protest in front of Al Hashimi Mosque in Irbid (Qasabat Irbid, Irbid). The protest was against Israel's continuous bombardment of Gaza and the suffering of Palestinians.",0,crowd size=hundreds,1708383844
JOR2679,2024-02-23,2024,1,Demonstrations,Protests,Peaceful protest,Protesters (Jordan),NFSRPN: National Forum for Supporting Resistance and Protecting the Nation,Protesters,,,,Protesters only,,400,Middle East,Jordan,Irbid,Al Mazar Shamali,,Al Mazar ash Shamali,32.4723,35.7987,1,Jo 24; Saraya,National,"On 23 February 2024, thousands of protesters, including the NFSRPN, took to the streets after Friday prayers in front of Al Hashimi Mosque in Al Mazar ash Shamali (Al Mazar Shamali, Irbid) in support of the Palestinian people and Gaza. They called on the government to suspend all relations with Israel. They also called on the government to stop all food exports to Israel.",0,crowd size=thousands,1708988314
JOR2680,2024-02-23,2024,1,Demonstrations,Protests,Peaceful protest,Protesters (Jordan),,Protesters,,,,Protesters only,,400,Middle East,Jordan,Al Karak,Al Qasr,,Al Qasr,31.3141,35.7439,1,Jo 24; Saraya,National,"On 23 February 2024, protesters took to the streets after Friday prayers in front of the Rabba Grand Mosque in Al Qasr (Al Qasr, Al Karak) in support of the Palestinian people and Gaza. They called on the Jordanian government to stop food exports to Israel.",0,crowd size=no report,1708988314
JOR2682,2024-02-23,2024,1,Demonstrations,Protests,Peaceful protest,Protesters (Jordan),,Protesters,,,,Protesters only,,400,Middle East,Jordan,Al Aqabah,Qasabat al Aqaba,,Aqaba,29.5267,35.0078,2,Jo 24; Saraya,National,"On 23 February 2024, protesters took to the streets after Friday prayers near Aqaba (Qasabat Al Aqaba, Al Aqabah) in support of the Palestinian people and Gaza. They called on the Jordanian government to stop food exports to Israel.",0,crowd size=no report,1708988314
JOR2687,2024-03-01,2024,1,Demonstrations,Protests,Peaceful protest,Protesters (Jordan),,Protesters,,,,Protesters only,,400,Middle East,Jordan,Ajlun,Qasabat Ajlun,,Ajlun,32.3333,35.7528,1,Jo 24,National,"On 1 March 2024, dozens of protesters took to the streets after Friday prayers in Ajlun (Qasabat Ajlun, Ajlun) to protest against the ongoing Israeli bombardment of Gaza. Protesters demanded that the government sever all relations and cancel all agreements with Israel including the Wadi Araba and gas agreements.",0,crowd size=dozens,1709590327
JOR2688,2024-03-01,2024,1,Demonstrations,Protests,Peaceful protest,Protesters (Jordan),Muslim Brotherhood (Jordan),Protesters,,,,Protesters only,,400,Middle East,Jordan,Al Aqabah,Qasabat al Aqaba,,Aqaba,29.5267,35.0078,1,Jo 24,National,"On 1 March 2024, two protest rallies comprising hundreds of protesters took place in Aqaba (Qasabat al Aqaba, Al Aqabah) against the export of goods to Israel. The rallies were also held to show support for Gaza and the Palestinian people. Protesters condemned the ongoing Israeli bombardment of Gaza. They also called on the government to sever all relations with Israel. One of the rallies was called by the Muslim Brotherhood. Both rallies took place after Friday prayers.",0,crowd size=hundreds,1709590327
JOR2689,2024-03-01,2024,1,Demonstrations,Protests,Peaceful protest,Protesters (Jordan),The Coordinating Committee for Supporting and Advocating for Gaza - Al Mafraq,Protesters,,,,Protesters only,,400,Middle East,Jordan,Al Mafraq,Qasabat al Mafraq,,Mafraq,32.3429,36.208,1,Amman Net; Jo 24; Saraya,National,"On 1 March 2024, several protesters took to the streets after Friday prayers in front of Al Kabir mosque in Mafraq (Qasabat Al Mafraq, Al Mafraq) to demand the halt in exports of food and other products to Israel. Protesters demanded that the government sever all relations and cancel all agreements with Israel including the Wadi Araba and gas agreements. The protest was called by the Coordinating Committee for Supporting and Advocating for Gaza in Al Mafraq governorate.",0,crowd size=no report,1709590327
JOR2695,2024-03-06,2024,1,Demonstrations,Protests,Peaceful protest,Protesters (Jordan),Jordan BDS Youth,Protesters,,,,Protesters only,,400,Middle East,Jordan,Irbid,Qasabat Irbid,,Irbid,32.5556,35.85,2,Jo 24,National,"On 6 March 2024, dozens of activists, including from Jordan BDS Youth, participated in a human chain to protest against goods exports to Israel in the vicinity of Irbid city (Qasabat Irbid, Irbid). The protesters also rallied in support of the Palestinian people and Gaza as well as against Israel.",0,crowd size=dozens,1710202795
JOR2696,2024-03-08,2024,1,Demonstrations,Protests,Peaceful protest,Protesters (Jordan),,Protesters,,,,Protesters only,,400,Middle East,Jordan,Ajlun,Qasabat Ajlun,,Ajlun,32.3333,35.7528,2,Jo 24; Roya News,National,"On 8 March 2024, protesters rallied near Ajlun (Qasabat Ajlun, Ajlun) against the government's policy of continuing goods exports to Israel. They rallied in support of Gaza and the Palestinian people as well as against Israel.",0,crowd size=no report,1710202795
JOR2698,2024-03-08,2024,1,Demonstrations,Protests,Peaceful protest,Protesters (Jordan),Muslim Brotherhood (Jordan),Protesters,,,,Protesters only,,400,Middle East,Jordan,Al Aqabah,Qasabat al Aqaba,,Aqaba,29.5267,35.0078,1,Jo 24; Roya News,National,"On 8 March 2024, dozens of protesters joined a rally in Aqaba (Qasabat al Aqaba, Al Aqabah) against the government's policy of continuing goods exports to Israel. They rallied in support of Gaza and the Palestinian people as well as against Israel. The Muslim Brotherhood joined the rally.",0,crowd size=dozens,1710202795
JOR2699,2024-03-08,2024,1,Demonstrations,Protests,Peaceful protest,Protesters (Jordan),NFSRPN: National Forum for Supporting Resistance and Protecting the Nation,Protesters,,,,Protesters only,,400,Middle East,Jordan,Irbid,Bani Obeid,,Aydun,32.5237,35.8569,1,Jo 24; Roya News,National,"On 8 March 2024, hundreds of protesters joined a rally in Aydun (Bani Obeid, Irbid) against the government's policy of continuing goods exports to Israel. They rallied in support of Gaza and the Palestinian people as well as against Israel. The NFSRPN called for the rally.",0,crowd size=hundreds,1710202795
JOR2576,2024-01-05,2024,1,Demonstrations,Protests,Peaceful protest,Protesters (Jordan),,Protesters,,,,Protesters only,,400,Middle East,Jordan,At Tafilah,At Tafilah,,At Tafilah,30.8375,35.6044,1,Jordan News Agency,National,"On 5 January 2024, protesters took to the streets outside the Grand Mosque in At Tafilah (At Tafilah) to demonstrate. Nationwide demonstrations erupted in support of the Palestinian resistance, and the people in Gaza and the West Bank, and to denounce Israeli aggression towards them.",0,crowd size=no report,1710803235
JOR2638,2024-01-12,2024,1,Demonstrations,Protests,Peaceful protest,Protesters (Jordan),,Protesters,,,,Protesters only,,400,Middle East,Jordan,At Tafilah,At Tafilah,,At Tafilah,30.8375,35.6044,1,Jordan News Agency,National,"On 12 January 2024, protesters took to the streets outside the Grand Mosque in At Tafilah (At Tafilah) to demonstrate. Nationwide demonstrations erupted in support of the Palestinian people in Gaza and the West Bank, and to denounce Israeli aggression towards them.",0,crowd size=no report,1710803235
JOR2653,2024-01-19,2024,1,Demonstrations,Protests,Peaceful protest,Protesters (Jordan),,Protesters,,,,Protesters only,,400,Middle East,Jordan,At Tafilah,At Tafilah,,At Tafilah,30.8375,35.6044,1,Jordan News Agency,National,"On 19 January 2024, hundreds of protesters took to the streets outside the Grand Mosque in At Tafilah (At Tafilah) to demonstrate. Nationwide demonstrations erupted in support of the Palestinian resistance, and people in Gaza and the West Bank, and to denounce Israeli aggression towards them.",0,crowd size=hundreds,1710803235
JOR2691,2024-03-01,2024,1,Demonstrations,Protests,Peaceful protest,Protesters (Jordan),,Protesters,,,,Protesters only,,400,Middle East,Jordan,At Tafilah,At Tafilah,,At Tafilah,30.8375,35.6044,1,Jo 24; Saraya,National,"On 1 March 2024, dozens of protesters took to the streets after Friday prayers in At Tafilah (At Tafilah, At Tafilah) to protest against goods exports from Gulf countries to Israel via Jordan. Protesters demanded that the government sever all relations and cancel all agreements with Israel including the Wadi Araba and gas agreements.",0,crowd size=dozens,1710803235
JOR2701,2024-03-10,2024,1,Demonstrations,Protests,Peaceful protest,Protesters (Jordan),Labor Group (Jordan),Protesters,,,,Protesters only,,400,Middle East,Jordan,Irbid,Qasabat Irbid,,Irbid,32.5556,35.85,1,Jo 24,National,"On 10 March 2024, Irbid municipality employees held a sit-in in front of Irbid municipality in Irbid (Qasabat Irbid, Irbid) to protest against penalties imposed by the municipality on a number of employees.",0,crowd size=no report,1710803235
JOR2702,2024-03-12,2024,1,Strategic developments,Strategic developments,Disrupted weapons use,Military Forces of Jordan (1999-),Police Forces of Jordan (1999-),State forces,Unidentified Armed Group (Jordan),,Political militia,State forces-Political militia,,400,Middle East,Jordan,Irbid,Qasabat Irbid,,Irbid,32.5556,35.85,3,Jo 24; Jordan News Agency; Saraya,National,"Defusal: On 12 March 2024, the Jordanian army, along with security forces, confiscated an unknown drone somewhere in the Irbid governorate (Irbid). This came after residents called in security due to an explosion in the governorate.",0,,1710803235
JOR2705,2024-03-15,2024,1,Demonstrations,Protests,Peaceful protest,Protesters (Jordan),Muslim Brotherhood (Jordan),Protesters,,,,Protesters only,,400,Middle East,Jordan,Az Zarqa,Az Zarqa,,Zarqa,32.0728,36.088,1,Jo 24; Roya News,National,"On 15 March 2024, hundreds of people participated in protest that was called by the Muslim Brotherhood in Zarqa (Az Zarqa, Az Zarqa). The protest was in support of the Palestinian resistance, Gaza and the Palestinian people. They condemned the actions of the Israeli military in Gaza.",0,crowd size=hundreds,1710803235
JOR2707,2024-03-15,2024,1,Demonstrations,Protests,Peaceful protest,Protesters (Jordan),NFSRPN: National Forum for Supporting Resistance and Protecting the Nation,Protesters,,,,Protesters only,,400,Middle East,Jordan,Irbid,Al Mazar Shamali,,Al Mazar ash Shamali,32.4723,35.7987,1,Jo 24; Roya News; Saraya,National,"On 15 March 2024, hundreds of Jordanian citizens took to the streets in front of the Hashemite Mosque in Al Mazar ash Shamali (Al Mazar Shamali, Irbid) in support of Gaza and the Palestinian people and against Israel. The NFSRPN called for the rally.",0,crowd size=hundreds,1710803235
JOR2708,2024-03-15,2024,1,Demonstrations,Protests,Peaceful protest,Protesters (Jordan),,Protesters,,,,Protesters only,,400,Middle East,Jordan,Al Aqabah,Qasabat al Aqaba,,Aqaba,29.5267,35.0078,1,Jo 24,National,"On 15 March 2024, hundreds of residents took to the streets after night prayers in the city center in Aqaba (Qasabat al Aqaba, Al Aqabah) to protest against Israel and in support of Gaza and the Palestinian people. They called on the Jordanian government to suspend all goods exports to Israel. They also rallied in support of the Hamas movement.",0,crowd size=hundreds,1710803235
JOR2711,2024-03-22,2024,1,Demonstrations,Protests,Peaceful protest,Protesters (Jordan),,Protesters,,,,Protesters only,,400,Middle East,Jordan,At Tafilah,At Tafilah,,At Tafilah,30.8375,35.6044,1,Jo 24; Saraya,National,"On 22 March 2024, dozens of Jordanians took to the streets in front of the Big Mosque in At-Tafilah (At Tafilah, At Tafilah) to protest Israeli bombardment of Gaza. They also rallied in support of Gaza and the Palestinian people.",0,crowd size=dozens,1711409515
JOR2712,2024-03-22,2024,1,Demonstrations,Protests,Peaceful protest,Protesters (Jordan),,Protesters,,,,Protesters only,,400,Middle East,Jordan,Az Zarqa,Az Zarqa,,Zarqa,32.0728,36.088,1,Jo 24; Saraya,National,"On 22 March 2024, hundreds of Jordanian citizens took to the streets in front of Omar Bin Al Khattab Mosque in Zarqa (Az Zarqa, Az Zarqa) to protest the continuous Israeli bombardment of Gaza. They also rallied in support of Gaza and the Palestinian people.",0,crowd size=hundreds,1711409515
JOR2715,2024-03-22,2024,1,Demonstrations,Protests,Peaceful protest,Protesters (Jordan),,Protesters,,,,Protesters only,,400,Middle East,Jordan,Irbid,Qasabat Irbid,,Irbid,32.5556,35.85,1,Jo 24; Saraya,National,"On 22 March 2024, hundreds of Jordanian citizens took to the streets in Irbid (Qasabat Irbid, Irbid) to protest Israeli bombardment of Gaza. They also rallied in support of Gaza and the Palestinian people.",0,crowd size=hundreds,1711409515
JOR2719,2024-03-29,2024,1,Demonstrations,Protests,Peaceful protest,Protesters (Jordan),,Protesters,,,,Protesters only,,400,Middle East,Jordan,Al Aqabah,Qasabat al Aqaba,,Aqaba,29.5267,35.0078,2,Jo 24; Saraya,National,"On 29 March 2024, hundreds of Jordanians took to the streets somewhere in Al Aqabah governorate (Aqaba) to protest against Israel and in support of Gaza and the Palestinian people. They called on the Jordanian government to suspend goods exports to Israel from Gulf countries via Jordanian territory. They also rallied in support of Hamas and the Palestinian resistance.",0,crowd size=hundreds,1712100225
JOR2720,2024-03-26,2024,1,Demonstrations,Protests,Peaceful protest,Protesters (Jordan),,Protesters,,,,Protesters only,,400,Middle East,Jordan,Az Zarqa,Ar Russeifa,,Ar Rusayfah,32.0173,36.0327,1,Jo 24,National,"On 26 March 2024, hundreds of Jordanians participated in a protest march in Ar Rusayfah (Ar Russeifa, Az Zarqa) against continuous Israeli bombardment of Gaza. They also rallied in support of Gaza and the Palestinian people.",0,crowd size=hundreds,1712100225
JOR2721,2024-03-26,2024,1,Demonstrations,Protests,Peaceful protest,Protesters (Jordan),,Protesters,,,,Protesters only,,400,Middle East,Jordan,Irbid,Qasabat Irbid,,Irbid,32.5556,35.85,1,Jo 24,National,"On 26 March 2024, hundreds of Jordanians participated in a protest march in the Turkmen neighborhood in Irbid (Qasabat Irbid, Irbid) against continuous Israeli bombardment of Gaza. They also rallied in support of Gaza and the Palestinian people.",0,crowd size=hundreds,1712100225
JOR2722,2024-03-29,2024,1,Demonstrations,Protests,Peaceful protest,Protesters (Jordan),NFSRPN: National Forum for Supporting Resistance and Protecting the Nation,Protesters,,,,Protesters only,,400,Middle East,Jordan,Irbid,Qasabat Irbid,,Irbid,32.5556,35.85,1,Jo 24,National,"On 29 March 2024, hundreds of Jordanians took to the streets after Friday prayers in Irbid (Qasabat Irbid, Irbid) to protest against the continuous Israeli bombardment of Gaza. They also rallied in support of Gaza and the Palestinian people. The NFSRPN called for the protest.",0,crowd size=hundreds,1712100225
JOR2731,2024-03-27,2024,1,Demonstrations,Protests,Peaceful protest,Protesters (Jordan),Jordan Social Democratic Party,Protesters,,,,Protesters only,,400,Middle East,Jordan,Az Zarqa,Az Zarqa,,Zarqa,32.0728,36.088,1,Jordan News Agency; Saraya,National,"On 27 March 2024, the Social Democratic Party held a protest in front of Meedan Al Jaysh in Zarqa (Az Zarqa, Az Zarqa) in support of Gaza and the Palestinian people. They rallied against the continuous Israeli bombardment of Gaza. They called for the establishment of a Palestinian state with 1967 borders.",0,crowd size=no report,1712100225
JOR2732,2024-03-29,2024,1,Demonstrations,Protests,Peaceful protest,Protesters (Jordan),IMJ: Islamic Movement in Jordan,Protesters,,,,Protesters only,,400,Middle East,Jordan,Az Zarqa,Az Zarqa,,Zarqa,32.0728,36.088,1,Jo 24; Saraya,National,"On 29 March 2024, hundreds of Jordanians took to the streets in front of Omar Bin Al Khattab Mosque in Zarqa (Az Zarqa, Az Zarqa) to protest against the continuous Israeli bombardment of Gaza. They also rallied in support of Gaza, Hamas, and the Palestinian people. The IMJ called for the protest.",0,crowd size=hundreds,1712100225
JOR2741,2024-04-05,2024,1,Demonstrations,Protests,Peaceful protest,Protesters (Jordan),,Protesters,,,,Protesters only,,400,Middle East,Jordan,Al Aqabah,Qasabat al Aqaba,,Aqaba,29.5267,35.0078,3,Jo 24,National,"On 5 April 2024, dozens of residents participated in a march somewhere in Al Aqabah governorate (Aqaba) to denounce the continuous Israeli bombardment of Gaza. They rallied in support of the Palestinian people, Hamas, and the Palestinian resistance.",0,crowd size=dozens,1712617347
JOR2742,2024-04-05,2024,1,Demonstrations,Protests,Peaceful protest,Protesters (Jordan),,Protesters,,,,Protesters only,,400,Middle East,Jordan,Al Karak,Al Karak,,Al Mansheya,31.1877,35.7405,1,Jo 24,National,"On 5 April 2024, hundreds of citizens participated in a march near Grand Al Manshiya Mosque in Al Mansheya (Al Karak, Al Karak) to denounce the continuous Israeli bombardment of Gaza. They rallied in support of the Palestinian people, Hamas, and the Palestinian resistance. They called on the Jordanian government to halt all economic agreements with Israel. They also criticized the role of the US in aiding Israel.",0,crowd size=hundreds,1712617347
JOR2743,2024-04-05,2024,1,Demonstrations,Protests,Peaceful protest,Protesters (Jordan),The Coordinating Committee for Supporting and Advocating for Gaza - Al Mafraq,Protesters,,,,Protesters only,,400,Middle East,Jordan,Al Mafraq,Qasabat al Mafraq,,Mafraq,32.3429,36.208,1,Jo 24,National,"On 5 April 2024, dozens of residents participated in a march near Grand Al Mafraq Mosque in Mafraq (Qasabat al Mafraq, Al Mafraq) to denounce the continuous Israeli bombardment of Gaza. They rallied in support of the Palestinian people, Hamas, and the Palestinian resistance. The Coordinating Committee for Supporting and Advocating for Gaza - Al Mafraq called for the rally.",0,crowd size=dozens,1712617347
JOR2746,2024-04-05,2024,1,Demonstrations,Protests,Peaceful protest,Protesters (Jordan),,Protesters,,,,Protesters only,,400,Middle East,Jordan,Irbid,Qasabat Irbid,,Irbid,32.5556,35.85,1,Jo 24,National,"On 5 April 2024, hundreds of citizens participated in a march near the Irbid Great Mosque in Irbid (Qasabat Irbid, Irbid) to denounce the continuous Israeli bombardment of Gaza. They rallied in support of the Palestinian people, Hamas, and the Palestinian resistance. They called on the Jordanian government to halt all economic agreements with Israel.",0,crowd size=hundreds,1712617347
JOR3682,2024-02-13,2024,1,Demonstrations,Protests,Peaceful protest,Protesters (Jordan),Labor Group (Jordan),Protesters,,,,Protesters only,,400,Middle East,Jordan,At Tafilah,At Tafilah,,At Tafilah,30.8375,35.6044,1,Saraya,National,"On 13 February 2024, employees of the Tafila Technical University held a protest at the university in At Tafilah (At Tafilah, At Tafilah) calling for an increase in wages.",0,crowd size=no report,1713223319
JOR3683,2024-02-15,2024,1,Demonstrations,Protests,Peaceful protest,Protesters (Palestine),Refugees/IDPs (Palestine),Protesters,,,,Protesters only,,400,Middle East,Jordan,Irbid,Bani Obeid,,Al Hisn,32.4827,35.8847,1,Roya News,National,"On 15 February 2024, dozens of Palestinian refugees took to the streets at a refugee camp in Al Hisn (Bani Obeid, Irbid) to protest again the cut in funding for the United Nations Work and Relief Agency. They also rallied against Israel and in support of the Palestinian people",0,crowd size=dozens,1713223319
JOR3684,2024-02-16,2024,1,Demonstrations,Protests,Peaceful protest,Protesters (Jordan),,Protesters,,,,Protesters only,,400,Middle East,Jordan,At Tafilah,At Tafilah,,At Tafilah,30.8375,35.6044,2,Saraya,National,"On 16 February 2024, protesters held a sit-in in At Tafilah (At Tafilah, At Tafilah) in support of Gaza.",0,crowd size=no report,1713223319
JOR3685,2024-02-16,2024,1,Demonstrations,Protests,Peaceful protest,Protesters (Jordan),,Protesters,,,,Protesters only,,400,Middle East,Jordan,Al Aqabah,Qasabat al Aqaba,,Aqaba,29.5267,35.0078,2,Saraya,National,"On 16 February 2024, protesters held a sit-in in Aqaba (Qasabat al Aqaba, Al Aqabah) in support of Gaza.",0,crowd size=no report,1713223319
JOR3686,2024-02-16,2024,1,Demonstrations,Protests,Peaceful protest,Protesters (Jordan),,Protesters,,,,Protesters only,,400,Middle East,Jordan,Al Mafraq,Qasabat al Mafraq,,Mafraq,32.3429,36.208,2,Saraya,National,"On 16 February 2024, protesters held a sit-in in Mafraq (Qasabat al Mafraq, Al Mafraq) in support of Gaza.",0,crowd size=no report,1713223319
JOR3689,2024-02-20,2024,1,Demonstrations,Protests,Peaceful protest,Protesters (Jordan),Labor Group (Jordan),Protesters,,,,Protesters only,,400,Middle East,Jordan,Irbid,Qasabat Irbid,,Irbid,32.5556,35.85,1,Roya News,National,"On 20 February 2024, taxi drivers staged a protest in front of the Land Transport Regulatory Commission in Irbid (Qasabat Irbid, Irbid). They demanded the prohibition of unlicensed taxi applications from operating in the city.",0,crowd size=no report,1713223319
JOR3690,2024-02-19,2024,1,Demonstrations,Protests,Peaceful protest,Protesters (Jordan),Labor Group (Jordan),Protesters,,,,Protesters only,,400,Middle East,Jordan,Maan,Qasabat Maan,,Maan,30.1962,35.7341,1,Saraya,National,"On 19 February 2024, employees at the Hussein Bin Talal University organized a protest at the university campus in Maan (Qasabat Maan, Maan) due to the university's failure to disburse the annual service entitlements due for the year 2023 for employees.",0,crowd size=no report,1713223319
JOR3691,2024-02-20,2024,1,Demonstrations,Protests,Peaceful protest,Protesters (Jordan),Labor Group (Jordan),Protesters,,,,Protesters only,,400,Middle East,Jordan,Al Mafraq,Qasabat al Mafraq,,Mafraq,32.3429,36.208,1,Roya News,National,"On 20 February 2024, taxi drivers staged a protest in front of the governorate building in Mafraq (Qasabat Al Mafraq, Al Mafraq). They demanded the prohibition of unlicensed taxi applications from operating in the governorate as well as the allocation of designated areas for taxi parking in the city center.",0,crowd size=no report,1713223319
JOR3692,2024-02-20,2024,1,Demonstrations,Protests,Peaceful protest,Protesters (Jordan),Labor Group (Jordan),Protesters,,,,Protesters only,,400,Middle East,Jordan,Az Zarqa,Az Zarqa,,Zarqa,32.0728,36.088,1,Roya News,National,"On 20 February 2024, taxi drivers staged a protest in front of the Land Transport Regulatory Commission in Zarqa (Az Zarqa, Az Zarqa). They demanded the prohibition of unlicensed taxi applications from operating in the city.",0,crowd size=no report,1713223319
JOR3697,2024-03-08,2024,1,Demonstrations,Protests,Peaceful protest,Protesters (Jordan),,Protesters,,,,Protesters only,,400,Middle East,Jordan,At Tafilah,At Tafilah,,At Tafilah,30.8375,35.6044,3,Roya News,National,"On 8 March 2024, protesters joined rallies in Al At Tafilah governorate (coded to At Tafilah city) against the government's policy of continuing goods exports to Israel. They rallied in support of Gaza and the Palestinian people as well as against Israel.",0,crowd size=no report,1713223319
JOR3699,2024-03-08,2024,1,Demonstrations,Protests,Peaceful protest,Protesters (Jordan),,Protesters,,,,Protesters only,,400,Middle East,Jordan,Madaba,Qasabat Madaba,,Madaba,31.716,35.7939,3,Roya News,National,"On 8 March 2024, protesters joined rallies in Madaba governorate (coded to Madaba city) (Qasabat Madaba) against the government's policy of continuing goods exports to Israel. They rallied in support of Gaza and the Palestinian people as well as against Israel.",0,crowd size=no report,1713223319
JOR3779,2024-03-10,2024,1,Demonstrations,Protests,Peaceful protest,Protesters (Jordan),Students (Jordan),Protesters,,,,Protesters only,,400,Middle East,Jordan,Az Zarqa,Al Hashemiyah,,Hashemite University,32.1121,36.1841,1,Saraya,National,"On 10 March 2024, hundreds of students staged a protest in front of the Hashemite University (Al Hashemiyah, Az Zarqa) to demand financial entitlements of a transportation allowance of 100 Jordanian dinars monthly.",0,crowd size=hundreds,1713223320
JOR3780,2024-03-12,2024,1,Demonstrations,Protests,Peaceful protest,Protesters (Jordan),,Protesters,,,,Protesters only,,400,Middle East,Jordan,Irbid,Qasabat Irbid,,Irbid,32.5556,35.85,1,Roya News; Saraya,National,"On 12 March 2024, dozens of protesters took to the streets after night prayers in Irbid (Qasabat Irbid, Irbid) in solidarity with Gaza and the Palestinian people. They also rallied against the continuous Israeli bombardment of Gaza.",0,crowd size=dozens,1713223320
JOR3784,2024-03-15,2024,1,Demonstrations,Protests,Peaceful protest,Protesters (Jordan),,Protesters,,,,Protesters only,,400,Middle East,Jordan,Maan,Qasabat Maan,,Maan,30.1962,35.7341,1,Saraya,National,"On 15 March 2024, city residents took to the streets in Maan (Qasabat Maan, Maan) to protest against the continuous Israeli bombardment of Gaza. They rallied in support of Gaza and the Palestinian people.",0,crowd size=no report,1713223320
JOR3785,2024-03-21,2024,1,Demonstrations,Riots,Violent demonstration,Rioters (Jordan),,Rioters,,,,Rioters only,,400,Middle East,Jordan,Irbid,Al Mazar Shamali,,Al Mazar ash Shamali,32.4723,35.7987,1,Saraya,National,"On 21 March 2024, rioters took to the streets in Al Mazar ash Shamali (Al Mazar Shamali, Irbid) demanding the disclosure of details surrounding a citizen's death. The citizen's body was found hanging inside his workplace yesterday morning.",0,crowd size=no report,1713223320
JOR3786,2024-03-22,2024,1,Demonstrations,Protests,Peaceful protest,Protesters (Jordan),,Protesters,,,,Protesters only,,400,Middle East,Jordan,Maan,Qasabat Maan,,Maan,30.1962,35.7341,2,Saraya,National,"On 22 March 2024, protesters took to the streets somewhere in Maan governorate (Qasabat Maan) to protest Israeli bombardment of Gaza. They also rallied in support of Gaza and the Palestinian people.",0,crowd size=no report,1713223320
JOR3788,2024-03-29,2024,1,Demonstrations,Protests,Peaceful protest,Protesters (Jordan),,Protesters,,,,Protesters only,,400,Middle East,Jordan,At Tafilah,At Tafilah,,At Tafilah,30.8375,35.6044,3,Saraya,National,"On 29 March 2024, protesters took to the streets somewhere in At Tafila governorate (At Tafilah) to protest against Israel and in support of Gaza and the Palestinian people.",0,crowd size=no report,1713223320
JOR3789,2024-03-25,2024,1,Demonstrations,Protests,Peaceful protest,Protesters (Jordan),Women (Jordan),Protesters,,,,Protesters only,,400,Middle East,Jordan,Irbid,Qasabat Irbid,,Irbid,32.5556,35.85,1,Roya News,National,"On 25 March 2024, Jordanian women staged a protest in Irbid city (Qasabat Irbid, Irbid) in support of Palestinian women. They also called for the end of Israeli bombardment of Gaza. Other protests also took place across the governorate in support of Gaza and the Palestinian people.",0,crowd size=no report,1713223320
JOR3790,2024-04-07,2024,1,Strategic developments,Strategic developments,Disrupted weapons use,Military Forces of Jordan (1999-),,State forces,Unidentified Armed Group (International),,Political militia,State forces-Political militia,,400,Middle East,Jordan,Madaba,Dieban,,Dieban,31.4986,35.7839,1,Saraya,National,"Defusal: On 7 April 2024, fragments of a missile were found by residents near Wadi Munjib in Dieban (Dieban, Madaba). Security forces established a security cordon around the remnants of the projectile and a unit from the Jordanian army attempted to dismantle and move the projectile from the area.",0,,1713223320
JOR3792,2024-04-14,2024,1,Strategic developments,Strategic developments,Disrupted weapons use,Military Forces of Israel (2022-),,External/Other forces,Military Forces of Iran (1989-) Islamic Revolutionary Guard Corps,,External/Other forces,External/Other forces-External/Other forces,,400,Middle East,Jordan,At Tafilah,Al Hasa,,Al Hasa,30.8213,35.975,1,Roya News,National,"Interception: On 14 April 2024, the Israeli military intercepted several Iranian drones and missiles over Al Hasa (Al Hasa, At Tafilah) which led missile fragments to fall on buildings and cars in the area. There were no casualties.",0,,1753954518
JOR3795,2024-04-19,2024,1,Demonstrations,Protests,Peaceful protest,Protesters (Jordan),NFSRPN: National Forum for Supporting Resistance and Protecting the Nation,Protesters,,,,Protesters only,,400,Middle East,Jordan,Irbid,Qasabat Irbid,,Irbid,32.5556,35.85,1,Jo 24; Saraya,National,"On 19 April 2024, hundreds of Jordanian citizens took to the streets near Al Hashimi mosque in Irbid (Qasabat Irbid, Irbid) to protest against the continuous Israeli bombardment of Gaza. Protesters rallied in support of Gaza and the Palestinian people. The NFSRPN called for the rally.",0,crowd size=hundreds,1713830557
JOR3798,2024-04-14,2024,1,Strategic developments,Strategic developments,Disrupted weapons use,Military Forces of Jordan (1999-),,State forces,Military Forces of Iran (1989-) Islamic Revolutionary Guard Corps,,External/Other forces,State forces-External/Other forces,,400,Middle East,Jordan,Madaba,Qasabat Madaba,,Ma'in,31.6805,35.7329,3,Times of Israel,Regional,"Interception: On 14 April 2024, Jordanian fighter jets intercepted a missile fired by the IRGC towards Israel that was later found in the Dead Sea somewhere in Madaba governorate (Ma'in). There were no casualties.",0,,1753954518
JOR3801,2024-04-26,2024,1,Demonstrations,Protests,Peaceful protest,Protesters (Jordan),NFSRPN: National Forum for Supporting Resistance and Protecting the Nation,Protesters,,,,Protesters only,,400,Middle East,Jordan,Irbid,Qasabat Irbid,,Irbid,32.5556,35.85,1,Jo 24,National,"On 26 April 2024, hundreds of Jordanians carried out a protest in front of the Hashimi Mosque in Irbid (Qasabat Irbid, Irbid) against the continuous Israeli bombardment of Gaza. They rallied in support of Gaza and the Palestinian people. The NFSRPN called for the protest.",0,crowd size=hundreds,1714445558
JOR3803,2024-04-26,2024,1,Demonstrations,Protests,Peaceful protest,Protesters (Jordan),,Protesters,,,,Protesters only,,400,Middle East,Jordan,Al Aqabah,Qasabat al Aqaba,,Aqaba,29.5267,35.0078,1,Jo 24,National,"On 26 April 2024, dozens of Jordanian citizens carried out a protest in Aqaba (Qasabat al Aqabah, Al Aqabah) against the continuous Israeli bombardment of Gaza. They rallied in support of Gaza and the Palestinian people.",0,crowd size=dozens,1714445558
JOR3805,2024-04-26,2024,1,Demonstrations,Protests,Peaceful protest,Protesters (Jordan),,Protesters,,,,Protesters only,,400,Middle East,Jordan,Az Zarqa,Ar Russeifa,,Ar Rusayfah,32.0173,36.0327,1,Jo 24,National,"On 26 April 2024, hundreds of Jordanian citizens carried out a protest in Ar Rusayfah (Ar Russeifa, Az Zarqa) against the continuous Israeli bombardment of Gaza. They rallied in support of Gaza and the Palestinian people.",0,crowd size=hundreds,1714445558
JOR2568,2024-01-03,2024,1,Demonstrations,Protests,Peaceful protest,Protesters (Jordan),Lawyers (Jordan),Protesters,,,,Protesters only,,400,Middle East,Jordan,Amman,Qasabat Amman,,Amman,31.9552,35.945,1,Jo 24,National,"On 3 January 2024, protesters including lawyers marched towards the Professional Associations Complex in Amman (Qasabat Amman) to demonstrate, in support of the Palestinian resistance, and people in Gaza and the West Bank, and to denounce Israeli aggression towards them. The protesters also condemned Israel's killing of Hamas' deputy chairman of the political bureau, in Beirut.",0,crowd size=no report,1715049485
JOR2571,2024-01-02,2024,1,Demonstrations,Protests,Peaceful protest,Protesters (Jordan),,Protesters,,,,Protesters only,,400,Middle East,Jordan,Amman,Qasabat Amman,,Amman,31.9552,35.945,1,Jo 24,National,"On 2 January 2024, hundreds of protesters took to the streets outside Al Kalouti mosque in Amman (Qasabat Amman) to demonstrate, in support of the Palestinian resistance, and people in Gaza and the West Bank, and to denounce Israeli aggression towards them. The protesters also condemned Israel's killing of Hamas' deputy chairman of the political bureau, in Beirut.",0,crowd size=hundreds,1715049485
JOR2573,2024-01-05,2024,1,Demonstrations,Protests,Peaceful protest,Protesters (Jordan),,Protesters,,,,Protesters only,,400,Middle East,Jordan,Al Karak,Al Karak,,Al Marj,31.177,35.7151,1,Al Ghad (Jordan),National,"On 5 January 2024, protesters took to the streets of Al Marj (Al Karak) to demonstrate. Nationwide demonstrations erupted in support of the Palestinian resistance, and the people in Gaza and the West Bank, and to denounce Israeli aggression towards them. The protesters demanded the prevention of agricultural exports towards Israel. They also denounced the killing of Hamas' deputy chairman in Beirut.",0,crowd size=no report,1715049485
JOR2574,2024-01-05,2024,1,Demonstrations,Protests,Peaceful protest,Protesters (Jordan),,Protesters,,,,Protesters only,,400,Middle East,Jordan,Amman,Qasabat Amman,,Amman,31.9552,35.945,1,Jo 24,National,"On 5 January 2024, thousands of protesters took to the streets of central Amman city (Qasabat Amman) to demonstrate. Nationwide demonstrations erupted in support of the Palestinian resistance, and the people in Gaza and the West Bank, and to denounce Israeli aggression towards them.",0,crowd size=thousands,1715049485
JOR2627,2024-01-07,2024,1,Demonstrations,Protests,Peaceful protest,Protesters (Jordan),,Protesters,,,,Protesters only,,400,Middle East,Jordan,Amman,Wadi as Sir,,Al Swaifeh,31.9556,35.8643,1,Jo 24,National,"On 7 January 2024, hundreds of protesters took to the streets two kilometers away from the American embassy in Al Swaifeh (Wadi as Sir), against the American foreign secretary's visit to Jordan. The protesters denounced American support to Israel.",0,crowd size=hundreds,1715049485
JOR2628,2024-01-07,2024,1,Demonstrations,Protests,Peaceful protest,Protesters (Jordan),,Protesters,,,,Protesters only,,400,Middle East,Jordan,Amman,Quaismeh,,Kherbat As Souk,31.8716,35.9284,2,Jo 24,National,"On 7 January 2024, dozens of protesters held a sit-in at the Central Market near Kherbat As Souk (Quaismeh), to demand halting the export of agricultural products to Israel.",0,crowd size=dozens,1715049485
JOR2630,2024-01-10,2024,1,Demonstrations,Protests,Peaceful protest,Protesters (Jordan),,Protesters,,,,Protesters only,,400,Middle East,Jordan,Amman,Qasabat Amman,,Al Khazna,31.9998,35.9253,1,Jo 24,National,"On 10 January 2024, protesters including activists held a sit-in outside the Ministry of Agriculture in Al Khazna (Qasabat Amman), to demand halting the export of agricultural products to Israel.",0,crowd size=no report,1715049486
JOR2635,2024-01-12,2024,1,Demonstrations,Protests,Peaceful protest,Protesters (Jordan),IAF: Islamic Action Front,Protesters,,,,Protesters only,,400,Middle East,Jordan,Al Karak,Al Mazar al Janubi,,Al Husayniyah,31.0281,35.7207,1,Jo 24,National,"On 12 January 2024, protesters including IAF supporters took to the streets of Al Husayniyah (Al Mazar al Janubi) to demonstrate. Nationwide demonstrations erupted in support of the Palestinian people in Gaza and the West Bank, and to denounce Israeli aggression towards them.",0,crowd size=no report,1715049486
JOR2636,2024-01-12,2024,1,Demonstrations,Protests,Peaceful protest,Protesters (Jordan),,Protesters,,,,Protesters only,,400,Middle East,Jordan,Al Karak,Al Karak,,Al Marj,31.177,35.7151,1,Jo 24,National,"On 12 January 2024, hundreds of protesters took to the streets of Al Marj (Al Karak) to demonstrate. Nationwide demonstrations erupted in support of the Palestinian people in Gaza and the West Bank, and to denounce Israeli aggression towards them.",0,crowd size=hundreds,1715049486
JOR2637,2024-01-12,2024,1,Demonstrations,Protests,Peaceful protest,Protesters (Jordan),,Protesters,,,,Protesters only,,400,Middle East,Jordan,Amman,Qasabat Amman,,Amman,31.9552,35.945,1,Jo 24,National,"On 12 January 2024, thousands of protesters took to the streets outside Al Husayni Mosque in central Amman (Qasabat Amman) to demonstrate. Nationwide demonstrations erupted in support of the Palestinian people in Gaza and the West Bank, and to denounce Israeli aggression towards them.",0,crowd size=thousands,1715049486
JOR2642,2024-01-15,2024,1,Demonstrations,Protests,Peaceful protest,Protesters (Jordan),Jordanian Civil Democratic Party,Protesters,,,,Protesters only,,400,Middle East,Jordan,Amman,Qasabat Amman,,Amman,31.9552,35.945,1,Jo 24,National,"On 15 January 2024, protesters including supporters of the Jordanian Civil Democratic Party took to the streets outside 'Al Kalouti' Mosque in Amman (Qasabat Amman) to demonstrate, in support of the Palestinian resistance, and people in Gaza and the West Bank, and to denounce Israeli aggression towards them.",0,crowd size=no report,1715049486
JOR2645,2024-01-13,2024,1,Demonstrations,Protests,Peaceful protest,Protesters (Jordan),,Protesters,,,,Protesters only,,400,Middle East,Jordan,Amman,Wadi as Sir,,Al Swaifeh,31.9556,35.8643,1,Jo 24,National,"On 13 January 2024, hundreds of protesters took to the streets outside the 'Aabad el Rahman' Mosque near the American embassy in Al Swaifeh (Wadi as Sir) to demonstrate in support of the Palestinian resistance, and people in Gaza and the West Bank, and to denounce Israeli aggression towards them. The protesters condemned American support to Israel.",0,crowd size=hundreds,1715049486
JOR2648,2024-01-19,2024,1,Demonstrations,Protests,Peaceful protest,Protesters (Jordan),,Protesters,,,,Protesters only,,400,Middle East,Jordan,Amman,Wadi as Sir,,Al Swaifeh,31.9556,35.8643,1,Jo 24,National,"On 19 January 2024, thousands of protesters took to the streets outside 'Aabad el Rahman' Mosque in Al Swaifeh (Wadi as Sir) to demonstrate. Nationwide demonstrations erupted in support of the Palestinian resistance, and people in Gaza and the West Bank, and to denounce Israeli aggression towards them.",0,crowd size=thousands,1715049486
JOR2649,2024-01-19,2024,1,Demonstrations,Protests,Peaceful protest,Protesters (Jordan),,Protesters,,,,Protesters only,,400,Middle East,Jordan,Amman,Qasabat Amman,,Amman,31.9552,35.945,1,Jo 24,National,"On 19 January 2024, thousands of protesters took to the streets outside 'Al Husayni' Mosque in Amman (Qasabat Amman) to demonstrate. Nationwide demonstrations erupted in support of the Palestinian resistance, and people in Gaza and the West Bank, and to denounce Israeli aggression towards them.",0,crowd size=thousands,1715049486
JOR2652,2024-01-19,2024,1,Demonstrations,Protests,Peaceful protest,Protesters (Jordan),,Protesters,,,,Protesters only,,400,Middle East,Jordan,Al Karak,Al Karak,,Al Marj,31.177,35.7151,1,Al Ghad (Jordan),National,"On 19 January 2024, hundreds of protesters took to the streets of Al Marj (Al Karak) to demonstrate. Nationwide demonstrations erupted in support of the Palestinian resistance, and people in Gaza and the West Bank, and to denounce Israeli aggression towards them.",0,crowd size=hundreds,1715049486
JOR2657,2024-01-24,2024,1,Demonstrations,Protests,Peaceful protest,Protesters (Jordan),Women (Jordan),Protesters,,,,Protesters only,,400,Middle East,Jordan,Amman,Al Jamiah,,Tila al Ali,31.991,35.8687,1,Jo 24,National,"On 24 January 2024, dozens of Jordanian women took to the street in front of the United Nations Headquarters for Women Affairs in Tila al Ali (Amman, Al Jamiah). The protest was against the statements of the Executive Director of UN for Women Affairs.",0,crowd size=dozens,1715049486
JOR2658,2024-01-26,2024,1,Demonstrations,Protests,Peaceful protest,Protesters (Jordan),,Protesters,,,,Protesters only,,400,Middle East,Jordan,Amman,Qasabat Amman,,Amman,31.9552,35.945,1,Al Ghad (Jordan); Amman Net; Jo 24; Jordan News Agency; Saraya,National,"On 26 January 2024, thousands of protesters took to the streets after Friday prayer at the Grand Husseini Mosque in Amman (Amman, Qasabat Amman) in support of Gaza and the Palestinian people. The protest was called by the National Forum to Support the Resistance and Protect the Homeland. Protesters called on lifting the blockade on Gaza and stopping the war",0,crowd size=thousands,1715049486
JOR2664,2024-02-02,2024,1,Demonstrations,Protests,Peaceful protest,Protesters (Jordan),,Protesters,,,,Protesters only,,400,Middle East,Jordan,Amman,Qasabat Amman,,Amman,31.9552,35.945,1,Al Ghad (Jordan); Amman Net; Jo 24; Jordan News Agency; Roya News; Saraya,National,"On 2 February 2024, thousands of protesters took to the streets after Friday prayer at the Grand Husseini Mosque in Amman (Amman, Qasabat Amman) to protest against Western countries' funding cut for the United Nations Relief and Works Agency.",0,crowd size=thousands,1715049486
JOR2668,2024-02-04,2024,1,Demonstrations,Protests,Peaceful protest,Protesters (Jordan),Farmers (Jordan),Protesters,,,,Protesters only,,400,Middle East,Jordan,Amman,Qasabat Amman,,Al Khazna,31.9998,35.9253,1,Al Ghad (Jordan),National,"On 4 February 2024, a group of sheep breeders took to the streets in front of the Ministry of Agriculture in Al Khazna (Amman, Qasabat Amman) against the export of Sheep to Saudi Arabia.",0,crowd size=no report,1715049486
JOR2669,2024-02-09,2024,1,Demonstrations,Protests,Peaceful protest,Protesters (Jordan),,Protesters,,,,Protesters only,,400,Middle East,Jordan,Irbid,Aghwar Shamaliyah,,Ash Shaykh Husayn,32.519,35.5899,1,Amman Net; Jo 24; Jordan News Agency; Saraya,National,"On 9 February 2024, thousands of Jordanians took to the streets in Ash Shaykh Husayn (Irbid, Aghwar Shamaliyah) in protest against the export of vegetables and other goods from Jordan to Israel. They called on the government to halt all exports to Israel.",0,crowd size=thousands,1715049486
JOR2670,2024-02-09,2024,1,Demonstrations,Protests,Peaceful protest,Protesters (Jordan),,Protesters,,,,Protesters only,,400,Middle East,Jordan,Amman,Qasabat Amman,,Amman,31.9552,35.945,1,Al Ghad (Jordan); Jordan News Agency; Roya News; Saraya,National,"On 9 February 2024, protesters took to the streets in Amman (Amman, Qasabat Amman) to protest against the continuous bombardment of Gaza by the Israeli military and in support of Palestinians in Gaza. The protest started directly after Friday prayers.",0,crowd size=no report,1715049486
JOR2674,2024-02-16,2024,1,Demonstrations,Protests,Peaceful protest,Protesters (Jordan),,Protesters,,,,Protesters only,,400,Middle East,Jordan,Al Karak,Al Karak,,Ath Thaniyah,31.1659,35.7246,1,Jo 24; Saraya,National,"On 16 February 2024, several people participated in the sit-in held in front of the Ibada Ibn al-Samet Mosque in Ath Thaniyah (Al Karak, Al Karak). The participants denounced the government's justifications for not having legal mechanisms to prevent the export of Jordanian vegetables and fruits to Israel. They also marched in support of the Palestinians in Gaza.",0,crowd size=no report,1715049486
JOR2676,2024-02-16,2024,1,Demonstrations,Protests,Peaceful protest,Protesters (Jordan),Coalition of Nationalist and Leftist Parties,Protesters,,,,Protesters only,,400,Middle East,Jordan,Amman,Qasabat Amman,,Amman,31.9552,35.945,1,Al Ghad (Jordan); Jo 24; Jordan News Agency; Roya News; Saraya,National,"On 16 February 2024, thousands of people participated in a protest called by the Coalition of Nationalist and Leftist Parties in front of the Grand Husseini Mosque in Amman (Qasabat Amman, Amman). The protest was against Israel's continuous bombardment of Gaza and the suffering of Palestinians.",0,crowd size=thousands,1715049486
JOR2681,2024-02-23,2024,1,Demonstrations,Protests,Peaceful protest,Protesters (Jordan),,Protesters,,,,Protesters only,,400,Middle East,Jordan,Amman,Wadi as Sir,,Al Swaifeh,31.9556,35.8643,1,Al Ghad (Jordan),National,"On 23 February 2024, protesters took to the streets after Friday prayers in Al Swaifeh (Wadi as Sir, Amman) in support of the Palestinian people and Gaza. They called on the Jordanian government to stop food exports to Israel.",0,crowd size=no report,1715049486
JOR2683,2024-02-23,2024,1,Demonstrations,Protests,Peaceful protest,Protesters (Jordan),,Protesters,,,,Protesters only,,400,Middle East,Jordan,Amman,Qasabat Amman,,Jabal al Taj,31.9497,35.949,1,Amman Net; Jo 24,National,"On 23 February 2024, hundreds of protesters took to the streets after Friday prayers in Jabal al Taj (Qasabat Amman, Amman) in support of the Palestinian people and Gaza. They called on the Jordanian government to stop food exports to Israel.",0,crowd size=hundreds,1755564837
JOR2684,2024-02-23,2024,1,Demonstrations,Protests,Peaceful protest,Protesters (Jordan),Coalition of Nationalist and Leftist Parties; NFSRPN: National Forum for Supporting Resistance and Protecting the Nation,Protesters,,,,Protesters only,,400,Middle East,Jordan,Amman,Qasabat Amman,,Amman,31.9552,35.945,1,Al Ghad (Jordan); Jo 24; Jordan News Agency; Saraya,National,"On 23 February 2024, thousands of protesters, including the NFSRPN, protested near the US Embassy in Amman (Qasabat Amman, Amman) in support of the Palestinian people and Gaza. They called on the government to suspend all relations with Israel. They also called on the government to stop all food exports to Israel. Meanwhile, thousands of Jordanians, including members of the Coalition of Nationalist and Leftist Parties, took to the streets after Friday prayers in front of the Grand Husseini Mosque in Amman over the same demands.",0,crowd size=thousands,1715049486
JOR2685,2024-02-26,2024,1,Demonstrations,Protests,Peaceful protest,Protesters (Jordan),Journalists (Jordan),Protesters,,,,Protesters only,,400,Middle East,Jordan,Amman,Al Jamiah,,Tila al Ali,31.991,35.8687,1,Al Ghad (Jordan); Jo 24; Jordan News Agency; Roya News,National,"On 26 February 2024, at 12:00 PM, Jordanian journalists participated in a solidarity stand at the Jordanian Press Association building in Tila al Ali (Al Jamiah, Amman). The stand was in support of Palestinian journalists that were killed during Israeli bombardment of Gaza. This comes as February 26 is considered a worldwide solidarity day with Palestinian journalists.",0,crowd size=no report,1715049486
JOR2686,2024-02-27,2024,1,Demonstrations,Protests,Peaceful protest,Protesters (Jordan),,Protesters,,,,Protesters only,,400,Middle East,Jordan,Amman,Qasabat Amman,,Amman,31.9552,35.945,1,Jo 24,National,"On 27 February 2024, hundreds of Jordanian citizens gathered in front of the Ministry of Transport building in Amman (Qasabat Amman, Amman) to demand the prevention of the passage of cargo trucks coming from the Gulf region to Israel. They also rallied in support of Palestine, and against Israel and the US.",0,crowd size=hundreds,1715049486
JOR2690,2024-03-01,2024,1,Demonstrations,Protests,Peaceful protest,Protesters (Jordan),Coalition of Nationalist and Leftist Parties,Protesters,,,,Protesters only,,400,Middle East,Jordan,Amman,Qasabat Amman,,Amman,31.9552,35.945,1,Al Ghad (Jordan); Jo 24; Jordan News Agency; Saraya,National,"On 1 March 2024, thousands of protesters took to the streets after Friday prayers in front of the Grand Husseini Mosque in Amman (Qasabat Amman, Amman) to protest against goods exports from Gulf countries to Israel via Jordan. The protest was called by the Coalition of Nationalist and Leftist Parties. Protesters also affirmed their support to the Jordanian Army, Gaza and the Palestinian resistance.",0,crowd size=thousands,1715049486
JOR2692,2024-03-01,2024,1,Demonstrations,Protests,Protest with intervention,Protesters (Jordan),NFSRPN: National Forum for Supporting Resistance and Protecting the Nation,Protesters,Police Forces of Jordan (1999-),,State forces,State forces-Protesters,,400,Middle East,Jordan,Irbid,Aghwar Shamaliyah,,Ash Shaykh Husayn,32.519,35.5899,1,Jo 24; Saraya,National,"On 1 March 2024, thousands of protesters, including the NFSRPN, took to the streets in Ash Shaykh Husayn (Aghwar Shamaliyah, Irbid) to protest against the government's continuation in exporting food and other products to Israel. Protesters were about to march along Ash Shaykh Husayn bridge but it was closed off by police forces. At least 35 people were arrested after crossing into the bridge despite the blockade. Protesters demanded that the government sever all relations and cancel all agreements with Israel including the Wadi Araba and gas agreements. They also called on the government to expel the American Ambassador to Amman.",0,crowd size=thousands,1753970978
JOR2693,2024-03-02,2024,1,Demonstrations,Protests,Peaceful protest,Protesters (Jordan),Jordan BDS Youth,Protesters,,,,Protesters only,,400,Middle East,Jordan,Amman,Qasabat Amman,,Amman,31.9552,35.945,1,Jo 24,National,"On 2 March 2024, hundreds of protesters, including from the Jordan BDS Youth group, took to the streets in front of the Embassy of the United States in Amman (Qasabat Amman, Amman) against the ongoing Israeli war on Gaza. They called on the government to expel the American Ambassador to Amman. They rallied in support of Gaza and the Palestinian people as well as against Israel.",0,crowd size=hundreds,1715049486
JOR2694,2024-03-02,2024,1,Demonstrations,Protests,Peaceful protest,Protesters (Jordan),Committee for Tracing Arrestees,Protesters,,,,Protesters only,,400,Middle East,Jordan,Amman,Qasabat Amman,,Amman,31.9552,35.945,1,Jo 24; Roya News,National,"On 2 March 2024, the Committee for Tracing Arrestees held a solidarity stand in front of the United Nations headquarters in Shmeisani area in Amman (Qasabat Amman, Amman) to protest against Israeli prisons' treatment of arrestees as well as demand the rescue of Jordanian prisoners from Israeli prisons.",0,crowd size=no report,1715049486
JOR2697,2024-03-08,2024,1,Demonstrations,Protests,Peaceful protest,Protesters (Jordan),NFSRPN: National Forum for Supporting Resistance and Protecting the Nation,Protesters,,,,Protesters only,,400,Middle East,Jordan,Amman,Qasabat Amman,,Amman,31.9552,35.945,1,Al Ghad (Jordan); Jo 24; Jordan News Agency; Roya News; Saraya,National,"On 8 March 2024, thousands of protesters joined a rally in Amman (Qasabat Amman, Amman) against the government's policy of continuing goods exports to Israel. They rallied in support of Gaza and the Palestinian people as well as against Israel. The NFSRPN called for the rally.",0,crowd size=thousands,1715049486
JOR2703,2024-03-12,2024,1,Demonstrations,Protests,Peaceful protest,Protesters (Jordan),,Protesters,,,,Protesters only,,400,Middle East,Jordan,Amman,Al Jamiah,,Tila al Ali,31.991,35.8687,1,Jo 24,National,"On 12 March 2024, hundreds of Jordanian citizens took to the streets in Tila al ali (Al Jamiah, Amman) in solidarity with Gaza and the Palestinian people. They also rallied against Israel and called on Arab regimes to boycott Israel.",0,crowd size=hundreds,1715049486
JOR2704,2024-03-13,2024,1,Demonstrations,Protests,Peaceful protest,Protesters (Jordan),,Protesters,,,,Protesters only,,400,Middle East,Jordan,Amman,Al Jamiah,,Tila al Ali,31.991,35.8687,1,Jo 24,National,"On 13 March 2024, hundreds of Jordanian citizens took to the streets in front of Al Kalouty mosque in Tila al ali (Al Jamiah, Amman) in solidarity with Gaza and the Palestinian people. They also rallied against Israel and called on Arab regimes to boycott Israel.",0,crowd size=hundreds,1715049486
JOR2706,2024-03-15,2024,1,Demonstrations,Protests,Peaceful protest,Protesters (Jordan),NFSRPN: National Forum for Supporting Resistance and Protecting the Nation,Protesters,,,,Protesters only,,400,Middle East,Jordan,Amman,Qasabat Amman,,Amman,31.9552,35.945,1,Al Ghad (Jordan); Jo 24; Jordan News Agency,National,"On 15 March 2024, around 10,000 people participated in a protest march that was organized by the NFSRPN after Friday prayers in front of the Grand Husseini Mosque in Amman (Qasabat Amman, Amman). The protest called on the Jordanian government to halt all goods exports to the Israeli regime. They also rallied against Israel and in support of Gaza and the Palestinian people.",0,"crowd size=around 10,000",1715049486
JOR2710,2024-03-20,2024,1,Demonstrations,Protests,Peaceful protest,Protesters (Jordan),,Protesters,,,,Protesters only,,400,Middle East,Jordan,Amman,Al Jamiah,,Tila al Ali,31.991,35.8687,1,Jo 24,National,"On 20 March 2024, hundreds of Jordanian citizens took to the streets in front of Al Kalooti Mosque in Tila al Ali (Al Jamiah, Amman) to protest against the Israeli regime and the United States. They called on the Jordanian government to expel the American Ambassador to Amman. They also rallied in support of Gaza and the Palestinian people.",0,crowd size=hundreds,1715049486
JOR2713,2024-03-22,2024,1,Demonstrations,Protests,Peaceful protest,Protesters (Jordan),,Protesters,,,,Protesters only,,400,Middle East,Jordan,Al Karak,Al Karak,,Karak City,31.1637,35.762,1,Jo 24; Saraya,National,"On 22 March 2024, dozens of Jordanian citizens took to the streets in front of Al Omari Mosque in Karak city (Al Karak, Al Karak) to protest the continuous Israeli bombardment of Gaza. They also rallied in support of Gaza and the Palestinian people.",0,crowd size=dozens,1715049486
JOR2714,2024-03-22,2024,1,Demonstrations,Protests,Peaceful protest,Protesters (Jordan),Coalition of Nationalist and Leftist Parties; NFSRPN: National Forum for Supporting Resistance and Protecting the Nation,Protesters,,,,Protesters only,,400,Middle East,Jordan,Amman,Qasabat Amman,,Amman,31.9552,35.945,1,Al Ghad (Jordan); Jo 24; Roya News; Saraya,National,"On 22 March 2024, thousands of Jordanian citizens took to the streets in front of the Grand Husseini Mosque in Amman (Qasabat Amman, Amman) to protest Israeli bombardment of Gaza. They also rallied in support of Gaza and the Palestinian people. The NFSRPN and the Coalition of Nationalist and Leftist Parties called for the rally.",0,crowd size=thousands,1715049486
JOR2717,2024-03-26,2024,1,Demonstrations,Protests,Peaceful protest,Protesters (Jordan),,Protesters,,,,Protesters only,,400,Middle East,Jordan,Amman,Qasabat Amman,,Amman,31.9552,35.945,1,Jo 24,National,"On 26 March 2024, relatives of convicts and detainees staged a protest in front of the Parliament building in Amman (Qasabat Amman, Amman) to demand the inclusion of their children in the special pardon draft law. The group, Afo Jordan, called for the protest.",0,crowd size=no report,1715049486
JOR2718,2024-03-29,2024,1,Demonstrations,Protests,Peaceful protest,Protesters (Jordan),Coalition of Nationalist and Leftist Parties,Protesters,,,,Protesters only,,400,Middle East,Jordan,Amman,Qasabat Amman,,Amman,31.9552,35.945,1,Jo 24; Jordan News Agency; Saraya,National,"On 29 March 2024, thousands of Jordanians took to the streets in front of Grand Husseini Mosque in Amman (Qasabat Amman, Amman) to protest against Israel and in support of Gaza and the Palestinian people. They called on the Jordanian government to suspend goods exports to Israel from Gulf countries via Jordanian territory. They also rallied in support of Hamas and the Palestinian resistance. The coalition of leftist and nationalist parties called for the protest.",0,crowd size=thousands,1715049486
JOR2723,2024-03-25,2024,1,Demonstrations,Protests,Peaceful protest,Protesters (Jordan),,Protesters,,,,Protesters only,,400,Middle East,Jordan,Al Karak,Al Karak,,Karak City,31.1637,35.762,1,Jo 24,National,"On 25 March 2024, hundreds of Jordanians took to the streets in front of Al Manshiyye Mosque in Karak city (Al Karak, Al Karak) to protest against the continuous Israeli bombardment of Gaza. They also rallied in support of Hamas and the Palestinian resistance.",0,crowd size=hundreds,1715049486
JOR2725,2024-03-24,2024,1,Demonstrations,Protests,Protest with intervention,Protesters (Jordan),NFSRPN: National Forum for Supporting Resistance and Protecting the Nation,Protesters,Police Forces of Jordan (1999-),,State forces,State forces-Protesters,,400,Middle East,Jordan,Amman,Al Jamiah,,Tila al Ali,31.991,35.8687,1,Amman Net; Jo 24; Roya News; Saraya,National,"On 24 March 2024, thousands took to the streets near the Israeli embassy in Al-Kalooti Mosque and near the Chinese embassy in Tila al Ali (Al Jamiah, Amman) to protest against the continuous Israeli bombardment of Gaza. The protesters rallied in support of Gaza and the Palestinian people, called on the Jordanian government to open the borders for citizens who are willing to engage in jihad in Palestine. Police forces fired tear gas in an attempt to disperse protesters and arrested a number of protesters. The protests were called by the NFSRPN.",0,crowd size=thousands,1753970978
JOR2726,2024-03-25,2024,1,Demonstrations,Protests,Protest with intervention,Protesters (Jordan),Jordan BDS Youth,Protesters,Police Forces of Jordan (1999-),,State forces,State forces-Protesters,,400,Middle East,Jordan,Amman,Al Jamiah,,Tila al Ali,31.991,35.8687,1,Amman Net; Jo 24; Roya News,National,"On 25 March 2024, over 10,000 Jordanian citizens took to the streets near the Israeli and Chinese embassies in Tila al Ali (Al Jamiah, Amman) to protest against the continuous Israeli bombardment of Gaza. They also rallied in support of Hamas and the Palestinian resistance. Jordanian security forces barricaded the Israeli embassy and arrested protesters who were trying to get close to the embassy. The Jordan BDS movement called for the protest.",0,"crowd size=over 10,000",1753970978
JOR2727,2024-03-26,2024,1,Demonstrations,Protests,Protest with intervention,Protesters (Jordan),,Protesters,Police Forces of Jordan (1999-),,State forces,State forces-Protesters,,400,Middle East,Jordan,Amman,Al Jamiah,,Tila al Ali,31.991,35.8687,1,Jo 24; Roya News; Saraya,National,"On 26 March 2024, thousands of Jordanian citizens took to the streets near the Israeli embassy in Tila al Ali (Al Jamiah, Amman) to protest against the continuous Israeli bombardment of Gaza. They also rallied in support of Hamas and the Palestinian resistance. Police forces used force to stop protesters from coming near the Israeli embassy.",0,crowd size=thousands,1753970978
JOR2728,2024-03-27,2024,1,Demonstrations,Protests,Peaceful protest,Protesters (Jordan),,Protesters,,,,Protesters only,,400,Middle East,Jordan,Amman,Al Jamiah,,Tila al Ali,31.991,35.8687,1,Amman Net; Jo 24; Roya News,National,"On 27 March 2024, tens of thousands of Jordanians took to the streets near the Israeli embassy in Tila al Ali (Al Jamiah, Amman) to protest against the continuous Israeli bombardment of Gaza. They also rallied in support of Hamas and the Palestinian resistance. They demanded the Jordanian government to halt all forms of normalization with Israel, cancel the Wadi Araba and gas agreements, and cease the land bridge transporting goods from Gulf countries through Jordanian territory,",0,crowd size=tens of thousands,1715049486
JOR2729,2024-03-28,2024,1,Demonstrations,Protests,Peaceful protest,Protesters (Jordan),,Protesters,,,,Protesters only,,400,Middle East,Jordan,Amman,Al Jamiah,,Tila al Ali,31.991,35.8687,1,Jo 24; Roya News; Saraya,National,"On 28 March 2024, tens of thousands of Jordanians took to the streets near the Israeli embassy in Tila al Ali (Al Jamiah, Amman) to protest against Israeli bombardment of Gaza. They called on the Jordanian government to suspend goods exports to Israel from Gulf countries via Jordanian territory. They also rallied in support of Hamas and the Palestinian resistance.",0,crowd size=tens of thousands,1715049486
JOR2730,2024-03-29,2024,1,Demonstrations,Protests,Peaceful protest,Protesters (Jordan),,Protesters,,,,Protesters only,,400,Middle East,Jordan,Amman,Al Jamiah,,Tila al Ali,31.991,35.8687,1,Jo 24; Jordan News Agency; Saraya,National,"On 29 March 2024, tens of thousands of Jordanians took to the streets near the Israeli embassy in Tila al Ali (Al Jamiah, Amman) to protest against Israeli bombardment of Gaza. They called on the Jordanian government to suspend goods exports to Israel from Gulf countries via Jordanian territory. They also rallied in support of Hamas and the Palestinian resistance.",0,crowd size=tens of thousands,1715049486
JOR2734,2024-03-30,2024,1,Demonstrations,Protests,Peaceful protest,Protesters (Jordan),,Protesters,,,,Protesters only,,400,Middle East,Jordan,Amman,Al Jamiah,,Tila al Ali,31.991,35.8687,1,Amman Net; Jo 24; Roya News,National,"On 30 March 2024, tens of thousands of protesters took to the streets near the Israeli embassy and Al-Kalooti Mosque in Tila al Ali (Al Jamiah, Amman) to protest against the continuous Israeli bombardment of Gaza. The protesters rallied in support of Gaza, Hamas, and the Palestinian resistance. They called on the Jordanian government 'to open the borders for citizens who are willing to engage in jihad in Palestine'.",0,crowd size=tens of thousands,1715049486
JOR2735,2024-03-31,2024,1,Demonstrations,Protests,Peaceful protest,Protesters (Jordan),,Protesters,,,,Protesters only,,400,Middle East,Jordan,Amman,Al Jamiah,,Tila al Ali,31.991,35.8687,1,Jo 24; Roya News,National,"On 31 March 2024, thousands of protesters took to the streets near the Israeli embassy and Al-Kalooti Mosque in Tila al Ali (Al Jamiah, Amman) to protest against the continuous Israeli bombardment of Gaza. The protesters rallied in support of Gaza, Hamas, and the Palestinian resistance.",0,crowd size=thousands,1715049486
JOR2736,2024-04-01,2024,1,Demonstrations,Protests,Peaceful protest,Protesters (Jordan),,Protesters,,,,Protesters only,,400,Middle East,Jordan,Amman,Al Jamiah,,Tila al Ali,31.991,35.8687,1,Jo 24; Saraya,National,"On 1 April 2024, thousands of protesters took to the streets near the Israeli embassy and Al-Kalooti Mosque in Tila al Ali (Al Jamiah, Amman) to protest against the continuous Israeli bombardment of Gaza. The protesters rallied in support of Gaza, Hamas, and the Palestinian resistance.",0,crowd size=thousands,1715049486
JOR2737,2024-04-02,2024,1,Demonstrations,Protests,Peaceful protest,Protesters (Jordan),,Protesters,,,,Protesters only,,400,Middle East,Jordan,Amman,Al Jamiah,,Tila al Ali,31.991,35.8687,1,Amman Net; Jo 24; Saraya,National,"On 2 April 2024, for the tenth consecutive day, Jordanian protesters took to the streets near the Israeli embassy and Al-Kalooti Mosque in Tila al Ali (Al Jamiah, Amman) to protest against the continuous Israeli bombardment of Gaza. The protesters rallied in support of Gaza, Hamas, and the Palestinian resistance. They also called on the Jordanian government to release all activists arrested during protests.",0,crowd size=no report,1715049486
JOR2738,2024-04-03,2024,1,Demonstrations,Protests,Peaceful protest,Protesters (Jordan),JEA: Jordan Engineers Association; Labor Group (Jordan); Lawyers (Jordan); NFSRPN: National Forum for Supporting Resistance and Protecting the Nation,Protesters,,,,Protesters only,,400,Middle East,Jordan,Amman,Qasabat Amman,,Amman,31.9552,35.945,1,Jo 24,National,"On 3 April 2024, dozens of engineers, activists, and lawyers staged a protest in front of the building of trade unions in Amman (Qasabat Amman, Amman) to demand the release of all activists and engineers arrested by security forces during pro-Palestine marches. The protest also rallied in support of Gaza, Hamas, and the Palestinian resistance. It also condemned Israel's continuous bombardment of Gaza. The JEA and NFSRPN called for the protest.",0,crowd size=dozens,1715049486
JOR2739,2024-04-03,2024,1,Demonstrations,Protests,Peaceful protest,Protesters (Jordan),,Protesters,,,,Protesters only,,400,Middle East,Jordan,Amman,Al Jamiah,,Tila al Ali,31.991,35.8687,1,Jo 24,National,"On 3 April 2024, for the eleventh consecutive day, thousands of protesters took to the streets near the Israeli embassy and Al-Kalooti Mosque in Tila al Ali (Al Jamiah, Amman) to protest against the continuous Israeli bombardment of Gaza. The protesters rallied in support of Gaza, Hamas, and the Palestinian resistance. They also called on the Jordanian government to release all activists arrested during protests.",0,crowd size=thousands,1715049486
JOR2740,2024-04-04,2024,1,Demonstrations,Protests,Peaceful protest,Protesters (Jordan),,Protesters,,,,Protesters only,,400,Middle East,Jordan,Amman,Al Jamiah,,Tila al Ali,31.991,35.8687,1,Jo 24,National,"On 4 April 2024, for the twelfth consecutive day, thousands of protesters took to the streets near the Israeli embassy and Al-Kalooti Mosque in Tila al Ali (Al Jamiah, Amman) to protest against the continuous Israeli bombardment of Gaza. The protesters rallied in support of Gaza, Hamas, and the Palestinian resistance. They also called on the Jordanian government to release all activists arrested during protests.",0,crowd size=thousands,1715049486
JOR2744,2024-04-05,2024,1,Demonstrations,Protests,Peaceful protest,Protesters (Jordan),,Protesters,,,,Protesters only,,400,Middle East,Jordan,Amman,Qasabat Amman,,Amman,31.9552,35.945,1,Jo 24; Jordan News Agency; Saraya,National,"On 5 April 2024, thousands of Jordanian citizens participated in a march near Grand Al Housseini Mosque in Amman (Qasabat Amman, Amman) to denounce the continuous Israeli bombardment of Gaza. They rallied in support of the Palestinian people, Hamas, and the Palestinian resistance. They called on the Jordanian government to halt all economic agreements with Israel. They also criticized the role of the US in aiding Israel.",0,crowd size=thousands,1715049486
JOR2745,2024-04-05,2024,1,Demonstrations,Protests,Peaceful protest,Protesters (Jordan),,Protesters,,,,Protesters only,,400,Middle East,Jordan,Amman,Al Jamiah,,Tila al Ali,31.991,35.8687,1,Amman Net; Jo 24; Jordan News Agency,National,"On 5 April 2024, thousands of Jordanian citizens participated in a protest near the Israeli embassy in Tila al Ali (Al Jamiah, Amman) to denounce the continuous Israeli bombardment of Gaza. They rallied in support of the Palestinian people, Hamas, and the Palestinian resistance. They called on the Jordanian government to halt all economic agreements with Israel.",0,crowd size=thousands,1715049486
JOR2747,2024-04-08,2024,1,Demonstrations,Protests,Peaceful protest,Protesters (Jordan),NFSRPN: National Forum for Supporting Resistance and Protecting the Nation,Protesters,,,,Protesters only,,400,Middle East,Jordan,Amman,Qasabat Amman,,Amman,31.9552,35.945,1,Jo 24,National,"On 8 April 2024, dozens of activists gathered near the Justice Palace in Amman (Qasabat Amman, Amman) to demand the immediate release of all detainees on charges related to participating in events supporting Gaza and the Palestinian resistance. The participants condemned the approach of restricting freedoms and arrests targeting all activists in events supporting the resistance. The NFSRPN called for the protest.",0,crowd size=dozens,1715049486
JOR2748,2024-04-12,2024,1,Demonstrations,Protests,Peaceful protest,Protesters (Jordan),NFSRPN: National Forum for Supporting Resistance and Protecting the Nation,Protesters,,,,Protesters only,,400,Middle East,Jordan,Amman,Qasabat Amman,,Amman,31.9552,35.945,1,Jo 24; Jordan News Agency; Saraya,National,"On 12 April 2024, thousands of Jordanian citizens took to the streets after Friday prayers near the Grand Husseini Mosque in Amman (Qasabat Amman, Amman) to protest against the continuous Israeli bombardment of Gaza. They rallied in support of Gaza and the Palestinian people. The protest was called by the NFSRPN.",0,crowd size=thousands,1715049486
JOR2749,2024-04-10,2024,1,Demonstrations,Protests,Peaceful protest,Protesters (Jordan),Muslim Group (Jordan); NFSRPN: National Forum for Supporting Resistance and Protecting the Nation,Protesters,,,,Protesters only,,400,Middle East,Jordan,Amman,Al Jamiah,,Tila al Ali,31.991,35.8687,1,Jo 24,National,"On 10 April 2024, hundreds of Jordanian citizens gathered in the Kalooti mosque to carry out Eid al Fitr prayer and then went on a protest march near the Israeli Embassy in Tila al Ali (Al Jamiah, Amman) to denounce Israeli bombardment of Gaza. They rallied in support of the Palestinian people and the resistance. The NFSRPN called for the protest.",0,crowd size=hundreds,1715049486
JOR2750,2024-04-06,2024,1,Demonstrations,Protests,Peaceful protest,Protesters (Jordan),,Protesters,,,,Protesters only,,400,Middle East,Jordan,Amman,Al Jamiah,,Tila al Ali,31.991,35.8687,1,Jo 24,National,"On 6 April 2024, thousands of Jordanians took to the streets near Al Kalooti mosque in Tila al Ali (Al Jamiah, Amman) to protest against continuous Israeli bombardment of Gaza. The protesters rallied in support of Hamas, and the Palestinian resistance. They denounced the role of the US in supporting Israel.",0,crowd size=thousands,1715049486
JOR2751,2024-04-07,2024,1,Demonstrations,Protests,Peaceful protest,Protesters (Jordan),,Protesters,,,,Protesters only,,400,Middle East,Jordan,Amman,Al Jamiah,,Tila al Ali,31.991,35.8687,1,Jo 24,National,"On 7 April 2024, hundreds of Jordanians took to the streets after prayers near Al Kalooti mosque in Tila al Ali (Al Jamiah, Amman) to protest against continuous Israeli bombardment of Gaza. The protesters rallied in support of Hamas, and the Palestinian resistance. They denounced the role of the US in supporting Israel.",0,crowd size=hundreds,1715049486
JOR2752,2024-04-08,2024,1,Demonstrations,Protests,Peaceful protest,Protesters (Jordan),,Protesters,,,,Protesters only,,400,Middle East,Jordan,Amman,Al Jamiah,,Tila al Ali,31.991,35.8687,1,Jo 24,National,"On 8 April 2024, for the sixteenth consecutive day, hundreds of Jordanians took to the streets after prayers near Al Kalooti mosque in Tila al Ali (Al Jamiah, Amman) to protest against continuous Israeli bombardment of Gaza. The protesters rallied in support of Hamas, and the Palestinian resistance. They denounced the role of the US in supporting Israel.",0,crowd size=hundreds,1715049486
JOR3681,2024-02-03,2024,1,Demonstrations,Protests,Peaceful protest,Protesters (Jordan),,Protesters,,,,Protesters only,,400,Middle East,Jordan,Amman,Qasabat Amman,,Amman,31.9552,35.945,1,Amman Net,National,"On 3 February 2024, protesters held a protest against Israel in Amman city (Amman, Qasabat Amman).",0,crowd size=no report,1715049487
JOR3687,2024-02-20,2024,1,Demonstrations,Protests,Peaceful protest,Protesters (Jordan),Labor Group (Jordan),Protesters,,,,Protesters only,,400,Middle East,Jordan,Amman,Qasabat Amman,,Amman,31.9552,35.945,1,Amman Net; Roya News,National,"On 20 February 2024, taxi drivers staged a protest in front of the Ministry of Transport in Amman (Qasabat Amman, Amman). They demanded the prohibition of unlicensed taxi applications from operating in the city.",0,crowd size=no report,1715049487
JOR3694,2024-03-01,2024,1,Demonstrations,Protests,Peaceful protest,Protesters (Jordan),,Protesters,,,,Protesters only,,400,Middle East,Jordan,Al Karak,Al Karak,,Karak City,31.1637,35.762,2,Saraya,National,"On 1 March 2024, several people held a protest in the vicinity of Karak City (Al Karak, Al Karak) against the ongoing Israeli bombardment of Gaza.",0,crowd size=no report,1715049487
JOR3695,2024-03-05,2024,1,Demonstrations,Protests,Peaceful protest,Protesters (Jordan),Students (Jordan); Teachers (Jordan),Protesters,,,,Protesters only,,400,Middle East,Jordan,Amman,Al Jamiah,,Tila al Ali,31.991,35.8687,1,Saraya,National,"On 5 March 2024, hundreds of student teachers staged a protest in front of the University of Jordan in Tila al Ali (Al Jamiah, Amman) to demand their financial entitlements of transportation allowance.",0,crowd size=hundreds,1715049487
JOR3696,2024-03-06,2024,1,Demonstrations,Protests,Peaceful protest,Protesters (Jordan),,Protesters,,,,Protesters only,,400,Middle East,Jordan,Amman,Al Jamiah,,Tila al Ali,31.991,35.8687,1,Roya News,National,"On 6 March 2024, a number of citizens took to the streets in front of Al Kalouti Mosque in Tila al Ali (Al Jamiah, Amman) in solidarity with the Palestinian people and Gaza as well as against Israel.",0,crowd size=no report,1715049487
JOR3698,2024-03-08,2024,1,Demonstrations,Protests,Peaceful protest,Protesters (Jordan),,Protesters,,,,Protesters only,,400,Middle East,Jordan,Al Karak,Al Karak,,Karak City,31.1637,35.762,3,Roya News,National,"On 8 March 2024, protesters joined rallies in Al Karak governorate (coded to Karak City) against the government's policy of continuing goods exports to Israel. They rallied in support of Gaza and the Palestinian people as well as against Israel.",0,crowd size=no report,1715049487
JOR3793,2024-04-14,2024,1,Strategic developments,Strategic developments,Change to group/activity,Government of Jordan (1999-),,State forces,,,,State forces only,,400,Middle East,Jordan,Amman,Qasabat Amman,,Amman,31.9552,35.945,3,Al Ghad (Jordan); Amman Net; Jo 24; Jordan Times; Roya News; Saraya,National,"Security measures: On 14 April 2024, at around 1:00 AM, the Jordanian government announced the closure of airspace over all airports across the country (coded to Amman) due to the ongoing Iranian strikes targeting Israel. The closure lasted until 11:00 AM (local time).",0,,1715049487
JOR3794,2024-04-19,2024,1,Demonstrations,Protests,Peaceful protest,Protesters (Jordan),,Protesters,,,,Protesters only,,400,Middle East,Jordan,Amman,Al Jamiah,,Tila al Ali,31.991,35.8687,1,Al Ghad (Jordan); Jo 24; Jordan News Agency,National,"On 19 April 2024, thousands of Jordanian citizens took to the streets near Al Kalooti mosque in Tila al Ali (Al Jamiah, Amman) to protest against the continuous Israeli bombardment of Gaza. Protesters also rallied in support of Gaza and the Palestinian people.",0,crowd size=thousands,1715049487
JOR3796,2024-04-19,2024,1,Demonstrations,Protests,Peaceful protest,Protesters (Jordan),Coalition of Nationalist and Leftist Parties,Protesters,,,,Protesters only,,400,Middle East,Jordan,Amman,Qasabat Amman,,Amman,31.9552,35.945,1,Al Ghad (Jordan); Jo 24; Jordan News Agency,National,"On 19 April 2024, hundreds of Jordanian citizens took to the streets near Grand Al Husseini mosque in Amman (Qasabat Amman, Amman) to protest against the continuous Israeli bombardment of Gaza. Protesters rallied in support of Gaza and the Palestinian people. The Coalition of Nationalist and Leftist Parties called for the rally.",0,crowd size=hundreds,1715049487
JOR3797,2024-04-14,2024,1,Strategic developments,Strategic developments,Disrupted weapons use,Military Forces of Jordan (1999-),,State forces,Military Forces of Iran (1989-) Islamic Revolutionary Guard Corps,,External/Other forces,State forces-External/Other forces,,400,Middle East,Jordan,Al Karak,Al Karak,,Karak City,31.1637,35.762,2,Times of Israel,Regional,"Interception: On 14 April 2024, Jordanian fighter jets intercepted multiple projectiles fired by the IRGC towards Israel somewhere in Al Karak governorate (Karak City). There were no casualties.",0,,1753954518
JOR3799,2024-04-14,2024,1,Strategic developments,Strategic developments,Disrupted weapons use,Military Forces of France (2017-),,External/Other forces,Military Forces of Iran (1989-) Islamic Revolutionary Guard Corps,,External/Other forces,External/Other forces-External/Other forces,,400,Middle East,Jordan,Amman,Qasabat Amman,,Amman,31.9552,35.945,3,RFI,International,"Interception: On 14 April 2024, French fighter jets intercepted several projectiles fired by the IRGC towards Israel over Jordanian airspace (coded to Amman). There were no casualties.",0,,1753954518
JOR3800,2024-04-23,2024,1,Demonstrations,Protests,Peaceful protest,Protesters (Jordan),NFSRPN: National Forum for Supporting Resistance and Protecting the Nation,Protesters,,,,Protesters only,,400,Middle East,Jordan,Amman,Al Jamiah,,Tila al Ali,31.991,35.8687,1,Jo 24,National,"On 23 April 2024, dozens of Jordanian citizens took to the streets near the Israeli embassy in Tila al Ali (Al Jamiah, Amman) to protest against the Israeli bombardment of Gaza. They rallied in support of Hamas, the Palestinian resistance and Gazans. The NFSRPN called for the protest.",0,crowd size=dozens,1715049487
JOR3802,2024-04-26,2024,1,Demonstrations,Protests,Peaceful protest,Protesters (Jordan),,Protesters,,,,Protesters only,,400,Middle East,Jordan,Amman,Qasabat Amman,,Amman,31.9552,35.945,1,Al Ghad (Jordan); Jo 24; Jordan News Agency; Roya News; Saraya,National,"On 26 April 2024, thousands of Jordanians carried out a protest in front of the Grand Husseini Mosque in Amman (Qasabat Amman, Amman) against the continuous Israeli bombardment of Gaza. They rallied in support of Gaza and the Palestinian people.",0,crowd size=thousands,1715049487
JOR3806,2024-04-30,2024,1,Demonstrations,Protests,Peaceful protest,Protesters (Jordan),JEA: Jordan Engineers Association; Labor Group (Lebanon),Protesters,,,,Protesters only,,400,Middle East,Jordan,Amman,Qasabat Amman,,Amman,31.9552,35.945,1,Jo 24,National,"On 30 April 2024, dozens of members of the JEA gathered in front of the Syndicate building in Ash Shumaysani area in Amman (Qasabat Amman, Amman) to protest against the arrest of several activists in a previous protest. The activists were arrested during demonstrations near the Israeli embassy. They called on authorities to release all activists associated with pro-Palestine protests.",0,crowd size=dozens,1715049487
JOR3807,2024-04-30,2024,1,Demonstrations,Protests,Peaceful protest,Protesters (Jordan),NFSRPN: National Forum for Supporting Resistance and Protecting the Nation,Protesters,,,,Protesters only,,400,Middle East,Jordan,Irbid,Qasabat Irbid,,Irbid,32.5556,35.85,1,Jo 24,National,"On 30 April 2024, dozens of Jordanian citizens took to the streets near Sheikh Nouh Al Kodat mosque in Irbid (Qasabat Irbid, Irbid) to protest against the continuous Israeli bombardment of Gaza. They also rallied in support of the Palestinian resistance, Hamas, and the Palestinian people. The NFSRPN called for the rally.",0,crowd size=dozens,1715049487
JOR3808,2024-05-03,2024,1,Demonstrations,Protests,Peaceful protest,Protesters (Jordan),NFSRPN: National Forum for Supporting Resistance and Protecting the Nation,Protesters,,,,Protesters only,,400,Middle East,Jordan,Amman,Qasabat Amman,,Amman,31.9552,35.945,1,Jo 24; Jordan News Agency; Roya News; Saraya,National,"On 3 May 2024, thousands of Jordanian citizens took to the streets in front of the Grand Husseini Mosque in Amman (Qasabat Amman, Amman) to protest against the continuous Israeli bombardment of Gaza. They also rallied in support of Gaza, Hamas, and the Palestinian resistance. The NFSRPN called for the protest.",0,crowd size=thousands,1715049487
JOR3810,2024-05-03,2024,1,Demonstrations,Protests,Peaceful protest,Protesters (Jordan),,Protesters,,,,Protesters only,,400,Middle East,Jordan,Al Karak,Al Karak,,Al Mansheya,31.1877,35.7405,1,Jo 24,National,"On 3 May 2024, hundreds of Jordanian citizens took to the streets in front of Al Manshiya mosque in Al Mansheya (Al Karak, Al Karak) to protest against the continuous Israeli bombardment of Gaza. They also rallied in support of Gaza, Hamas, and the Palestinian resistance.",0,crowd size=hundreds,1715049487
JOR3811,2024-05-03,2024,1,Demonstrations,Protests,Peaceful protest,Protesters (Jordan),,Protesters,,,,Protesters only,,400,Middle East,Jordan,Al Aqabah,Qasabat al Aqaba,,Aqaba,29.5267,35.0078,1,Jo 24,National,"On 3 May 2024, hundreds of Jordanian citizens took to the streets in Aqaba (Qasabat al Aqaba, Al Aqabah) to protest against the continuous Israeli bombardment of Gaza. They also rallied in support of Gaza, Hamas, and the Palestinian resistance.",0,crowd size=hundreds,1715049487
JOR3812,2024-05-03,2024,1,Demonstrations,Protests,Peaceful protest,Protesters (Jordan),,Protesters,,,,Protesters only,,400,Middle East,Jordan,At Tafilah,At Tafilah,,At Tafilah,30.8375,35.6044,1,Jo 24,National,"On 3 May 2024, dozens of Jordanian citizens took to the streets in At Tafilah (At Tafilah, At Tafilah) to protest against the continuous Israeli bombardment of Gaza. They also rallied in support of Gaza, Hamas, and the Palestinian resistance.",0,crowd size=dozens,1715049487
JOR3813,2024-05-10,2024,1,Demonstrations,Protests,Peaceful protest,Protesters (Jordan),,Protesters,,,,Protesters only,,400,Middle East,Jordan,Al Aqabah,Qasabat al Aqaba,,Aqaba,29.5267,35.0078,1,Jo 24,National,"On 10 May 2024, dozens of Jordanian citizens took to the streets in Aqaba city (Qasabat al Aqaba, Al Aqabah) in support of the Palestinian resistance and Gaza. They also rallied against the continuous Israeli bombardment of Gaza.",0,crowd size=dozens,1715641786
JOR3814,2024-05-10,2024,1,Demonstrations,Protests,Peaceful protest,Protesters (Jordan),,Protesters,,,,Protesters only,,400,Middle East,Jordan,Al Karak,Al Karak,,Karak City,31.1637,35.762,1,Jo 24,National,"On 10 May 2024, dozens of Jordanian citizens took to the streets in Karak city (Al Karak, Al Karak) in support of the Palestinian resistance and Gaza. They also rallied against the continuous Israeli bombardment of Gaza.",0,crowd size=dozens,1715641786
JOR3815,2024-05-06,2024,1,Demonstrations,Protests,Peaceful protest,Protesters (Jordan),JEA: Jordan Engineers Association; Labor Group (Jordan),Protesters,,,,Protesters only,,400,Middle East,Jordan,Amman,Qasabat Amman,,Amman,31.9552,35.945,1,Jo 24,National,"On 6 May 2024, dozens of engineers, and activists took to the streets in front of the Trade Union complex in Amman (Qasabat Amman, Amman) to protest against the arrest of pro-Palestine activists. Protesters also expressed support for Palestinians in Gaza and condemn Israel's operations and conduct in the area. The JEA called for the protest.",0,crowd size=dozens,1715641786
JOR3816,2024-05-10,2024,1,Demonstrations,Protests,Peaceful protest,Protesters (Jordan),Coalition of Nationalist and Leftist Parties; NFSRPN: National Forum for Supporting Resistance and Protecting the Nation,Protesters,,,,Protesters only,,400,Middle East,Jordan,Amman,Qasabat Amman,,Amman,31.9552,35.945,1,Jo 24; Jordan News Agency; Saraya,National,"On 10 May 2024, thousands of Jordanian citizens took to the streets in front of the Grand Husseini Mosque in Amman city (Qasabat Amman, Amman) in support of the Palestinian resistance and Gaza. They also rallied against the continuous Israeli bombardment of Gaza. The NFSRPN and the coalition of Leftist and Nationalist Parties called for the protest.",0,crowd size=thousands,1715641786
JOR3817,2024-05-10,2024,1,Demonstrations,Protests,Peaceful protest,Protesters (Jordan),IMJ: Islamic Movement in Jordan,Protesters,,,,Protesters only,,400,Middle East,Jordan,Az Zarqa,Az Zarqa,,Zarqa,32.0728,36.088,1,Jo 24,National,"On 10 May 2024, hundreds of Jordanian citizens took to the streets in Zarqa city (Az Zarqa, Az Zarqa) in support of the Palestinian resistance and Gaza. They also rallied against the continuous Israeli bombardment of Gaza. The IMJ called for the protest.",0,crowd size=hundreds,1715641786
JOR3818,2024-05-10,2024,1,Demonstrations,Protests,Peaceful protest,Protesters (Jordan),NFSRPN: National Forum for Supporting Resistance and Protecting the Nation,Protesters,,,,Protesters only,,400,Middle East,Jordan,Irbid,Qasabat Irbid,,Irbid,32.5556,35.85,1,Jo 24,National,"On 10 May 2024, hundreds of Jordanian citizens took to the streets in Irbid city (Qasabat Irbid, Irbid) in support of the Palestinian resistance and Gaza. They also rallied against the continuous Israeli bombardment of Gaza. The NFSRPN called for the protest.",0,crowd size=hundreds,1715641786
JOR3819,2024-03-15,2024,3,Strategic developments,Strategic developments,Arrests,Military Forces of Jordan (1999-),,State forces,Unidentified Armed Group (Jordan),Muslim Brotherhood (Jordan),Political militia,State forces-Political militia,,400,Middle East,Jordan,Amman,Qasabat Amman,,Amman,31.9552,35.945,3,Al Ghad (Jordan); Amman Net; Jordan News Agency; Jordan Times; Reuters; Roya News; Saraya,National-International,"Around 15 March 2024 (month of), the Jordanian government announced that its military security services arrested several individuals suspected of smuggling arms somewhere in the Kingdom (coded to Amman). The security services foiled an attempt to smuggle large amount of weapons into the country for a cell of the Muslim Brotherhood in the country from Iran. The Muslim Brotherhood confirmed that some of its members were among the arrestees. The group officially disavowed their members who were part of this cell.",0,,1716240620
JOR3821,2024-05-14,2024,1,Demonstrations,Protests,Peaceful protest,Protesters (Jordan),NFSRPN: National Forum for Supporting Resistance and Protecting the Nation,Protesters,,,,Protesters only,,400,Middle East,Jordan,Amman,Al Jamiah,,Tila al Ali,31.991,35.8687,1,Jo 24,National,"On 14 May 2024, hundreds of Jordanian citizens took to the streets in front of Al Kalooti mosque in Tila al Ali (Al Jamiah, Amman) to protest against the continuous Israeli bombardment of Gaza. They rallied in support of the Palestinian resistance and Hamas. The NFSRPN called for the protest",0,crowd size= hundreds,1716240620
JOR3822,2024-05-17,2024,1,Demonstrations,Protests,Peaceful protest,Protesters (Jordan),NFSRPN: National Forum for Supporting Resistance and Protecting the Nation,Protesters,,,,Protesters only,,400,Middle East,Jordan,Irbid,Qasabat Irbid,,Irbid,32.5556,35.85,1,Jo 24,National,"On 17 May 2024, hundreds of Jordanian protesters took to the streets in front of Al Hashemite Mosque in Irbid (Qasabat Irbid, Irbid) to protest against the continuous Israeli bombardment of Gaza. They rallied in support of Palestine and Gaza. The NFSRPN called for the rally.",0,crowd size= hundreds,1716240620
JOR3823,2024-05-17,2024,1,Demonstrations,Protests,Peaceful protest,Protesters (Jordan),,Protesters,,,,Protesters only,,400,Middle East,Jordan,Amman,Qasabat Amman,,Amman,31.9552,35.945,1,Jo 24; Roya News; Saraya,National,"On 17 May 2024, thousands of Jordanian protesters took to the streets in front of Grand Al Husseini Mosque in Amman (Qasabat Amman, Amman) to protest against the continuous Israeli bombardment of Gaza. They rallied in support of Palestine and Gaza.",0,crowd size= thousands,1716240620
JOR3825,2024-05-21,2024,1,Demonstrations,Protests,Peaceful protest,Protesters (Jordan),,Protesters,,,,Protesters only,,400,Middle East,Jordan,Amman,Al Jamiah,,Tila al Ali,31.991,35.8687,1,Jo 24,National,"On 21 May 2024, dozens of activists took to the streets in front of Al Kalooti mosque near the Israeli embassy in Tila al Ali (Al Jamiah, Amman) to protest against the continuous Israeli bombardment of Gaza. Protesters rallied in support of Hamas and the Palestinian resistance.",0,crowd size=dozens,1716850487
JOR3826,2024-05-24,2024,1,Demonstrations,Protests,Peaceful protest,Protesters (Jordan),NFSRPN: National Forum for Supporting Resistance and Protecting the Nation,Protesters,,,,Protesters only,,400,Middle East,Jordan,Amman,Qasabat Amman,,Amman,31.9552,35.945,1,Jo 24; Jordan News Agency; Roya News; Saraya,National,"On 24 May 2024, thousands of Jordanian citizens took to the streets in Amman (Qasabat Amman, Amman) to protest against the continuous Israeli bombardment of Gaza. They rallied in support of the Palestinian resistance and Hamas. The NFSRPN called for the protest.",0,crowd size=thousands,1716850487
JOR3827,2024-05-24,2024,1,Demonstrations,Protests,Peaceful protest,Protesters (Jordan),,Protesters,,,,Protesters only,,400,Middle East,Jordan,Irbid,Qasabat Irbid,,Irbid,32.5556,35.85,1,Jo 24,National,"On 24 May 2024, hundreds of Jordanian citizens took to the streets in front of the Hashemite mosque in Irbid (Qasabat Irbid, Irbid) to protest against the continuous Israeli bombardment of Gaza. They rallied in support of the Palestinian resistance and Hamas.",0,crowd size=hundreds,1716850487
JOR3828,2024-05-24,2024,1,Demonstrations,Protests,Peaceful protest,Protesters (Jordan),,Protesters,,,,Protesters only,,400,Middle East,Jordan,Al Karak,Al Karak,,Karak City,31.1637,35.762,1,Jo 24,National,"On 24 May 2024, dozens of Jordanian citizens took to the streets in Karak city (Al Karak, A; Karak) to protest against the continuous Israeli bombardment of Gaza. They rallied in support of the Palestinian resistance and Hamas.",0,crowd size=dozens,1716850487
JOR3830,2024-06-21,2024,1,Demonstrations,Protests,Peaceful protest,Protesters (Jordan),NFSRPN: National Forum for Supporting Resistance and Protecting the Nation,Protesters,,,,Protesters only,,400,Middle East,Jordan,Amman,Qasabat Amman,,Amman,31.9552,35.945,1,Amman Net; Jo 24; Jordan News Agency; Saraya,National,"On 21 June 2024, thousands of Jordanian citizens took to the streets in front of Grand Al Husseini Mosque in Amman (Qasabat Amman, Amman) to protest against the continuous Israeli bombardment of Gaza. They rallied in support of Gaza and the Palestinian resistance. The NFSRPN called for the protest.",0,crowd size=thousands,1719274351
JOR3831,2024-06-21,2024,1,Demonstrations,Protests,Peaceful protest,Protesters (Jordan),NFSRPN: National Forum for Supporting Resistance and Protecting the Nation,Protesters,,,,Protesters only,,400,Middle East,Jordan,Irbid,Qasabat Irbid,,Irbid,32.5556,35.85,1,Jo 24,National,"On 21 June 2024, hundreds of Jordanian citizens took to the streets in front of the Hashemite Mosque in Irbid (Qasabat Irbid, Irbid) to protest against the continuous Israeli bombardment of Gaza. They rallied in support of Gaza and the Palestinian resistance. The NFSRPN called for the protest.",0,crowd size=hundreds,1719274351
JOR3832,2024-06-21,2024,1,Demonstrations,Protests,Peaceful protest,Protesters (Jordan),,Protesters,,,,Protesters only,,400,Middle East,Jordan,Al Karak,Al Karak,,Karak City,31.1637,35.762,1,Jo 24; Saraya,National,"On 21 June 2024, hundreds of Jordanian citizens took to the streets in front of Grand Al Manshiya Mosque in Karak city (Al Karak, Al Karak) to protest against the continuous Israeli bombardment of Gaza. They rallied in support of Gaza and the Palestinian resistance.",0,crowd size=hundreds,1719274351
JOR3833,2024-06-21,2024,1,Demonstrations,Protests,Peaceful protest,Protesters (Jordan),,Protesters,,,,Protesters only,,400,Middle East,Jordan,At Tafilah,At Tafilah,,At Tafilah,30.8375,35.6044,1,Jo 24; Saraya,National,"On 21 June 2024, dozens of Jordanian citizens took to the streets in front of the Grand Mosque in At Tafilah (At Tafilah, At Tafilah) to protest against the continuous Israeli bombardment of Gaza. They rallied in support of Gaza and the Palestinian resistance.",0,crowd size=dozens,1719274351
JOR3847,2024-06-14,2024,1,Demonstrations,Protests,Peaceful protest,Protesters (Jordan),,Protesters,,,,Protesters only,,400,Middle East,Jordan,Al Karak,Al Mazar al Janubi,,Mu'tah,31.0925,35.6944,1,Jo 24,National,"On 14 June 2024, dozens of Jordanian citizens took to the streets in Mota (Al Mazar al Janubi, Al Karak) to protest against the continuous Israeli bombardment of Gaza. They rallied in support of the Palestinian resistance and Gaza.",0,crowd size=dozens,1719274354
JOR3848,2024-06-14,2024,1,Demonstrations,Protests,Peaceful protest,Protesters (Jordan),,Protesters,,,,Protesters only,,400,Middle East,Jordan,Amman,Qasabat Amman,,Amman,31.9552,35.945,1,Jo 24; Jordan News Agency,National,"On 14 June 2024, thousands of Jordanian citizens took to the streets near the US Embassy in Amman (Qasabat Amman, Amman) to protest against the continuous Israeli bombardment of Gaza. They rallied in support of the Palestinian resistance and Gaza. Another protest also took place in front of the Grand Husseini Mosque in Amman.",0,crowd size=thousands,1719274354
JOR3849,2024-06-14,2024,1,Demonstrations,Protests,Peaceful protest,Protesters (Jordan),,Protesters,,,,Protesters only,,400,Middle East,Jordan,Irbid,Qasabat Irbid,,Irbid,32.5556,35.85,1,Jo 24,National,"On 14 June 2024, hundreds of Jordanian citizens took to the streets in front of the Hashemite Mosque in Irbid (Qasabat Irbid, Irbid) to protest against the continuous Israeli bombardment of Gaza. They rallied in support of the Palestinian resistance and Gaza.",0,crowd size=hundreds,1719274354
JOR3837,2024-06-07,2024,1,Demonstrations,Protests,Peaceful protest,Protesters (Jordan),NFSRPN: National Forum for Supporting Resistance and Protecting the Nation,Protesters,,,,Protesters only,,400,Middle East,Jordan,Amman,Qasabat Amman,,Amman,31.9552,35.945,1,Jo 24; Jordan News Agency; Jordan Times,National,"On 7 June 2024, thousands of Jordanian citizens took to the streets after Friday prayer infront of Grand Al Husseini Mosque in Amman (Qasabat Amman, Amman) to protest against the continuous Israeli bombardment of Gaza. They also rallied in support of Hamas and the Palestinian resistance. The NFSRPN called for the protest.",0,crowd size=thousands,1719274358
JOR3838,2024-06-07,2024,1,Demonstrations,Protests,Peaceful protest,Protesters (Jordan),NFSRPN: National Forum for Supporting Resistance and Protecting the Nation,Protesters,,,,Protesters only,,400,Middle East,Jordan,Irbid,Qasabat Irbid,,Irbid,32.5556,35.85,1,Jo 24,National,"On 7 June 2024, hundreds of Jordanian citizens took to the streets after Friday prayer in front of al Hashimi Mosque in Irbid (Qasabat Irbid, Irbid) to protest against the continuous Israeli bombardment of Gaza. They also rallied in support of Hamas and the Palestinian resistance. The NFSRPN called for the protest.",0,crowd size=hundreds,1719274358
JOR3845,2024-06-07,2024,1,Demonstrations,Protests,Peaceful protest,Protesters (Jordan),,Protesters,,,,Protesters only,,400,Middle East,Jordan,Al Karak,Al Karak,,Karak City,31.1637,35.762,1,Jo 24; Saraya,National,"On 7 June 2024, dozens of Jordanian citizens took to the streets after Friday prayer infront of al Oumri Mosque in Karak city (Al Karak, Al Karak) to protest against the continuous Israeli bombardment of Gaza. They also rallied in support of Hamas and the Palestinian resistance.",0,crowd size=dozens,1719274358
JOR3844,2024-06-04,2024,1,Demonstrations,Protests,Peaceful protest,Protesters (Jordan),,Protesters,,,,Protesters only,,400,Middle East,Jordan,Amman,Al Jamiah,,Tila al Ali,31.991,35.8687,1,Jo 24,National,"On 4 June 2024, dozens of Jordanian citizens took to the streets infront of the Israeli embassy in Tila al Ali (Al Jamiah, Jordan) to protest against the continuous Israeli bombardment of Gaza. They rallied in support of the Palestinian resistance and Hamas.",0,crowd size=dozens,1719274360
JOR3835,2024-05-31,2024,1,Demonstrations,Protests,Peaceful protest,Protesters (Jordan),IAF: Islamic Action Front; NFSRPN: National Forum for Supporting Resistance and Protecting the Nation,Protesters,,,,Protesters only,,400,Middle East,Jordan,Amman,Qasabat Amman,,Amman,31.9552,35.945,1,Jo 24; Jordan Times; Saraya,National,"On 31 May 2024, thousands of Jordanian citizens took to the streets in front of the Grand Husseini Mosque in Amman city (Qasabat Amman, Amman) to protest Israel's ongoing bombardment of Gaza. They rallied in support of Hamas and the Palestinian resistance. The IAF and the NFSRPN called for the protest.",0,crowd size=thousands,1719274362
JOR3836,2024-05-31,2024,1,Demonstrations,Protests,Peaceful protest,Protesters (Jordan),NFSRPN: National Forum for Supporting Resistance and Protecting the Nation,Protesters,,,,Protesters only,,400,Middle East,Jordan,Irbid,Qasabat Irbid,,Irbid,32.5556,35.85,1,Jo 24; Saraya,National,"On 31 May 2024, hundreds of Jordanian citizens took to the streets in front of the Hashimi Mosque in Irbid city (Qasabat Irbid, Irbid) to protest Israel's ongoing bombardment of Gaza. They rallied in support of Hamas and the Palestinian resistance. The NFSRPN called for the protest.",0,crowd size=hundreds,1719274362
JOR3842,2024-05-31,2024,1,Demonstrations,Protests,Peaceful protest,Protesters (Jordan),,Protesters,,,,Protesters only,,400,Middle East,Jordan,Al Karak,Al Karak,,Karak City,31.1637,35.762,1,Jo 24,National,"On 31 May 2024, hundreds of Jordanian citizens took to the streets in front of Al Qasr Al Kabir Mosque in Karak city (Al Karak, Al Karak) to protest Israel's ongoing bombardment of Gaza. They rallied in support of Hamas and the Palestinian resistance.",0,crowd size=hundreds,1719274362
JOR3843,2024-05-31,2024,1,Demonstrations,Protests,Peaceful protest,Protesters (Jordan),,Protesters,,,,Protesters only,,400,Middle East,Jordan,Az Zarqa,Az Zarqa,,Zarqa,32.0728,36.088,1,Jo 24; Saraya,National,"On 31 May 2024, hundreds of Jordanian citizens took to the streets in Zarqa city (Az Zarqa, Az Zarqa) to protest Israel's ongoing bombardment of Gaza. They rallied in support of Hamas and the Palestinian resistance.",0,crowd size=hundreds,1719274362
JOR3840,2024-05-27,2024,1,Demonstrations,Protests,Peaceful protest,Protesters (Jordan),,Protesters,,,,Protesters only,,400,Middle East,Jordan,Amman,Qasabat Amman,,Jabal al Taj,31.9497,35.949,1,Jo 24,National,"On 27 May 2024, dozens of Jordanian citizens took to the streets in front of Jaafar al Tayyar mosque in Jabal al Taj (Qasabat Amman, Amman) to protest against Israel's bombardment of areas of displaced people within Rafah. They rallied in support of Gaza and the Palestinian resistance.",0,crowd size=dozens,1755564837
JOR3841,2024-05-27,2024,1,Demonstrations,Protests,Peaceful protest,Protesters (Jordan),,Protesters,,,,Protesters only,,400,Middle East,Jordan,Amman,Al Jamiah,,Tila al Ali,31.991,35.8687,1,Jo 24,National,"On 27 May 2024, hundreds of Jordanian citizens took to the streets in front of Al Kalooti mosque near the Israeli embassy in Tila al Ali (Al Jamiah, Amman) to protest against Israel's bombardment of areas of displaced people within Rafah. They rallied in support of Gaza and the Palestinian resistance.",0,crowd size=hundreds,1719274366
JOR3824,2024-05-17,2024,1,Demonstrations,Protests,Peaceful protest,Protesters (Jordan),,Protesters,,,,Protesters only,,400,Middle East,Jordan,Al Karak,Al Mazar al Janubi,,Al Mazar al Janubi,31.0672,35.6949,1,Jo 24,National,"On 17 May 2024, dozens of Jordanian protesters took to the streets in Al Mazar al Janubi (Al Mazar al Janubi, Al Karak) to protest against the continuous Israeli bombardment of Gaza. They rallied in support of Palestine and Gaza.",0,crowd size= dozens,1719274424
JOR3804,2024-04-26,2024,1,Demonstrations,Protests,Peaceful protest,Protesters (Jordan),,Protesters,,,,Protesters only,,400,Middle East,Jordan,Al Karak,Al Mazar al Janubi,,Al Mazar al Janubi,31.0672,35.6949,1,Jo 24,National,"On 26 April 2024, dozens of Jordanian citizens carried out a protest in Al Mazar Al Janubi (Al Mazar Al Janubi, Al Karak) against the continuous Israeli bombardment of Gaza. They rallied in support of Gaza and the Palestinian people.",0,crowd size=dozens,1719274426
JOR2716,2024-03-29,2024,1,Demonstrations,Protests,Peaceful protest,Protesters (Jordan),,Protesters,,,,Protesters only,,400,Middle East,Jordan,Al Karak,Al Mazar al Janubi,,Al Mazar al Janubi,31.0672,35.6949,1,Jo 24; Saraya,National,"On 29 March 2024, hundreds of Jordanians took to the streets in front of Jaafar Al Tayyar Mosque in Al Mazar Al Janubi (Al Mazar al Janubi, Al Karak) to protest against Israel and in support of Gaza and the Palestinian people. They called on the Jordanian government to suspend goods exports to Israel from Gulf countries via Jordanian territory. They also rallied in support of Hamas and the Palestinian resistance.",0,crowd size=hundreds,1719274428
JOR3850,2024-06-28,2024,1,Strategic developments,Strategic developments,Disrupted weapons use,Military Forces of Jordan (1999-),,State forces,Unidentified Armed Group (Jordan),,Political militia,State forces-Political militia,,400,Middle East,Jordan,Amman,Qasabat Amman,,Amman,31.9552,35.945,2,Arab News,Regional,"Defusal: On 28 June 2024, Jordanian military forces carried out a controlled detonation of explosives found concealed in a commercial warehouse southeast of Amman city (Qasabat Amman, Amman). The explosives are believed to be planted by an armed group with close connections to Iran's revolutionary guard.",0,,1719876470
JOR3851,2024-06-28,2024,1,Demonstrations,Protests,Peaceful protest,Protesters (Jordan),NFSRPN: National Forum for Supporting Resistance and Protecting the Nation,Protesters,,,,Protesters only,,400,Middle East,Jordan,Amman,Qasabat Amman,,Amman,31.9552,35.945,1,Jo 24; Jordan News Agency; Saraya,National,"On 28 June 2024, thousands of Jordanian citizens took to the streets in front the Grand Husseini mosque in Amman city (Qasabat Amman, Amman) to protest against the continuous Israeli bombardment of Gaza. They rallied in support of Gaza and the Palestinian resistance. The NFSRPN called for the protest.",0,crowd size=thousands,1719876470
JOR3852,2024-06-28,2024,1,Demonstrations,Protests,Peaceful protest,Protesters (Jordan),NFSRPN: National Forum for Supporting Resistance and Protecting the Nation,Protesters,,,,Protesters only,,400,Middle East,Jordan,Irbid,Qasabat Irbid,,Irbid,32.5556,35.85,1,Jo 24,National,"On 28 June 2024, hundreds of Jordanian citizens took to the streets in front the Hashemite mosque in Irbid city (Qasabat Irbid, Irbid) to protest against the continuous Israeli bombardment of Gaza. They rallied in support of Gaza and the Palestinian resistance. The NFSRPN called for the protest.",0,crowd size=hundreds,1719876470
JOR3853,2024-06-28,2024,1,Demonstrations,Protests,Peaceful protest,Protesters (Jordan),,Protesters,,,,Protesters only,,400,Middle East,Jordan,Al Karak,Al Karak,,Karak City,31.1637,35.762,1,Jo 24,National,"On 28 June 2024, a group of protesters took to the streets in front Al Thanieh mosque in Karak city (Al Karak, Al Karak) to protest against the continuous Israeli bombardment of Gaza. They rallied in support of Gaza and the Palestinian resistance.",0,crowd size=no report,1719876470
JOR3854,2024-07-05,2024,1,Demonstrations,Protests,Peaceful protest,Protesters (Jordan),,Protesters,,,,Protesters only,,400,Middle East,Jordan,Al Karak,Al Karak,,Karak City,31.1637,35.762,1,Jo 24,National,"On 5 July 2024, dozens of Jordanian citizens took to the streets infront of Al Marj mosque in Karak city (Al Karak, Al Karak) to protest against the continuous Israeli bombardment of Gaza. They rallied in support of Hamas and the Palestinian resistance.",0,crowd size= dozens,1720481993
JOR3855,2024-07-05,2024,1,Demonstrations,Protests,Peaceful protest,Protesters (Jordan),NFSRPN: National Forum for Supporting Resistance and Protecting the Nation,Protesters,,,,Protesters only,,400,Middle East,Jordan,Irbid,Qasabat Irbid,,Irbid,32.5556,35.85,1,Jo 24,National,"On 5 July 2024, hundreds of Jordanian citizens took to the streets in Irbid (Qasabat Irbid, Irbid) to protest against the continuous Israeli bombardment of Gaza. They rallied in support of Hamas and the Palestinian resistance. The NFSRPN called for the rally.",0,crowd size= hundreds,1720481993
JOR3856,2024-07-05,2024,1,Demonstrations,Protests,Peaceful protest,Protesters (Jordan),NFSRPN: National Forum for Supporting Resistance and Protecting the Nation,Protesters,,,,Protesters only,,400,Middle East,Jordan,Amman,Qasabat Amman,,Amman,31.9552,35.945,1,Jo 24; Jordan News Agency; Saraya,National,"On 5 July 2024, hundreds of Jordanian citizens took to the streets in front of the Grand Husseini Mosque in Amman (Qasabat Amman, Amman) to protest against the continuous Israeli bombardment of Gaza. They rallied in support of Hamas and the Palestinian resistance. The NFSRPN called for the rally.",0,crowd size= hundreds,1720481993
JOR3858,2024-07-12,2024,1,Demonstrations,Protests,Peaceful protest,Protesters (Jordan),,Protesters,,,,Protesters only,,400,Middle East,Jordan,Al Karak,Al Karak,,Karak City,31.1637,35.762,1,Jo 24,National,"On 12 July 2024, hundreds of Jordanian citizens took to the streets in Karak city (Al Karak, Al Karak) to protest against the continuous Israeli bombardment of Gaza. They rallied in support of Hamas and the Palestinian resistance.",0,crowd size=hundreds,1721086467
JOR3859,2024-07-12,2024,1,Demonstrations,Protests,Peaceful protest,Protesters (Jordan),,Protesters,,,,Protesters only,,400,Middle East,Jordan,Amman,Qasabat Amman,,Amman,31.9552,35.945,1,Jo 24,National,"On 12 July 2024, thousands of Jordanian citizens took to the streets in front of the Grand Husseini Mosque in Amman (Qasabat Amman, Amman) to protest against the continuous Israeli bombardment of Gaza. They rallied in support of Hamas and the Palestinian resistance.",0,crowd size=thousands,1721086467
JOR3860,2024-07-12,2024,1,Demonstrations,Protests,Peaceful protest,Protesters (Jordan),NFSRPN: National Forum for Supporting Resistance and Protecting the Nation,Protesters,,,,Protesters only,,400,Middle East,Jordan,Irbid,Qasabat Irbid,,Irbid,32.5556,35.85,1,Jo 24,National,"On 12 July 2024, hundreds of Jordanian citizens took to the streets in front of Al Hashemite mosque in Irbid (Qasabat Irbid, Irbid) to protest against the continuous Israeli bombardment of Gaza. They rallied in support of Hamas and the Palestinian resistance. The NFSRPN called for the rally.",0,crowd size=hundreds,1721086467
JOR3809,2024-05-03,2024,1,Demonstrations,Protests,Peaceful protest,Protesters (Jordan),NFSRPN: National Forum for Supporting Resistance and Protecting the Nation,Protesters,,,,Protesters only,,400,Middle East,Jordan,Irbid,Qasabat Irbid,,Irbid,32.5556,35.85,1,Jo 24,National,"On 3 May 2024, hundreds of Jordanian citizens took to the streets in Irbid (Qasabat Irbid, Irbid) to protest in support for the American students who are demonstrating against the Israeli bombardment. They also rallied in support of Gaza, Hamas, and the Palestinian resistance. The NFSRPN called for the protest.",0,crowd size=hundreds,1721686968
JOR3846,2024-06-08,2024,1,Demonstrations,Protests,Peaceful protest,Protesters (Jordan),Muslim Group (Jordan),Protesters,,,,Protesters only,,400,Middle East,Jordan,Amman,Al Jamiah,,Tila al Ali,31.991,35.8687,1,Amman Net; Jo 24; Jordan Times,National,"On 8 June 2024, groups of protesters took to the streets in front of Al Kalooti Mosque in Tila al Ali (Al Jamiah, Amman) to protest against the continuous Israeli bombardment of Gaza. Security forces deployed checkpoints around the Israeli embassy and Al Kalooti mosque to prevent protesters from coming close. The protest was organized by unspecified Islamic and 'pro-resistance' groups.",0,crowd size=no report,1721686971
JOR3863,2024-07-19,2024,1,Demonstrations,Protests,Peaceful protest,Protesters (Jordan),NFSRPN: National Forum for Supporting Resistance and Protecting the Nation,Protesters,,,,Protesters only,,400,Middle East,Jordan,Amman,Qasabat Amman,,Amman,31.9552,35.945,1,Jo 24,National,"On 19 July 2024, thousands of Jordanian citizens took to the streets in front of the Grand Husseini Mosque in Amman (Qasabat Amman, Amman) to protest against the continuous Israeli bombardment of Gaza. They rallied in support of Hamas and the Palestinian resistance. The NFSRPN called for the rally",0,crowd size=thousands,1721691314
JOR3864,2024-07-19,2024,1,Demonstrations,Protests,Peaceful protest,Protesters (Jordan),NFSRPN: National Forum for Supporting Resistance and Protecting the Nation,Protesters,,,,Protesters only,,400,Middle East,Jordan,Irbid,Qasabat Irbid,,Irbid,32.5556,35.85,1,Jo 24,National,"On 19 July 2024, hundreds of Jordanian citizens took to the streets in front of the Hashemite mosque in Irbid city (Qasabat Irbid, Irbid) to protest against the continuous Israeli bombardment of Gaza. They rallied in support of Hamas and the Palestinian resistance. The NFSRPN called for the rally.",0,crowd size=hundreds,1721691314
JOR3865,2024-07-19,2024,1,Demonstrations,Protests,Peaceful protest,Protesters (Jordan),,Protesters,,,,Protesters only,,400,Middle East,Jordan,Al Karak,Al Karak,,Karak City,31.1637,35.762,1,Jo 24,National,"On 19 July 2024, dozens of Jordanian citizens took to the streets in Karak city (Al Karak, Al Karak) to protest against the continuous Israeli bombardment of Gaza. They rallied in support of Hamas and the Palestinian resistance.",0,crowd size=dozens,1721691314
JOR3866,2024-07-19,2024,1,Political violence,Battles,Armed clash,Unidentified Tribal Militia (Jordan),,Identity militia,Unidentified Tribal Militia (Jordan),,Identity militia,Identity militia-Identity militia,,400,Middle East,Jordan,Az Zarqa,Az Zarqa,,Al Zarqa al Jadida,32.0915,36.1048,1,Saraya,National,"On 19 July 2024, an armed clash took place between two groups (likely tribal militias) in Al Zarqa al Jadida (Az Zarqa, Az Zarqa). The groups used multiple kinds of ammunition and weapons in the clash. There were no casualties.",0,,1721691314
JOR3862,2024-07-16,2024,1,Political violence,Riots,Mob violence,Rioters (Jordan),,Rioters,Rioters (Jordan),,Rioters,Rioters-Rioters,,400,Middle East,Jordan,Irbid,Qasabat Irbid,,Irbid,32.5556,35.85,1,Roya News; Saraya,National,"On 16 July 2024, a brawl took place between two groups at a food market in Irbid city (Qasabat Irbid, Irbid). Three individuals were injured in the brawl.",0,crowd size=no report,1721691317
JOR3861,2024-07-15,2024,1,Political violence,Riots,Mob violence,Rioters (Jordan),,Rioters,Rioters (Jordan),,Rioters,Rioters-Rioters,,400,Middle East,Jordan,Irbid,Qasabat Irbid,,Irbid,32.5556,35.85,1,Saraya,National,"On 15 July 2024, a brawl took place between two groups at a food market in Irbid city (Qasabat Irbid, Irbid). One group used knives to attack the other. There were no casualties.",0,crowd size=no report,1721691317
JOR3867,2024-07-26,2024,1,Demonstrations,Protests,Peaceful protest,Protesters (Jordan),NFSRPN: National Forum for Supporting Resistance and Protecting the Nation,Protesters,,,,Protesters only,,400,Middle East,Jordan,Irbid,Qasabat Irbid,,Irbid,32.5556,35.85,1,Jo 24,National,"On 26 July 2024, hundreds of Jordanian citizens took to the streets in front of the Hashemite mosque in Irbid city (Qasabat Irbid, Irbid) to protest against the continuous Israeli bombardment of Gaza. They rallied in support of Hamas and the Palestinian resistance. The NFSRPN called for the protest.",0,crowd size=hundreds,1722291496
JOR3868,2024-07-26,2024,1,Demonstrations,Protests,Peaceful protest,Protesters (Jordan),,Protesters,,,,Protesters only,,400,Middle East,Jordan,Al Karak,Al Mazar al Janubi,,Mu'tah,31.0925,35.6944,1,Jo 24,National,"On 26 July 2024, dozens of Jordanian citizens took to the streets in Mu'tah (Al Mazar al Janubi, Al Karak) to protest against the continuous Israeli bombardment of Gaza. They rallied in support of Hamas and the Palestinian resistance.",0,crowd size=dozens,1722291496
JOR3869,2024-07-26,2024,1,Demonstrations,Protests,Peaceful protest,Protesters (Jordan),,Protesters,,,,Protesters only,,400,Middle East,Jordan,Amman,Qasabat Amman,,Amman,31.9552,35.945,1,Jo 24,National,"On 26 July 2024, thousands of Jordanian citizens took to the streets in front of the Grand Husseini Mosque in Amman (Qasabat Amman, Amman) to protest against the continuous Israeli bombardment of Gaza. They rallied in support of Hamas and the Palestinian resistance.",0,crowd size=thousands,1722291496
JOR3870,2024-07-31,2024,1,Demonstrations,Protests,Peaceful protest,Protesters (Jordan),IMJ: Islamic Movement in Jordan; NFSRPN: National Forum for Supporting Resistance and Protecting the Nation,Protesters,,,,Protesters only,,400,Middle East,Jordan,Amman,Al Jamiah,,Tila al Ali,31.991,35.8687,1,Amman Net; Jo 24,National,"On 31 July 2024, thousands of Jordanian citizens took to the streets near Al Kalooti mosque in Tila al Ali (Al Jamiah, Amman) to protest against the continuous Israeli bombardment of Gaza. They rallied in support of Gaza and the Palestinian resistance. They also rallied to denounce the latest assassination of Hamas political bureau chief Ismail Hanniyeh. The NFSRPN and the IMJ called for the protest.",0,crowd size=thousands,1722903300
JOR3871,2024-08-01,2024,1,Demonstrations,Protests,Peaceful protest,Protesters (Jordan),,Protesters,,,,Protesters only,,400,Middle East,Jordan,Az Zarqa,Az Zarqa,,Zarqa,32.0728,36.088,1,Roya News,National,"On 1 August 2024, Jordanian citizens took to the streets in Zarqa city (Az Zarqa, Az Zarqa) to protest against the assassination of Hamas political leader Ismail Hanniyeh in Tehran, Iran.",0,crowd size= no report,1722903300
JOR3872,2024-08-02,2024,1,Demonstrations,Protests,Peaceful protest,Protesters (Jordan),,Protesters,,,,Protesters only,,400,Middle East,Jordan,Amman,Al Jamiah,,Tila al Ali,31.991,35.8687,1,Jo 24,National,"On 2 August 2024, dozens of Jordanian citizens took to the streets infront of the Kalooti mosque in Tila al Ali (Al Jamiah, Amman) to protest against the assassination of Hamas political leader Ismail Hanniyeh in Tehran, Iran.",0,crowd size= dozens,1722903300
JOR3873,2024-08-02,2024,1,Demonstrations,Protests,Peaceful protest,Protesters (Jordan),,Protesters,,,,Protesters only,,400,Middle East,Jordan,Maan,Qasabat Maan,,Maan,30.1962,35.7341,3,Roya News,National,"On 2 August 2024, Jordanian citizens took to the streets somewhere in Maan governorate (coded to Maan) to protest against the assasssination of Hamas political bureau chief Ismail Hanniyeh in Tehran, Iran.",0,crowd size= no report,1722903300
JOR3874,2024-08-02,2024,1,Demonstrations,Protests,Peaceful protest,Protesters (Jordan),,Protesters,,,,Protesters only,,400,Middle East,Jordan,At Tafilah,At Tafilah,,At Tafilah,30.8375,35.6044,3,Roya News,National,"On 2 August 2024, Jordanian citizens took to the streets somewhere in At Tafilah governorate (coded to At Tafilah) to protest against the assasssination of Hamas political bureau chief Ismail Hanniyeh in Tehran, Iran.",0,crowd size= no report,1722903300
JOR3875,2024-08-02,2024,1,Demonstrations,Protests,Peaceful protest,Protesters (Jordan),,Protesters,,,,Protesters only,,400,Middle East,Jordan,Az Zarqa,Az Zarqa,,Zarqa,32.0728,36.088,3,Roya News,National,"On 2 August 2024, Jordanian citizens took to the streets somewhere in Az Zarqa governorate (coded to Zarqa) to protest against the assasssination of Hamas political bureau chief Ismail Hanniyeh in Tehran, Iran.",0,crowd size= no report,1722903300
JOR3876,2024-08-02,2024,1,Demonstrations,Protests,Peaceful protest,Protesters (Jordan),,Protesters,,,,Protesters only,,400,Middle East,Jordan,Al Karak,Al Karak,,Karak City,31.1637,35.762,3,Roya News,National,"On 2 August 2024, Jordanian citizens took to the streets somewhere in Al Karak governorate (coded to Karak city) to protest against the assasssination of Hamas political bureau chief Ismail Hanniyeh in Tehran, Iran.",0,crowd size= no report,1722903300
JOR3877,2024-08-03,2024,1,Demonstrations,Protests,Peaceful protest,Protesters (Jordan),Muslim Brotherhood (Jordan),Protesters,,,,Protesters only,,400,Middle East,Jordan,Amman,Qasabat Amman,,Amman,31.9552,35.945,1,Jo 24,National,"On 3 August 2024, thousands of Jordanian citizens took to the streets in Amman (Qasabat Amman, Amman) to commemorate 'International Gaza day' and to protest against the assassination of Ismail Hanniyeh. The Muslim Brotherhood called for the protest.",0,crowd size=thousands,1723505934
JOR3878,2024-08-09,2024,1,Demonstrations,Protests,Peaceful protest,Protesters (Jordan),NFSRPN: National Forum for Supporting Resistance and Protecting the Nation,Protesters,,,,Protesters only,,400,Middle East,Jordan,Amman,Qasabat Amman,,Amman,31.9552,35.945,1,Jo 24,National,"On 9 August 2024, thousands of Jordanian citizens took to the streets in front of the Grand Husseini Mosque in Amman (Qasabat Amman, Amman) to protest against the continuous Israeli bombardment of Gaza. They rallied in support of Hamas and the Palestinian resistance. The NFSRPN called for the protest.",0,crowd size=thousands,1723505934
JOR3879,2024-08-09,2024,1,Demonstrations,Protests,Peaceful protest,Protesters (Jordan),NFSRPN: National Forum for Supporting Resistance and Protecting the Nation,Protesters,,,,Protesters only,,400,Middle East,Jordan,Irbid,Qasabat Irbid,,Irbid,32.5556,35.85,1,Jo 24,National,"On 9 August 2024, hundreds of Jordanian citizens took to the streets in Irbid (Qasabat Irbid, Irbid) to protest against the continuous Israeli bombardment of Gaza. They rallied in support of Hamas and the Palestinian resistance. The NFSRPN called for the protest.",0,crowd size=hundreds,1723505934
JOR3880,2024-08-16,2024,1,Demonstrations,Protests,Peaceful protest,Protesters (Jordan),NFSRPN: National Forum for Supporting Resistance and Protecting the Nation,Protesters,,,,Protesters only,,400,Middle East,Jordan,Irbid,Qasabat Irbid,,Irbid,32.5556,35.85,1,Jo 24,National,"On 16 August 2024, hundreds of Jordanian citizens took to the streets in front of the Hashemite mosque in Irbid (Qasabat Irbid, Irbid) to protest against the continuous Israeli bombardment of Gaza. They rallied in support of Hamas and the Palestinian resistance. The NFSRPN called for the protest.",0,crowd size=hundreds,1724113692
JOR3881,2024-08-16,2024,1,Demonstrations,Protests,Peaceful protest,Protesters (Jordan),NFSRPN: National Forum for Supporting Resistance and Protecting the Nation,Protesters,,,,Protesters only,,400,Middle East,Jordan,Amman,Qasabat Amman,,Amman,31.9552,35.945,1,Jo 24,National,"On 16 August 2024, hundreds of Jordanian citizens took to the streets in front of the Grand Husseini mosque in Amman (Qasabat Amman, Amman) to protest against the continuous Israeli bombardment of Gaza as well as support to all Palestinian prisoners in Israeli prisons. They rallied in support of Hamas and the Palestinian resistance. The NFSRPN called for the protest.",0,crowd size=hundreds,1724113692
JOR3882,2024-08-10,2024,1,Demonstrations,Protests,Peaceful protest,Protesters (Jordan),,Protesters,,,,Protesters only,,400,Middle East,Jordan,Amman,Al Jamiah,,Tila al Ali,31.991,35.8687,1,Jo 24,National,"On 10 August 2024, hundreds of Jordanian citizens took to the streets infront of Al Kalooti mosque in Tila al Ali (Al Jamiah, Amman) to protest against the continuous Israeli bombardment of Gaza. They rallied in support of Hamas and the Palestinian resistance.",0,crowd size=hundreds,1724113692
JOR3883,2024-08-16,2024,1,Demonstrations,Protests,Peaceful protest,Protesters (Jordan),,Protesters,,,,Protesters only,,400,Middle East,Jordan,Al Karak,Al Karak,,Karak City,31.1637,35.762,1,Jo 24,National,"On 16 August 2024, hundreds of Jordanian citizens took to the streets in front of the Grand Manshiya mosque in Karak city (Al Karak, Al Karak) to protest against the continuous Israeli bombardment of Gaza. They rallied in support of Hamas and the Palestinian resistance.",0,crowd size=hundreds,1724113692
JOR3885,2024-08-20,2024,1,Political violence,Riots,Mob violence,Rioters (Jordan),,Rioters,Rioters (Jordan),,Rioters,Rioters-Rioters,,400,Middle East,Jordan,Amman,Qasabat Amman,,Amman,31.9552,35.945,1,Roya News,National,"On 20 August 2024, a brawl took place between two groups in Al Hussein camp in Amman (Qasabat Amman, Amman) for unspecified reasons. The brawl led to the injury of one person who was then transferred to the hospital in an ambulance. Police forces arrested several people with links to the incident.",0,crowd size=no report,1724714154
JOR3886,2024-08-23,2024,1,Demonstrations,Protests,Peaceful protest,Protesters (Jordan),NFSRPN: National Forum for Supporting Resistance and Protecting the Nation,Protesters,,,,Protesters only,,400,Middle East,Jordan,Amman,Qasabat Amman,,Amman,31.9552,35.945,1,Jo 24,National,"On 23 August 2024, hundreds of Jordanian citizens took to the streets infront of the Grand Husseini mosque in Amman (Qasabat Amman, Amman) against the continuous Israeli bombardment of Gaza and Former US President Donald Trump's comments about expanding Israel. They rallied in support of Gaza and the Palestinian resistance. The NFSRPN called for the protest.",0,crowd size=hundreds,1724714154
JOR3887,2024-08-23,2024,1,Demonstrations,Protests,Peaceful protest,Protesters (Jordan),NFSRPN: National Forum for Supporting Resistance and Protecting the Nation,Protesters,,,,Protesters only,,400,Middle East,Jordan,Irbid,Qasabat Irbid,,Irbid,32.5556,35.85,1,Jo 24,National,"On 23 August 2024, hundreds of Jordanian citizens took to the streets infront of the Hashemite mosque in Irbid (Qasabat Irbid, Irbid) against the continuous Israeli bombardment of Gaza. They rallied in support of Gaza and the Palestinian resistance. The NFSRPN called for the protest.",0,crowd size=hundreds,1724714154
JOR3889,2024-08-30,2024,1,Demonstrations,Protests,Peaceful protest,Protesters (Jordan),,Protesters,,,,Protesters only,,400,Middle East,Jordan,Al Mafraq,Qasabat al Mafraq,,Mafraq,32.3429,36.208,1,Jo 24,National,"On 30 August 2024, dozens of Jordanian citizens took to the streets in front of the Grand Mosque in Mafraq (Qasabat al Mafraq, Al Mafraq) to protest against the continuous Israeli bombardment of Gaza. They also rallied in support of Hamas and the Palestinian resistance.",0,crowd size=dozens,1725317866
JOR3890,2024-08-30,2024,1,Demonstrations,Protests,Peaceful protest,Protesters (Jordan),,Protesters,,,,Protesters only,,400,Middle East,Jordan,Irbid,Qasabat Irbid,,Irbid,32.5556,35.85,1,Jo 24,National,"On 30 August 2024, hundreds of Jordanian citizens took to the streets in Irbid city (Qasabat Irbid, Irbid) to protest against the continuous Israeli bombardment of Gaza. They also rallied in support of Hamas and the Palestinian resistance.",0,crowd size=hundreds,1725317866
JOR3888,2024-08-29,2024,1,Demonstrations,Protests,Peaceful protest,Protesters (Jordan),NFSRPN: National Forum for Supporting Resistance and Protecting the Nation,Protesters,,,,Protesters only,,400,Middle East,Jordan,Amman,Qasabat Amman,,Amman,31.9552,35.945,1,Jo 24,National,"On 29 August 2024, thousands of Jordanian citizens took to the streets in Amman (Qasabat Amman, Amman) to protest against the continuous Israeli bombardment of Gaza. They also rallied in support of Hamas and the Palestinian resistance. The NFSRPN called for the protest.",0,crowd size=thousands,1725317866
JOR3891,2024-09-06,2024,1,Demonstrations,Protests,Peaceful protest,Protesters (Jordan),NFSRPN: National Forum for Supporting Resistance and Protecting the Nation,Protesters,,,,Protesters only,,400,Middle East,Jordan,Amman,Wadi as Sir,,Al Swaifeh,31.9556,35.8643,1,Jo 24,National,"On 6 September 2024, hundreds of Jordanian citizens took to the streets in front of the US Embassy in Al Swaifeh (Wadi as Sir, Amman) to protest against the ongoing Israeli bombardment of Gaza. They rallied in support of Gaza and the Palestinian people. The NFSRPN called for the protest.",0,crowd size=hundreds,1725924059
JOR3892,2024-09-06,2024,1,Demonstrations,Protests,Peaceful protest,Protesters (Jordan),NFSRPN: National Forum for Supporting Resistance and Protecting the Nation,Protesters,,,,Protesters only,,400,Middle East,Jordan,Irbid,Qasabat Irbid,,Irbid,32.5556,35.85,1,Jo 24,National,"On 6 September 2024, hundreds of Jordanian citizens took to the streets in Irbid city (Qasabat Irbid, Irbid) to protest against the ongoing Israeli bombardment of Gaza. They rallied in support of Gaza and the Palestinian people. The NFSRPN called for the protest.",0,crowd size=hundreds,1725924059
JOR3893,2024-09-02,2024,1,Demonstrations,Protests,Peaceful protest,Protesters (Jordan),,Protesters,,,,Protesters only,,400,Middle East,Jordan,Amman,Wadi as Sir,,Al Swaifeh,31.9556,35.8643,1,Saraya,National,"On 2 September 2024, hundreds of people gathered in front of the Ministry of Energy and Mineral Resources in Al Swaifeh (Wadi as Sir, Amman) to protest the confusion of the Ministry of Energy and the Energy Regulatory Commission in issuing the amended Energy Law from 6/1 until now. They called on the minister to resign.",0,crowd size=hundreds,1725924059
JOR3894,2024-09-08,2024,1,Demonstrations,Protests,Peaceful protest,Protesters (Jordan),,Protesters,,,,Protesters only,,400,Middle East,Jordan,Amman,Qasabat Amman,,Amman,31.9552,35.945,1,Jo 24,National,"On 8 September 2024, thousands of Jordanian citizens took to the streets in front of the Grand Husseini Mosque in Amman (Qasabat Amman, Amman) to protest against the continuous Israeli bombardment of Gaza. They also rallied in support of a Jordanian citizen who killed three Israelis in the West Bank.",0,crowd size=thousands,1726526034
JOR3895,2024-09-10,2024,1,Political violence,Riots,Mob violence,Rioters (Jordan),,Rioters,Rioters (Jordan),,Rioters,Rioters-Rioters,,400,Middle East,Jordan,Jerash,Qasabat Jerash,,Jarash,32.2808,35.8993,1,Roya News,National,"On 10 September 2024, a brawl took place between two groups of rioters in Jarash (Qasabat Jerash, Jerash) prior to announcing the results of the elections in the town.",0,crowd size=no report,1726526034
JOR3896,2024-09-10,2024,1,Political violence,Riots,Mob violence,Rioters (Jordan),,Rioters,Rioters (Jordan),,Rioters,Rioters-Rioters,,400,Middle East,Jordan,Ajlun,Qasabat Ajlun,,Ajlun,32.3333,35.7528,1,Roya News,National,"On 10 September 2024, a brawl took place between two groups of rioters in Ajlun (Qasabat Ajlun, Ajlun) prior to announcing the results of the elections in the town.",0,crowd size=no report,1726526034
JOR3898,2024-09-13,2024,1,Demonstrations,Protests,Peaceful protest,Protesters (Jordan),,Protesters,,,,Protesters only,,400,Middle East,Jordan,Amman,Qasabat Amman,,Amman,31.9552,35.945,1,Jordan News Agency,National,"On 13 September 2024, Jordanian citizens took to the streets infront of the Grand Husseini Mosque in Amman (Qasabat Amman, Amman) to protest against the continuous Israeli bombardment of Gaza. They rallied in support of Gaza and the Palestinian resistance.",0,crowd size=no report,1726526034
JOR3899,2024-09-14,2024,1,Demonstrations,Protests,Peaceful protest,Protesters (Jordan),,Protesters,,,,Protesters only,,400,Middle East,Jordan,Amman,Qasabat Amman,,Amman,31.9552,35.945,1,Jo 24,National,"On 14 September 2024, Jordanian citizens took to the streets in Amman city (Qasabat Amman, Amman) to protest against the continuous Israeli bombardment of Gaza. They called on the government to retrieve the bodies of Jordanian citizens who carried out operations against Israeli forces in the West Bank.",0,crowd size=no report,1727134523
JOR3900,2024-09-20,2024,1,Demonstrations,Protests,Peaceful protest,Protesters (Jordan),,Protesters,,,,Protesters only,,400,Middle East,Jordan,Amman,Qasabat Amman,,Amman,31.9552,35.945,1,Jo 24,National,"On 20 September 2024, thousands of Jordanian citizens took to the streets in Amman (Qasabat Amman, Amman) in support of Lebanon's conflict with Israel. They protested against the continuous Israeli bombardment of Gaza.",0,crowd size=thousands,1727134523
JOR3901,2024-09-20,2024,1,Demonstrations,Protests,Peaceful protest,Protesters (Jordan),,Protesters,,,,Protesters only,,400,Middle East,Jordan,Irbid,Qasabat Irbid,,Irbid,32.5556,35.85,1,Jo 24,National,"On 20 September 2024, hundreds of Jordanian citizens took to the streets in front of Al Hashemite mosque in Irbid (Qasabat Irbid, Irbid) in protest against the continuous Israeli bombardment of Gaza.",0,crowd size=hundreds,1727134523
JOR3902,2024-09-20,2024,1,Demonstrations,Protests,Peaceful protest,Protesters (Jordan),,Protesters,,,,Protesters only,,400,Middle East,Jordan,Az Zarqa,Az Zarqa,,Zarqa,32.0728,36.088,1,Jo 24,National,"On 20 September 2024, dozens of Jordanian citizens took to the streets in Az Zarqa (Az Zarqa, Az Zarqa) in protest against the continuous Israeli bombardment of Gaza.",0,crowd size=dozens,1727134523
JOR3903,2024-09-23,2024,1,Demonstrations,Protests,Peaceful protest,Protesters (Jordan),NFSRPN: National Forum for Supporting Resistance and Protecting the Nation,Protesters,,,,Protesters only,,400,Middle East,Jordan,Amman,Al Jamiah,,Tila al Ali,31.991,35.8687,1,Jo 24,National,"On 23 September 2024, hundreds of Jordanian citizens protested infront of Al Kalooti mosque in Tila al Ali (Al Jamiah, Amman) to protest against the Israeli bombardment of Gaza and southern Lebanon. The NFSRPN called for the protest.",0,crowd size=hundreds,1727907793
JOR3904,2024-09-23,2024,1,Demonstrations,Protests,Peaceful protest,Protesters (Jordan),,Protesters,,,,Protesters only,,400,Middle East,Jordan,At Tafilah,At Tafilah,,At Tafilah,30.8375,35.6044,1,Jo 24,National,"On 23 September 2024, hundreds of Jordanian citizens protested in At Tafilah (At Tafilah, At Tafilah) to demand the release of two residents of the neighborhood who were arrested today on charges of collecting donations for the people of the Gaza Strip.",0,crowd size=hundreds,1727907793
JOR3905,2024-09-29,2024,1,Demonstrations,Protests,Peaceful protest,Protesters (Jordan),,Protesters,,,,Protesters only,,400,Middle East,Jordan,Amman,Al Jamiah,,Tila al Ali,31.991,35.8687,1,Jo 24,National,"On 29 September 2024, dozens of Jordanian citizens took to the streets in front of the Israeli Embassy in Tila al Ali (Al Jamiah, Amman) to protest against the Israeli bombardment of Lebanon and the assassination of Hezbollah Chief Hassan Nasrallah.",0,crowd size=dozens,1728358494
JOR3906,2024-10-04,2024,1,Demonstrations,Protests,Peaceful protest,Protesters (Jordan),NFSRPN: National Forum for Supporting Resistance and Protecting the Nation,Protesters,,,,Protesters only,,400,Middle East,Jordan,Amman,Qasabat Amman,,Amman,31.9552,35.945,1,Jo 24,National,"On 4 October 2024, tens of thousands of people protested in the downtown of Amman town (Qasabat Amman, Amman), marching from Al Hussaini Mosque through the area, denouncing Israeli actions towards Gaza Strip and Western support for Israel as well as the silence of Arab states. The protesters demonstrated their solidarity with people of Palestine and Lebanon, and praised actions taken against Israel by the militants in Palestine, Lebanon and Yemen, including the latest attack carried out by two militants of Izz ad Din Al Qassam Brigade in Tel Aviv (Yaffa). The protesters also called on the Jordanian government to stop normalization with Israel and cancel the Israel-Jordan peace treaty. The protest was organized by the National Forum for Supporting Resistance and Protecting the Nation.",0,crowd size=tens of thousands,1728358494
JOR3907,2024-10-07,2024,1,Demonstrations,Riots,Violent demonstration,Rioters (Jordan),NFSRPN: National Forum for Supporting Resistance and Protecting the Nation,Rioters,Police Forces of Jordan (1999-),,State forces,State forces-Rioters,,400,Middle East,Jordan,Amman,Al Jamiah,,Tila al Ali,31.991,35.8687,1,Jo 24,National,"On 7 October 2024, thousands of Jordanian citizens took to the streets in front of the Israeli Embassy in Tila al Ali (Al Jamiah, Amman) in demonstration against Israel's continuous bombardment of Lebanon and Gaza. The NFSRPN called for the demonstration. Rioters clashed with police forces in front of the embassy which prompted police forces to fire tear gas to disperse rioters.",0,crowd size=thousands,1728963290
JOR3908,2024-10-07,2024,1,Demonstrations,Protests,Peaceful protest,Protesters (Jordan),,Protesters,,,,Protesters only,,400,Middle East,Jordan,Irbid,Qasabat Irbid,,Irbid,32.5556,35.85,1,Jo 24,National,"On 7 October 2024, hundreds of Jordanian citizens took to the streets in the University street in Irbid (Qasabat Irbid, Irbid) to commemorate the October 7 Hamas attack on Israel. They rallied in support of Lebanon and Palestine and against Israel's bombardments of the two countries.",0,crowd size=hundreds,1728963290
JOR3909,2024-10-18,2024,1,Demonstrations,Protests,Peaceful protest,Protesters (Jordan),NFSRPN: National Forum for Supporting Resistance and Protecting the Nation,Protesters,,,,Protesters only,,400,Middle East,Jordan,Amman,Qasabat Amman,,Amman,31.9552,35.945,1,Jo 24,National,"On 18 October 2024, tens of thousands of Jordanian citizens took to the streets in front of Al Husseini Mosque in Amman (Qasabat Amman, Amman) to protest against Israel's killing of Hamas Chief Yehya Al Sinwar. The NFSRPN called for the protest.",0,crowd size=tens of thousands,1729592853
JOR3897,2024-09-11,2024,1,Demonstrations,Riots,Violent demonstration,Rioters (Lebanon),,Rioters,Police Forces of Lebanon (2021-),,External/Other forces,Rioters-External/Other forces,,400,Middle East,Jordan,Irbid,Aghwar Shamaliyah,,El Machare',32.4417,35.5956,1,Saraya,National,"On 11 September 2024, a group staged a demonstration over the parliamentary election results in El Machare' (Aghwar Shamaliyah, Irbid) . Security forces were deployed in the area and used tear gas to disperse rioters. A group of rioters set fire to an electricity transformer in the area.",0,crowd size=no report,1753954518
JOR3910,2024-10-21,2024,1,Demonstrations,Protests,Peaceful protest,Protesters (Jordan),,Protesters,,,,Protesters only,,400,Middle East,Jordan,Amman,Wadi as Sir,,Al Swaifeh,31.9556,35.8643,1,Jo 24,National,"On 21 October 2024, hundreds of protesters gathered in front of Ebad el Rahman Mosque in Al Swaifeh (Wadi as Sir, Amman) to condemn the continuous Israeli bombardment of Gaza.",0,crowd size=hundreds,1734465869
JOR3911,2024-12-11,2024,1,Demonstrations,Protests,Peaceful protest,Protesters (Jordan),Farmers (Jordan),Protesters,,,,Protesters only,,400,Middle East,Jordan,Amman,Al Jamiah,,Al Rashid,31.9982,35.8879,1,Jo 24,National,"On 11 December 2024, a number of livestock shepherds carried out a protest in front of the Ministry of Agriculture in Al Rashid (Al Jamiah, Amman) to demand the door be opened for livestock exports to the Kingdom of Saudi Arabia and not limited to one company. They also called on the minister to tighten control over the export of female livestock.",0,crowd size=no report,1734465869
JOR3912,2024-11-07,2024,1,Demonstrations,Protests,Peaceful protest,Protesters (Jordan),,Protesters,,,,Protesters only,,400,Middle East,Jordan,Amman,Qasabat Amman,,Amman,31.9552,35.945,1,Jo 24,National,"On 7 November 2024, protesters gathered for the seventh day in front of the professional syndicates building in Amman (Qasabat Amman, Amman) to condemn the Israeli offensive on Gaza. Some of the protesters participating in an ongoing hunger strike were taken to the hospital to be treated for fatigue and malnourishment.",0,crowd size=no report,1734465869
JOR3913,2024-11-05,2024,1,Demonstrations,Protests,Peaceful protest,Protesters (Jordan),,Protesters,,,,Protesters only,,400,Middle East,Jordan,Amman,Qasabat Amman,,Amman,31.9552,35.945,1,Jo 24,National,"On 5 November 2024, 80 protesters gathered for the fifth day in front of the professional syndicates building in Amman (Qasabat Amman, Amman) to condemn the Israeli offensive on Gaza. Some of the protesters were also participating in an ongoing hunger strike.",0,crowd size=80,1734465869
JOR3914,2024-10-01,2024,1,Strategic developments,Strategic developments,Disrupted weapons use,Military Forces of Israel (2022-),,External/Other forces,Military Forces of Iran (1989-) Islamic Revolutionary Guard Corps,,External/Other forces,External/Other forces-External/Other forces,,400,Middle East,Jordan,Al Balqa,Qasabat as Salt,,As Salt,32.0392,35.7272,1,Jo 24; Jordan News Agency; Jordan Times; Roya News,National,"Interception: On 1 October 2024, the Israeli military intercepted several Iranian missiles which led missile fragments to fall over As Salt (Qasabat as Salt, Al Balqa) and other cities. Two people were injured across the affected cities.",0,,1753954518
JOR3915,2024-10-01,2024,1,Strategic developments,Strategic developments,Disrupted weapons use,Military Forces of Israel (2022-),,External/Other forces,Military Forces of Iran (1989-) Islamic Revolutionary Guard Corps,,External/Other forces,External/Other forces-External/Other forces,,400,Middle East,Jordan,Al Karak,Al Karak,,Karak City,31.1637,35.762,1,Jo 24; Jordan News Agency; Jordan Times; Roya News,National,"Interception: On 1 October 2024, the Israeli military intercepted several Iranian missiles which led missile fragments to fall over Karak City (Al Karak, Al Karak) and other cities. Two people were injured across the affected cities.",0,,1753954518
JOR3916,2024-10-01,2024,1,Strategic developments,Strategic developments,Disrupted weapons use,Military Forces of Israel (2022-),,External/Other forces,Military Forces of Iran (1989-) Islamic Revolutionary Guard Corps,,External/Other forces,External/Other forces-External/Other forces,,400,Middle East,Jordan,Amman,Qasabat Amman,,Amman,31.9552,35.945,2,Jo 24; Jordan News Agency; Jordan Times; Roya News,National,"Interception: On 1 October 2024, the Israeli military intercepted several Iranian missiles which led missile fragments to fall over Amman (Qasabat Amman, Amman) and other cities. Two people were injured across the affected cities.",0,,1753954518
JOR3917,2024-10-01,2024,1,Strategic developments,Strategic developments,Disrupted weapons use,Military Forces of Israel (2022-),,External/Other forces,Military Forces of Iran (1989-) Islamic Revolutionary Guard Corps,,External/Other forces,External/Other forces-External/Other forces,,400,Middle East,Jordan,Az Zarqa,Az Zarqa,,Zarqa,32.0728,36.088,2,Jo 24; Jordan News Agency; Jordan Times; Roya News,National,"Interception: On 1 October 2024, the Israeli military intercepted several Iranian missiles which led missile fragments to fall over Zarqa (Az Zarqa, Az Zarqa) and other cities. Two people were injured across the affected cities.",0,,1753954518
JOR3918,2024-10-01,2024,1,Strategic developments,Strategic developments,Disrupted weapons use,Military Forces of Israel (2022-),,External/Other forces,Military Forces of Iran (1989-) Islamic Revolutionary Guard Corps,,External/Other forces,External/Other forces-External/Other forces,,400,Middle East,Jordan,Madaba,Qasabat Madaba,,Madaba,31.716,35.7939,2,Jo 24; Jordan News Agency; Jordan Times; Roya News,National,"Interception: On 1 October 2024, the Israeli military intercepted several Iranian missiles which led missile fragments to fall over Madaba (Qasabat Madaba, Madaba) and other cities. Two people were injured across the affected cities.",0,,1753954518
JOR3919,2024-10-07,2024,1,Demonstrations,Protests,Peaceful protest,Protesters (Jordan),,Protesters,,,,Protesters only,,400,Middle East,Jordan,Amman,Qasabat Amman,,Amman,31.9552,35.945,1,Roya News,National,"On 7 October 2024, protesters gathered in front of the Israeli embassy in Amman (Qasabat Amman, Amman) to mark one year of the Israeli-Palestinian conflict, and protest against the Israeli offensive on Gaza.",0,crowd size=no report,1734465869
JOR3920,2024-10-07,2024,1,Demonstrations,Protests,Peaceful protest,Protesters (Jordan),,Protesters,,,,Protesters only,,400,Middle East,Jordan,Irbid,Qasabat Irbid,,Al Afrah,32.5356,35.8481,1,Jo 24,National,"On 7 October 2024, hundreds of protesters gathered after evening prayer on University Street in Al Afrah (Qasabat Irbid, Irbid) to oppose Israel's attacks in Gaza and Lebanon, and express solidarity with Palestinian and Lebanese people. Protesters also praised resistance groups in Lebanon, Iraq and Yemen, and denounced the positions of the other Arab countires.",0,crowd size=hundreds,1734465869
JOR3921,2024-10-10,2024,1,Demonstrations,Protests,Peaceful protest,Protesters (Jordan),,Protesters,,,,Protesters only,,400,Middle East,Jordan,Amman,Qasabat Amman,,Amman,31.9552,35.945,1,Jo 24,National,"On 10 October 2024, hundreds of protesters gathered in the plaza of Al Kaluti mosque in Amman (Qasabat Amman, Amman) to condemn the Israeli offensive on Gaza and the Jordanian government's gas agreement with Israel.",0,crowd size=hundreds,1734465869
JOR3922,2024-10-11,2024,1,Demonstrations,Protests,Peaceful protest,Protesters (Jordan),,Protesters,,,,Protesters only,,400,Middle East,Jordan,Amman,Qasabat Amman,,Amman,31.9552,35.945,1,Jo 24,National,"On 11 October 2024, hundreds of protesters marched after Friday prayer at Al Kaluti mosque in Amman (Qasabat Amman, Amman) to condemn the Israeli offensive on Gaza.",0,crowd size=hundreds,1734465869
JOR3923,2024-10-11,2024,1,Demonstrations,Protests,Peaceful protest,Protesters (Jordan),,Protesters,,,,Protesters only,,400,Middle East,Jordan,Irbid,Qasabat Irbid,,Irbid,32.5556,35.85,1,Jo 24,National,"On 11 October 2024, hundreds of protesters marched after Friday prayer at Al Hashimi mosque in Irbid (Qasabat Irbid, Irbid) to condemn the Israeli embassy and the Israeli offensive on Gaza.",0,crowd size=hundreds,1734465869
JOR3924,2024-10-15,2024,1,Demonstrations,Protests,Peaceful protest,Protesters (Jordan),,Protesters,,,,Protesters only,,400,Middle East,Jordan,Amman,Qasabat Amman,,Amman,31.9552,35.945,1,Jo 24,National,"On 15 October 2024, thousands of protesters marched from in front of Al Hosseini mosque in downtown Amman (Qasabat Amman, Amman) to condemn the continuous Israeli bombardment of Gaza.",0,crowd size=thousands,1734465869
JOR3925,2024-10-18,2024,1,Demonstrations,Protests,Peaceful protest,Protesters (Jordan),,Protesters,,,,Protesters only,,400,Middle East,Jordan,Amman,Qasabat Amman,,Amman,31.9552,35.945,1,Jo 24,National,"On 18 October 2024, tens of thousands of protesters marched from in front of Al Hosseini mosque in downtown Amman (Qasabat Amman, Amman) to condemn the continuous Israeli bombardment of Gaza.",0,crowd size=tens of thousands,1734465869
JOR3926,2024-10-18,2024,1,Demonstrations,Protests,Peaceful protest,Protesters (Jordan),,Protesters,,,,Protesters only,,400,Middle East,Jordan,Irbid,Qasabat Irbid,,Irbid,32.5556,35.85,1,Jo 24,National,"On 18 October 2024, hundreds of protesters marched after Friday prayer at Al Hashimi mosque in Irbid (Qasabat Irbid, Irbid) to condemn the continuous Israeli bombardment of Gaza.",0,crowd size=hundreds,1734465869
JOR3927,2024-10-25,2024,1,Demonstrations,Protests,Peaceful protest,Protesters (Jordan),,Protesters,,,,Protesters only,,400,Middle East,Jordan,Al Aqabah,Qasabat al Aqaba,,Aqaba,29.5267,35.0078,1,Jo 24,National,"On 25 October 2024, protesters marched from in front of Al Kiir mosque in Aqaba (Qasabat al Aqaba, Al Aqabah) to condemn the continuous Israeli bombardment of Gaza.",0,crowd size=no report,1734465869
JOR3928,2024-10-25,2024,1,Demonstrations,Protests,Peaceful protest,Protesters (Jordan),,Protesters,,,,Protesters only,,400,Middle East,Jordan,Amman,Qasabat Amman,,Amman,31.9552,35.945,1,Jo 24; Roya News,National,"On 25 October 2024, tens of thousands of protesters marched from in front of Al Hosseini mosque in downtown Amman (Qasabat Amman, Amman) to condemn the continuous Israeli bombardment of Gaza.",0,crowd size=tens of thousands,1734465869
JOR3929,2024-10-25,2024,1,Demonstrations,Protests,Peaceful protest,Protesters (Jordan),,Protesters,,,,Protesters only,,400,Middle East,Jordan,Az Zarqa,Az Zarqa,,Zarqa,32.0728,36.088,1,Roya News,National,"On 25 October 2024, protesters gathered in Zarqa (Az Zarqa, Az Zarqa) to show solidarity and condemn the ongoing Israeli bombardment of Gaza.",0,crowd size=no report,1734465869
JOR3930,2024-10-25,2024,1,Demonstrations,Protests,Peaceful protest,Protesters (Jordan),,Protesters,,,,Protesters only,,400,Middle East,Jordan,Irbid,Qasabat Irbid,,Irbid,32.5556,35.85,1,Jo 24,National,"On 25 October 2024, hundreds of protesters marched after Friday prayer at Al Hashimi mosque in Irbid (Qasabat Irbid, Irbid) calling for an end to the Wadi Arba agreement and condemning the Israeli bombardment of Gaza.",0,crowd size=hundreds,1734465869
JOR3931,2024-10-29,2024,1,Demonstrations,Protests,Peaceful protest,Protesters (Jordan),,Protesters,,,,Protesters only,,400,Middle East,Jordan,Amman,Qasabat Amman,,Amman,31.9552,35.945,1,Jo 24,National,"On 29 October 2024, protesters marched from in front of Al Hosseini mosque in downtown Amman (Qasabat Amman, Amman) to condemn the continuous Israeli bombardment of Gaza.",0,crowd size=no report,1734465869
JOR3932,2024-10-30,2024,1,Demonstrations,Protests,Peaceful protest,Protesters (Jordan),Health Workers (Jordan),Protesters,,,,Protesters only,,400,Middle East,Jordan,Amman,Qasabat Amman,,Amman,31.9552,35.945,1,Jo 24,National,"On 30 October 2024, Jordanian healthcare workers gathered in front of the professional syndicates building in Amman (Qasabat Amman, Amman) in support of healthcare workers in Gaza.",0,crowd size=no report,1734465869
JOR3933,2024-11-01,2024,1,Demonstrations,Protests,Peaceful protest,Protesters (Jordan),,Protesters,,,,Protesters only,,400,Middle East,Jordan,Amman,Wadi as Sir,,Al Swaifeh,31.9556,35.8643,1,Roya News,National,"On 1 November 2024, protesters gathered in Al Swaifeh (Wadi as Sir, Amman) to condemn the ongoing Israeli bombardment of Gaza.",0,crowd size=no report,1734465869
JOR3934,2024-11-01,2024,1,Demonstrations,Protests,Peaceful protest,Protesters (Jordan),,Protesters,,,,Protesters only,,400,Middle East,Jordan,Az Zarqa,Az Zarqa,,Zarqa,32.0728,36.088,1,Roya News,National,"On 1 November 2024, protesters gathered in Zarqa (Az Zarqa, Az Zarqa) to condemn the ongoing Israeli bombardment of Gaza.",0,crowd size=no report,1734465869
JOR3935,2024-11-01,2024,1,Demonstrations,Protests,Peaceful protest,Protesters (Jordan),,Protesters,,,,Protesters only,,400,Middle East,Jordan,Irbid,Qasabat Irbid,,Irbid,32.5556,35.85,1,Jo 24,National,"On 1 November 2024, hundreds of protesters marched after Friday prayer at Al Hashimi mosque in Irbid (Qasabat Irbid, Irbid) to condemn the role of the United States in the continued Israeli offensive on Gaza.",0,crowd size=hundreds,1734465869
JOR3936,2024-11-08,2024,1,Demonstrations,Protests,Peaceful protest,Protesters (Jordan),,Protesters,,,,Protesters only,,400,Middle East,Jordan,Al Mafraq,Qasabat al Mafraq,,Mafraq,32.3429,36.208,1,Jo 24,National,"On 8 November 2024, tens of protesters marched in Mafraq (Qasabat al Mafraq, Al Mafraq) to call for an end to the Israeli offensive on Gaza. The protesters chanted in support of the Palestinian resistance.",0,crowd size=tens,1734465869
JOR3937,2024-11-08,2024,1,Demonstrations,Protests,Peaceful protest,Protesters (Jordan),,Protesters,,,,Protesters only,,400,Middle East,Jordan,Amman,Qasabat Amman,,Amman,31.9552,35.945,1,Jo 24,National,"On 8 November 2024, thousands of protesters marched from in front of Al Hosseini mosque in downtown Amman (Qasabat Amman, Amman) to condemn the continuous Israeli bombardment of Gaza. The protesters chanted in support of the Palestinian resistance.",0,crowd size=thousands,1734465869
JOR3938,2024-11-08,2024,1,Demonstrations,Protests,Peaceful protest,Protesters (Jordan),,Protesters,,,,Protesters only,,400,Middle East,Jordan,Irbid,Qasabat Irbid,,Irbid,32.5556,35.85,1,Jo 24,National,"On 8 November 2024, hundreds of protesters marched after Friday prayer at Al Hashimi mosque in Irbid (Qasabat Irbid, Irbid) to condemn the offensive on Gaza. The protesters chanted in support of the Palestinian resistance.",0,crowd size=hundreds,1734465869
JOR3939,2024-11-09,2024,1,Demonstrations,Protests,Peaceful protest,Protesters (Jordan),,Protesters,,,,Protesters only,,400,Middle East,Jordan,Amman,Qasabat Amman,,Amman,31.9552,35.945,1,Jo 24,National,"On 9 November 2024, around 70 protesters gathered for the ninth day in front of the professional syndicates building in Amman (Qasabat Amman, Amman) to condemn the Israeli offensive on Gaza. Some of the protesters participating in an ongoing hunger strike were taken to the hospital to be treated for fatigue and malnourishment.",0,crowd size=around 70,1734465869
JOR3940,2024-11-10,2024,1,Demonstrations,Protests,Peaceful protest,Protesters (Jordan),,Protesters,,,,Protesters only,,400,Middle East,Jordan,Amman,Qasabat Amman,,Amman,31.9552,35.945,1,Jo 24,National,"On 10 November 2024, around 70 protesters gathered for the tenth day in front of the professional syndicates building in Amman (Qasabat Amman, Amman) to condemn the Israeli offensive on Gaza. Some of the protesters participating in an ongoing hunger strike were taken to the hospital to be treated for fatigue and malnourishment.",0,crowd size=around 70,1734465869
JOR3941,2024-11-11,2024,1,Demonstrations,Protests,Peaceful protest,Protesters (Jordan),,Protesters,,,,Protesters only,,400,Middle East,Jordan,Amman,Qasabat Amman,,Amman,31.9552,35.945,1,Jo 24,National,"On 11 November 2024, protesters gathered for the eleventh day in front of the professional syndicates building in Amman (Qasabat Amman, Amman) to condemn the Israeli offensive on Gaza. Some of the protesters were participating in an ongoing hunger strike.",0,crowd size=no report,1734465869
JOR3942,2024-11-15,2024,1,Demonstrations,Protests,Peaceful protest,Protesters (Jordan),,Protesters,,,,Protesters only,,400,Middle East,Jordan,Amman,Qasabat Amman,,Amman,31.9552,35.945,1,Jo 24; Saraya,National,"On 15 November 2024, thousands of protesters marched from in front of Al Hosseini mosque in downtown Amman (Qasabat Amman, Amman) to condemn the continuous Israeli bombardment of Gaza.",0,crowd size=thousands,1734465869
JOR3943,2024-11-15,2024,1,Demonstrations,Protests,Peaceful protest,Protesters (Jordan),,Protesters,,,,Protesters only,,400,Middle East,Jordan,Irbid,Qasabat Irbid,,Irbid,32.5556,35.85,1,Jo 24,National,"On 15 November 2024, hundreds of protesters marched after Friday prayer at Al Hashimi mosque in Irbid (Qasabat Irbid, Irbid) to condemn the Israeli offensive on Gaza and to condemn the shutting down of the UNRWA.",0,crowd size=hundreds,1734465869
JOR3944,2024-11-22,2024,1,Demonstrations,Protests,Peaceful protest,Protesters (Jordan),,Protesters,,,,Protesters only,,400,Middle East,Jordan,Al Karak,Al Karak,,Karak City,31.1637,35.762,1,Jo 24,National,"On 22 November 2024, tens of protesters gathered in front of Al Marg mosque in Karak City (Al Karak, Al Karak) to condemn the Israeli bombardment of Gaza and the annexation of the West Bank.",0,crowd size=tens,1734465869
JOR3945,2024-11-22,2024,1,Demonstrations,Protests,Peaceful protest,Protesters (Jordan),,Protesters,,,,Protesters only,,400,Middle East,Jordan,Amman,Qasabat Amman,,Amman,31.9552,35.945,1,Jo 24; Saraya,National,"On 22 November 2024, thousands of protesters marched from in front of Al Hosseini mosque in downtown Amman (Qasabat Amman, Amman) to condemn the continuous Israeli bombardment of Gaza.",0,crowd size=thousands,1734465869
JOR3946,2024-11-29,2024,1,Demonstrations,Protests,Peaceful protest,Protesters (Jordan),,Protesters,,,,Protesters only,,400,Middle East,Jordan,Al Karak,Al Karak,,Karak City,31.1637,35.762,1,Jo 24,National,"On 29 November 2024, tens of protesters gathered in front of Al Marg mosque in Karak City (Al Karak, Al Karak) to condemn the Israeli bombardment of Gaza.",0,crowd size=tens,1734465869
JOR3947,2024-11-29,2024,1,Demonstrations,Protests,Peaceful protest,Protesters (Jordan),,Protesters,,,,Protesters only,,400,Middle East,Jordan,Amman,Wadi as Sir,,Al Swaifeh,31.9556,35.8643,1,Jo 24; Saraya,National,"On 29 November 2024, thousands of protesters gathered in front of Ebad el Rahman Mosque in Al Swaifeh (Wadi as Sir, Amman) to condemn the continuous Israeli bombardment of Gaza.",0,crowd size=thousands,1734465869
JOR3948,2024-11-29,2024,1,Demonstrations,Protests,Peaceful protest,Protesters (Jordan),,Protesters,,,,Protesters only,,400,Middle East,Jordan,Irbid,Qasabat Irbid,,Irbid,32.5556,35.85,1,Jo 24,National,"On 29 November 2024, hundreds of protesters marched after Friday prayer at Al Hashimi mosque in Irbid (Qasabat Irbid, Irbid) to condemn the Israeli offensive on Gaza.",0,crowd size=hundreds,1734465869
JOR3949,2024-12-13,2024,1,Demonstrations,Protests,Peaceful protest,Protesters (Jordan),Muslim Brotherhood (Jordan),Protesters,,,,Protesters only,,400,Middle East,Jordan,Amman,Qasabat Amman,,Amman,31.9552,35.945,1,Jo 24; Jordan News Agency; Roya News,National,"On 13 December 2024, tens of thousands of Jordanian citizens took to the streets in front of Grand Al Husseini Mosque in Amman (Qasabat Amman, Amman) to protest against the ongoing Israeli bombardment of Gaza. The protesters chanted in support of Hamas. The protest was organized by the Muslim Brotherhood.",0,crowd size=tens of thousands,1734465869
JOR3950,2024-12-20,2024,1,Demonstrations,Protests,Peaceful protest,Protesters (Jordan),Muslim Brotherhood (Jordan),Protesters,,,,Protesters only,,400,Middle East,Jordan,Al Aqabah,Qasabat al Aqaba,,Aqaba,29.5267,35.0078,1,Jo 24,National,"On 20 December 2024, Jordanian citizens carried out a protest sit-in in front of the Grand Mosque in Aqaba (Qasabat al Aqaba, Al Aqabah) against the ongoing Israeli bombardment of Gaza. They rallied in support of Palestine and the militant group Hamas. The Muslim Brotherhood called for the protest.",0,crowd size=no report,1736845147
JOR3951,2024-12-20,2024,1,Demonstrations,Protests,Peaceful protest,Protesters (Jordan),Government of Jordan (1999-),Protesters,,,,Protesters only,,400,Middle East,Jordan,Al Karak,Al Karak,,Karak City,31.1637,35.762,1,Jo 24,National,"On 20 December 2024, Jordanian citizens carried out a protest sit-in in front of the Grand Al Manshiyya Mosque in Karak city (Al Karak, Al Karak) against the ongoing Israeli bombardment of Gaza. They rallied in support of Palestine and the militant group Hamas. A member of parliament attended the protest.",0,crowd size=no report,1736845147
JOR3952,2024-12-20,2024,1,Demonstrations,Protests,Peaceful protest,Protesters (Jordan),,Protesters,,,,Protesters only,,400,Middle East,Jordan,Amman,Qasabat Amman,,Amman,31.9552,35.945,1,Jo 24; Saraya,National,"On 20 December 2024, thousands of Jordanian citizens carried out a protest infront of the Grand Husseini Mosque in Amman (Qasabat Amman, Amman) against the ongoing Israeli bombardment of Gaza. They rallied in support of Palestine, the militant group Hamas, and other resistance groups in Lebanon and Yemen.",0,crowd size=thousands,1736845147
JOR3953,2024-12-20,2024,1,Demonstrations,Protests,Peaceful protest,Protesters (Jordan),,Protesters,,,,Protesters only,,400,Middle East,Jordan,At Tafilah,At Tafilah,,At Tafilah,30.8375,35.6044,1,Jo 24,National,"On 20 December 2024, Jordanian citizens carried out a protest sit-in in front of the Grand Al Tafilah Mosque in At Tafilah (At Tafilah, At Tafilah) against the ongoing Israeli bombardment of Gaza. They rallied in support of Palestine and the militant group Hamas.",0,crowd size=no report,1736845147
JOR3954,2024-12-20,2024,1,Demonstrations,Protests,Peaceful protest,Protesters (Jordan),Muslim Brotherhood (Jordan),Protesters,,,,Protesters only,,400,Middle East,Jordan,Irbid,Qasabat Irbid,,Irbid,32.5556,35.85,1,Jo 24,National,"On 20 December 2024, hundreds of Jordanian citizens carried out a protest in front of the Grand Al Hashimi Mosque in Irbid (Qasabat Irbid, Irbid) against the ongoing Israeli bombardment of Gaza. They rallied in support of Palestine and the militant group Hamas. The Muslim Brotherhood called for the protest.",0,crowd size=hundreds,1736845147
JOR3955,2024-12-27,2024,1,Demonstrations,Protests,Peaceful protest,Protesters (Jordan),Muslim Brotherhood (Jordan),Protesters,,,,Protesters only,,400,Middle East,Jordan,Al Karak,Al Mazar al Janubi,,Al Mazar al Janubi,31.0672,35.6949,1,Jo 24,National,"On 27 December 2024, dozens of Jordanian citizens took to the streets in front of Jaafar Bin Abi Taleb mosque in Al Mazar al Janubi (Al Mazar al Janubi, Al Karak). The protest was organized by the Muslim Brotherhood and in support of Hamas and the Palestinian resistance. It also denounced the ongoing Israeli bombardment of the Gaza strip.",0,crowd size=dozens,1736845147
JOR3956,2024-12-27,2024,1,Demonstrations,Protests,Peaceful protest,Protesters (Jordan),NFSRPN: National Forum for Supporting Resistance and Protecting the Nation,Protesters,,,,Protesters only,,400,Middle East,Jordan,Amman,Qasabat Amman,,Amman,31.9552,35.945,1,Jo 24,National,"On 27 December 2024, thousands of Jordanian citizens took to the streets in front of the Grand Husseini Mosque in Amman (Qasabat Amman, Amman) in support of Hamas and the Palestinian resistance. Protesters also denounced the ongoing Israeli bombardment of the Gaza strip. The protest was organized by the NFSRPN.",0,crowd size=thousands,1736845147
JOR3957,2024-12-27,2024,1,Demonstrations,Protests,Peaceful protest,Protesters (Jordan),Muslim Brotherhood (Jordan),Protesters,,,,Protesters only,,400,Middle East,Jordan,Az Zarqa,Az Zarqa,,Zarqa,32.0728,36.088,1,Jo 24,National,"On 27 December 2024, hundreds of Jordanian citizens took to the streets in Zarqa (Az Zarqa, Az Zarqa). The protest was organized by the Muslim Brotherhood and in support of Hamas and the Palestinian resistance. It also denounced the ongoing Israeli bombardment of the Gaza strip.",0,crowd size=hundreds,1736845147
JOR3958,2024-12-27,2024,1,Demonstrations,Protests,Peaceful protest,Protesters (Jordan),,Protesters,,,,Protesters only,,400,Middle East,Jordan,Irbid,Qasabat Irbid,,Irbid,32.5556,35.85,1,Jo 24,National,"On 27 December 2024, hundreds of Jordanian citizens took to the streets in Irbid (Qasabat Irbid, Irbid) in support of Hamas and the Palestinian resistance. The protest also denounced the ongoing Israeli bombardment of the Gaza strip.",0,crowd size=hundreds,1736845147
JOR3959,2024-12-31,2024,1,Demonstrations,Protests,Peaceful protest,Protesters (Jordan),,Protesters,,,,Protesters only,,400,Middle East,Jordan,Amman,Wadi as Sir,,Al Swaifeh,31.9556,35.8643,1,Jo 24,National,"On 31 December 2024, hundreds of Jordanian citizens took to the streets near the American Embassy in Al Swaifeh (Wadi as Sir, Amman) to protest against the ongoing Israeli bombardment of Gaza as well as American support for Israel. Protesters also rallied in support of Hamas and the Palestinian resistance.",0,crowd size=hundreds,1736845147
JOR3960,2025-01-03,2025,1,Demonstrations,Protests,Peaceful protest,Protesters (Jordan),Muslim Brotherhood (Jordan),Protesters,,,,Protesters only,,400,Middle East,Jordan,Al Aqabah,Qasabat al Aqaba,,Aqaba,29.5267,35.0078,1,Jo 24,National,"On 3 January 2025, dozens of Jordanian citizens took to the streets after Friday prayers in Aqaba (Qasabat al Aqaba, Al Aqabah) to protest against the ongoing Israeli bombardment of Gaza. Protesters also rallied in support of Hamas and the Palestinian resistance. The Muslim Brotherhood called for the protest.",0,crowd size=dozens,1736845147
JOR3961,2025-01-03,2025,1,Demonstrations,Protests,Peaceful protest,Protesters (Jordan),,Protesters,,,,Protesters only,,400,Middle East,Jordan,Al Karak,Al Karak,,Karak City,31.1637,35.762,1,Jo 24,National,"On 3 January 2025, dozens of Jordanian citizens took to the streets after Friday prayers in front of the Grand Marj Mosque in Karak City (Al Karak, Al Karak) to protest against the ongoing Israeli bombardment of Gaza. Protesters also rallied in support of Hamas and the Palestinian resistance. They denounced the Palestinian authority's decision to close down Al Jazeera offices.",0,crowd size=dozens,1736845147
JOR3962,2025-01-03,2025,1,Demonstrations,Protests,Peaceful protest,Protesters (Jordan),NFSRPN: National Forum for Supporting Resistance and Protecting the Nation,Protesters,,,,Protesters only,,400,Middle East,Jordan,Amman,Qasabat Amman,,Amman,31.9552,35.945,1,Jo 24,National,"On 3 January 2025, thousands of Jordanian citizens took to the streets after Friday prayers in front of the Grand Husseini Mosque in Amman city (Qasabat Amman, Amman) to protest against the ongoing Israeli bombardment of Gaza. Protesters also rallied in support of Hamas and the Palestinian resistance. They denounced the Palestinian authority's decision to close down Al Jazeera offices. The NFSRPN called for the protest.",0,crowd size=thousands,1736845147
JOR3963,2025-01-03,2025,1,Demonstrations,Protests,Peaceful protest,Protesters (Jordan),,Protesters,,,,Protesters only,,400,Middle East,Jordan,Irbid,Qasabat Irbid,,Irbid,32.5556,35.85,1,Jo 24,National,"On 3 January 2025, hundreds of Jordanian citizens took to the streets in front of Al Hashimi mosque in Irbid (Qasabat Irbid, Irbid) to protest against the ongoing Israeli bombardment of Gaza. Protesters also rallied in support of Hamas and the Palestinian resistance.",0,crowd size=hundreds,1736845147
JOR3964,2025-01-10,2025,1,Demonstrations,Protests,Peaceful protest,Protesters (Jordan),,Protesters,,,,Protesters only,,400,Middle East,Jordan,Al Karak,Al Karak,,Karak City,31.1637,35.762,1,Jo 24,National,"On 10 January 2025, dozens of Jordanian citizens took to the streets in front of Al Robba Grand Mosque in Karak City (Al Karak, Al Karak) to protest against Israel's ongoing war against Gaza. They rallied in support of Hamas and the Palestinian resistance. The protest took place after Friday prayers.",0,crowd size=dozens,1736845147
JOR3965,2025-01-10,2025,1,Demonstrations,Protests,Peaceful protest,Protesters (Jordan),,Protesters,,,,Protesters only,,400,Middle East,Jordan,Amman,Qasabat Amman,,Amman,31.9552,35.945,1,Jo 24; Roya News,National,"On 10 January 2025, thousands of Jordanian citizens took to the streets in front of the Grand husseini Mosque in Amman city (Qasabat Amman, Amman) to protest against Israel's ongoing war against Gaza. They rallied in support of Hamas and the Palestinian resistance. The protest took place after Friday prayers.",0,crowd size=thousands,1736845147
JOR3966,2025-01-10,2025,1,Demonstrations,Protests,Peaceful protest,Protesters (Jordan),,Protesters,,,,Protesters only,,400,Middle East,Jordan,Irbid,Qasabat Irbid,,Irbid,32.5556,35.85,1,Jo 24,National,"On 10 January 2025, hundreds of Jordanian citizens took to the streets in front of Al Hashemite mosque in Irbid (Qasabat Irbid, Irbid) to protest against Israel's ongoing war against Gaza. They rallied in support of Hamas and the Palestinian resistance. The protest took place after Friday prayers.",0,crowd size=hundreds,1736845147
JOR3967,2025-01-13,2025,1,Demonstrations,Protests,Peaceful protest,Protesters (Jordan),,Protesters,,,,Protesters only,,400,Middle East,Jordan,Amman,Qasabat Amman,,Amman,31.9552,35.945,1,Jo 24,National,"On 13 January 2025, several activists and politicians carried out a protest in front of the House of Representatives building in Amman (Qasabat Amman, Amman) to demand the release of political detainees. The protesters called on the House of Representatives to intervene to release political detainees.",0,crowd size=several,1737435533
JOR3968,2025-01-17,2025,1,Demonstrations,Protests,Peaceful protest,Protesters (Jordan),,Protesters,,,,Protesters only,,400,Middle East,Jordan,Amman,Qasabat Amman,,Amman,31.9552,35.945,1,Jo 24,National,"On 17 January 2025, thousands of Jordanian citizens took to the streets in front of the Grand Husseini Mosque in Amman city (Qasabat Amman, Amman) in protest against the Israeli bombardment of Gaza. They rallied in support of the ceasefire agreement.",0,crowd size=thousands,1737435533
JOR2667,2024-01-28,2024,1,Political violence,Explosions/Remote violence,Air/drone strike,Islamic Resistance in Iraq,,Rebel group,Military Forces of the United States (2021-2025),,External/Other forces,Rebel group-External/Other forces,,400,Middle East,Jordan,Al Mafraq,Al Ruwaishid,,Tower 22,33.314,38.7033,1,Amman Net,National,"On 28 January 2024, the Islamic Resistance in Iraq, which is an Iran-backed group, launched a drone strike on US base Tower 22 in north eastern Jordan (Al Mafraq, Rukban). Three US soldiers were killed and 40 others were injured in the attack.",3,,1753954518
JOR3969,2025-02-07,2025,1,Demonstrations,Protests,Peaceful protest,Protesters (Jordan),Protesters (Palestine); Refugees/IDPs (Palestine); Unidentified Tribal Group (Jordan),Protesters,,,,Protesters only,,400,Middle East,Jordan,Al Mafraq,Qasabat al Mafraq,,Mafraq,32.3429,36.208,2,Saraya,National,"On 7 February 2025, Jordanian citizens took to the streets in Al Mafraq governorate (Qasabat al Mafraq) to protest the statements of the US and Israel calling for the displacement of Palestinians from the Gaza Strip. The protest was in support of the King of Jordan's efforts to refuse calls for Palestinian displacement. Popular, partisan, and tribal groups as well as Palestinian refugees participated in the protest.",0,crowd size=no report,1739238784
JOR3970,2025-02-07,2025,1,Demonstrations,Protests,Peaceful protest,Protesters (Jordan),Unidentified Tribal Group (Jordan),Protesters,,,,Protesters only,,400,Middle East,Jordan,Al Aqabah,Qasabat al Aqaba,,Aqaba,29.5267,35.0078,2,Jo 24; Saraya,National,"On 7 February 2025, Jordanian citizens took to the streets in the Al Aqabah governorate (Aqaba) to protest the statements of the US and Israel calling for the displacement of Palestinians from the Gaza Strip. The protest was in support of the King of Jordan's efforts to refuse calls for Palestinian displacement. Protesters also denounced Israel's plans to end the Palestinian strife for a state. Popular, partisan, and tribal groups participated in the protest.",0,crowd size=no report,1739238784
JOR3971,2025-02-07,2025,1,Demonstrations,Protests,Peaceful protest,Protesters (Jordan),Unidentified Tribal Group (Jordan),Protesters,,,,Protesters only,,400,Middle East,Jordan,Irbid,Qasabat Irbid,,Irbid,32.5556,35.85,2,Jo 24; Saraya,National,"On 7 February 2025, Jordanian citizens took to the streets in the Irbid governorate (Irbid) to protest the statements of the US and Israel calling for the displacement of Palestinians from the Gaza Strip. The protest was in support of the King of Jordan's efforts to refuse calls for Palestinian displacement. Popular, partisan, and tribal groups participated in the protest.",0,crowd size=no report,1739238784
JOR3972,2025-02-07,2025,1,Demonstrations,Protests,Peaceful protest,Protesters (Jordan),Protesters (Palestine); Refugees/IDPs (Palestine); Unidentified Tribal Group (Jordan),Protesters,,,,Protesters only,,400,Middle East,Jordan,Jerash,Qasabat Jerash,,Jarash,32.2808,35.8993,2,Jo 24; Saraya,National,"On 7 February 2025, Jordanian citizens took to the streets in the Jerash governorate (Jarash) to protest the statements of the US and Israel calling for the displacement of Palestinians from the Gaza Strip. The protest was in support of the King of Jordan's efforts to refuse calls for Palestinian displacement. Popular, partisan, and tribal groups as well as Palestinian refugees participated in the protest.",0,crowd size=no report,1739238784
JOR3973,2025-02-07,2025,1,Demonstrations,Protests,Peaceful protest,Protesters (Jordan),Unidentified Tribal Group (Jordan),Protesters,,,,Protesters only,,400,Middle East,Jordan,Maan,Qasabat Maan,,Maan,30.1962,35.7341,2,Jo 24; Saraya,National,"On 7 February 2025, Jordanian citizens took to the streets in the Maan governorate (Maan) to protest the statements of the US and Israel calling for the displacement of Palestinians from the Gaza Strip. The protest was in support of the King of Jordan's efforts to refuse calls for Palestinian displacement. Popular, partisan, and tribal groups participated in the protest.",0,crowd size=no report,1739238784
JOR3976,2025-02-07,2025,1,Demonstrations,Protests,Peaceful protest,Protesters (Jordan),Unidentified Tribal Group (Jordan),Protesters,,,,Protesters only,,400,Middle East,Jordan,Al Balqa,Qasabat as Salt,,As Salt,32.0392,35.7272,1,Saraya,National,"On 7 February 2025, Jordanian citizens took to the streets in As Salt (Qasabat as Salt, Al Balqa) to protest the statements of the US and Israel calling for the displacement of Palestinians from the Gaza Strip. The protest was in support of the King of Jordan's efforts to refuse calls for Palestinian displacement. Popular, partisan, and tribal groups participated in the protest.",0,crowd size=no report,1739238784
JOR3977,2025-02-07,2025,1,Demonstrations,Protests,Peaceful protest,Protesters (Jordan),Unidentified Tribal Group (Jordan),Protesters,,,,Protesters only,,400,Middle East,Jordan,Al Karak,Al Karak,,Karak City,31.1637,35.762,2,Jo 24,National,"On 7 February 2025, Jordanian citizens took to the streets in the Al Karak governorate (Karak City) to protest the statements of the US and Israel calling for the displacement of Palestinians from the Gaza Strip. The protest was in support of the King of Jordan's efforts to refuse calls for Palestinian displacement. Popular, partisan, and tribal groups participated in the protest.",0,crowd size=no report,1739238784
JOR3978,2025-02-07,2025,1,Demonstrations,Protests,Peaceful protest,Protesters (Jordan),Unidentified Tribal Group (Jordan),Protesters,,,,Protesters only,,400,Middle East,Jordan,Amman,Qasabat Amman,,Amman,31.9552,35.945,1,Jo 24; Jordan News Agency; Jordan Times; Roya News,National,"On 7 February 2025, thousands of Jordanian citizens took to the streets in front of the Grand Husseini Mosque in Amman city (Qasabat Amman, Amman) to protest the statements of the US and Israel calling for the displacement of Palestinians from the Gaza Strip. The protest was in support of the King of Jordan's efforts to refuse calls for Palestinian displacement. Popular, partisan, and tribal groups participated in the protest.",0,crowd size=thousands,1739238784
JOR3979,2025-02-07,2025,1,Demonstrations,Protests,Peaceful protest,Protesters (Jordan),Unidentified Tribal Group (Jordan),Protesters,,,,Protesters only,,400,Middle East,Jordan,Amman,Wadi as Sir,,Al Swaifeh,31.9556,35.8643,1,Al Ghad (Jordan); Jo 24; Jordan News Agency; Roya News,National,"On 7 February 2025, thousands of Jordanian citizens took to the streets in Al Swaifeh area (Wadi as Sir, Amman) to protest the statements of the US and Israel calling for the displacement of Palestinians from the Gaza Strip. The protest was in support of the King of Jordan's efforts to refuse calls for Palestinian displacement. Protesters were about 2 kms from the U.S. Embassy building. Popular, partisan, and tribal groups participated in the protest.",0,crowd size=thousands,1739238784
JOR3980,2025-02-07,2025,1,Demonstrations,Protests,Peaceful protest,Protesters (Jordan),Unidentified Tribal Group (Jordan),Protesters,,,,Protesters only,,400,Middle East,Jordan,At Tafilah,At Tafilah,,At Tafilah,30.8375,35.6044,1,Jo 24,National,"On 7 February 2025, Jordanian citizens took to the streets in At Tafilah (At Tafilah, At Tafilah) to protest the statements of the US and Israel calling for the displacement of Palestinians from the Gaza Strip. The protest was in support of the King of Jordan's efforts to refuse calls for Palestinian displacement. Popular, partisan, and tribal groups participated in the protest.",0,crowd size=no report,1739238784
JOR3981,2025-02-11,2025,1,Demonstrations,Protests,Peaceful protest,Protesters (Jordan),Labor Group (Jordan),Protesters,,,,Protesters only,,400,Middle East,Jordan,Amman,Qasabat Amman,,Amman,31.9552,35.945,1,Jo 24,National,"On 11 February 2025, a protest took place in front of the Chamber of Commerce in Amman city (Qasabat Amman, Amman) against U.S. President Trump's plan to displace Palestinians from Gaza. The protest was attended by presidents of chambers of commerce, representatives of commercial sectors, heads of unions and employers' associations, as well as business owners and company representatives.",0,crowd size=no report,1739840114
JOR3982,2025-02-10,2025,1,Demonstrations,Protests,Peaceful protest,Protesters (Jordan),Health Workers (Jordan),Protesters,,,,Protesters only,,400,Middle East,Jordan,Amman,Marka,,Marka,31.9833,35.9833,1,Jo 24; Jordan Labor Watch,National,"On 10 February 2025, medical doctors carried out a protest in front of the Jordanian Medical Council in Marka (Marka, Jordan) against new regulations issued by the council. The regulations included reducing the leave period that a resident doctor is entitled to, limiting it to 30 days instead of 72 days.",0,crowd size=no report,1739840114
JOR3983,2025-02-08,2025,1,Demonstrations,Protests,Peaceful protest,Protesters (Jordan),Journalists (Jordan); JPA: Jordan Press Association,Protesters,,,,Protesters only,,400,Middle East,Jordan,Amman,Al Jamiah,,Tila al Ali,31.991,35.8687,1,Al Ghad (Jordan); Jo 24,National,"On 8 February 2025, journalists held a protest in front of the Jordan Press Association building in Tila al Ali (Al Jamiah, Amman) against U.S. President Trump's proposal to displace Palestinians from Gaza. The deputy vice president of JPA attended the event.",0,crowd size=no report,1739840114
JOR3984,2025-02-08,2025,1,Demonstrations,Protests,Peaceful protest,Protesters (Jordan),Jordan Bar Association; Journalists (Jordan); Lawyers (Jordan),Protesters,,,,Protesters only,,400,Middle East,Jordan,Amman,Qasabat Amman,,Amman,31.9552,35.945,1,Al Ghad (Jordan); Saraya,National,"On 8 February 2025, journalists and lawyers carried out a protest rally from the JPA building to the House of Representatives in Amman (Qasabat Amman, Amman) against U.S. President Trump's proposal to displace Palestinians from Gaza, attended by the head of the Jordan Bar Association.",0,crowd size=no report,1739840114
JOR3985,2025-02-14,2025,1,Demonstrations,Protests,Peaceful protest,Protesters (Jordan),Muslim Brotherhood (Jordan),Protesters,,,,Protesters only,,400,Middle East,Jordan,Az Zarqa,Az Zarqa,,Zarqa,32.0728,36.088,1,Jo 24,National,"On 14 February 2025, Jordanian citizens took to the streets in front of Omar Bin Al Khattab mosque in Zarqa (Az Zarqa, Az Zarqa) to protest against U.S. President Trump's plan to displace Palestinians from Gaza. The Muslim Brotherhood called for the protest.",0,crowd size=no report,1739840114
JOR3986,2025-02-14,2025,1,Demonstrations,Protests,Peaceful protest,Protesters (Jordan),Muslim Brotherhood (Jordan),Protesters,,,,Protesters only,,400,Middle East,Jordan,Az Zarqa,Ar Russeifa,,Ar Rusayfah,32.0173,36.0327,1,Jo 24,National,"On 14 February 2025, Jordanian citizens took to the streets in front of the Amena Bint Wahab mosque in Ar Rusayfah (Ar Russeifa, Az Zarqa) to protest against U.S. President Trump's plan to displace Palestinians from Gaza. The Muslim Brotherhood called for the protest.",0,crowd size=no report,1739840114
JOR3987,2025-02-14,2025,1,Demonstrations,Protests,Peaceful protest,Protesters (Jordan),Muslim Brotherhood (Jordan),Protesters,,,,Protesters only,,400,Middle East,Jordan,Al Karak,Al Karak,,Karak City,31.1637,35.762,1,Jo 24,National,"On 14 February 2025, Jordanian citizens took to the streets in Karak City (Al Karak, Al Karak) to protest against U.S. President Trump's plan to displace Palestinians from Gaza. The Muslim Brotherhood called for the protest.",0,crowd size=no report,1739840114
JOR3988,2025-02-21,2025,1,Demonstrations,Protests,Peaceful protest,Protesters (Jordan),,Protesters,,,,Protesters only,,400,Middle East,Jordan,Amman,Qasabat Amman,,Amman,31.9552,35.945,1,Roya News,National,"On 21 February 2025, Jordanian citizens took to the streets after Friday prayers in the downtown area of Amman city (Amman, Qasabat Amman) to protest against U.S. President Trump's plan to displace Palestinians from Gaza. They rallied in support of the Jordanian King.",0,crowd size=no report,1740447562
JOR3989,2025-02-28,2025,1,Demonstrations,Protests,Peaceful protest,Protesters (Jordan),Muslim Brotherhood (Jordan),Protesters,,,,Protesters only,,400,Middle East,Jordan,Amman,Qasabat Amman,,Amman,31.9552,35.945,1,Al Ghad (Jordan); Jo 24,National,"On 28 February 2025, thousands of Jordanian citizens took to the streets in front of the Grand Husseini Mosque in Amman city (Qasabat Amman, Amman) to protest against any plans that call for the displacement of Palestinian citizens from the Gaza Strip or the West Bank. Protesters also stressed that Jordan will never be another nation for Palestinian refugees. The Muslim Brotherhood called for the protest.",0,crowd size=thousands,1741125176
JOR3993,2025-03-18,2025,1,Demonstrations,Protests,Peaceful protest,Protesters (Jordan),Muslim Brotherhood (Jordan),Protesters,,,,Protesters only,,400,Middle East,Jordan,Al Aqabah,Qasabat al Aqaba,,Aqaba,29.5267,35.0078,1,Jo 24,National,"On 18 March 2025, Jordanian citizens took to the streets in front of the Hussein Bin Talal Mosque in Aqaba (Qasabat al Aqaba, Al Aqabah) to protest against the resumption of Israeli military action in Gaza. They ralled in support of the Palestinian resistance. The Muslim Brotherhood called for the protest.",0,crowd size=no report,1742858667
JOR3994,2025-03-18,2025,1,Demonstrations,Protests,Peaceful protest,Protesters (Jordan),Muslim Brotherhood (Jordan),Protesters,,,,Protesters only,,400,Middle East,Jordan,Al Karak,Al Karak,,Karak City,31.1637,35.762,1,Jo 24,National,"On 18 March 2025, Jordanian citizens took to the streets in front of the Grand Al Manshiya Mosque in Karak City (Al Karak, Al Karak) to protest against the resumption of Israeli military action in Gaza. They rallied in support of the Palestinian resistance. The Muslim Brotherhood called for the protest.",0,crowd size=no report,1742858667
JOR3995,2025-03-18,2025,1,Demonstrations,Protests,Peaceful protest,Protesters (Palestine),Refugees/IDPs (Palestine),Protesters,,,,Protesters only,,400,Middle East,Jordan,Irbid,Qasabat Irbid,,Al Baq'a,32.5725,35.8746,1,Jo 24,National,"On 18 March 2025, Palestinian refugees took to the streets in front of the Baqaa Refugee Camp in Al Baq'a (Qasabat Irbid, Irbid) to protest against the resumption of Israeli military action in Gaza. They rallied in support of the Palestinian resistance.",0,crowd size=no report,1742858667
JOR3996,2025-03-18,2025,1,Demonstrations,Protests,Peaceful protest,Protesters (Jordan),,Protesters,,,,Protesters only,,400,Middle East,Jordan,Irbid,Qasabat Irbid,,Irbid,32.5556,35.85,1,Jo 24,National,"On 18 March 2025, Jordanian citizens took to the streets in front of the Al Hashimi Mosque in Irbid (Qasabat Irbid, Irbid) to protest against the resumption of Israeli military action in Gaza. They rallied in support of the Palestinian resistance.",0,crowd size=no report,1742858667
JOR3997,2025-03-18,2025,1,Demonstrations,Protests,Peaceful protest,Protesters (Jordan),Muslim Brotherhood (Jordan),Protesters,,,,Protesters only,,400,Middle East,Jordan,Al Mafraq,Qasabat al Mafraq,,Mafraq,32.3429,36.208,1,Jo 24,National,"On 18 March 2025, Jordanian citizens took to the streets in Mafraq (Qasabat al Mafraq, Al Mafraq) to protest against the resumption of Israeli military action in Gaza. They rallied in support of the Palestinian resistance. The Muslim Brotherhood called for the protest.",0,crowd size=no report,1742858667
JOR3998,2025-03-18,2025,1,Demonstrations,Protests,Peaceful protest,Protesters (Jordan),,Protesters,,,,Protesters only,,400,Middle East,Jordan,Amman,Qasabat Amman,,Amman,31.9552,35.945,1,Jo 24; Roya News,National,"On 18 March 2025, thousands of Jordanian citizens took to the streets in front of the Grand Hussein Mosque in Amman city (Qasabat Amman, Amman) to protest against the resumption of Israeli military action in Gaza. Protesters called for an end to all forms of normalization with Israel and demanded the 'abolition of the Wadi Araba Agreement.'",0,crowd size=thousands,1742858667
JOR3999,2025-03-21,2025,1,Demonstrations,Protests,Peaceful protest,Protesters (Jordan),,Protesters,,,,Protesters only,,400,Middle East,Jordan,Amman,Qasabat Amman,,Amman,31.9552,35.945,1,Jo 24,National,"On 21 March 2025, hundreds of Jordanian citizens took to the streets in front of the Grand Hussein Mosque in Amman city (Qasabat Amman, Amman) to protest against the resumption of Israeli military action in Gaza. Protesters called for an end to all forms of normalization with Israel and demanded the 'abolition of the Wadi Araba Agreement.'",0,crowd size=hundreds,1742858667
JOR4000,2025-03-27,2025,1,Demonstrations,Protests,Peaceful protest,Protesters (Jordan),Arab Women's Association in Jordan; Women (Jordan),Protesters,,,,Protesters only,,400,Middle East,Jordan,Amman,Qasabat Amman,,Amman,31.9552,35.945,1,Jo 24,National,"On 27 March 2025, the Higher Committee for the Right of Return and the Arab Women's Association organized a solidarity stand in front of the United Nations headquarters in Amman (Qasabat Amman, Amman) in commemoration of Palestinian Quds Day. They rallied in support of Palestinian's right of return.",0,crowd size=no report,1743467551
JOR4001,2025-03-28,2025,1,Demonstrations,Protests,Peaceful protest,Protesters (Jordan),NFSRPN: National Forum for Supporting Resistance and Protecting the Nation,Protesters,,,,Protesters only,,400,Middle East,Jordan,Amman,Qasabat Amman,,Amman,31.9552,35.945,1,Jo 24; Saraya,National,"On 28 March 2025, thousands of Jordanian citizens took to the streets in front of the Grand Husseini mosque in Amman (Qasabat Amman, Amman) to protest against the resumption of Israeli military operations in Gaza. They rallied in support of Hamas and the Palestinian resistance. The NFSRPN called for the protest.",0,crowd size=thousands,1743467551
JOR4002,2025-03-28,2025,1,Demonstrations,Protests,Peaceful protest,Protesters (Jordan),,Protesters,,,,Protesters only,,400,Middle East,Jordan,Al Karak,Al Mazar al Janubi,,Mu'tah,31.0925,35.6944,1,Jo 24,National,"On 28 March 2025, dozens of Jordanian citizens took to the streets in front of the Martyrs mosque in Mu'tah (Al Mazar al Janubi, Al Karak) to protest against the resumption of Israeli military operations in Gaza. They rallied in support of Hamas and the Palestinian resistance.",0,crowd size=dozens,1743467551
JOR4003,2025-03-28,2025,1,Demonstrations,Protests,Peaceful protest,Protesters (Jordan),,Protesters,,,,Protesters only,,400,Middle East,Jordan,Irbid,Qasabat Irbid,,Irbid,32.5556,35.85,1,Jo 24,National,"On 28 March 2025, hundreds of Jordanian citizens took to the streets in front of Nouh Al Qoudat mosque in Irbid (Qasabat Irbid, Irbid) to protest against the resumption of Israeli military operations in Gaza. They rallied in support of Hamas and the Palestinian resistance.",0,crowd size=hundreds,1743467551
JOR4004,2025-04-04,2025,1,Demonstrations,Protests,Peaceful protest,Protesters (Jordan),Muslim Brotherhood; NFSRPN: National Forum for Supporting Resistance and Protecting the Nation,Protesters,,,,Protesters only,,400,Middle East,Jordan,Amman,Wadi as Sir,,Al Swaifeh,31.9556,35.8643,1,Amman Net; Jo 24; Roya News; Saraya,National,"On 4 April 2025, thousands of Jordanian citizens took to the streets in front of Ebad Al Rahman mosque in Al Swaifeh (Wadi as Sir, Amman) to protest against Israel's bombardment of Gaza. They rallied in support of Hamas and the Palestinian resistance. The protest area is 2 kms away from the U.S. Embassy in Amman. The NFSRPN and the Muslim Brotherhood called for the protest.",0,crowd size=thousands,1744085351
JOR4005,2025-04-04,2025,1,Demonstrations,Protests,Peaceful protest,Protesters (Jordan),Muslim Brotherhood; NFSRPN: National Forum for Supporting Resistance and Protecting the Nation,Protesters,,,,Protesters only,,400,Middle East,Jordan,Irbid,Qasabat Irbid,,Irbid,32.5556,35.85,1,Amman Net; Jo 24,National,"On 4 April 2025, Jordanian citizens took to the streets in front of Al Hashimi mosque in Irbid city (Qasabat Irbid, Irbid) to protest against Israel's bombardment of Gaza. They rallied in support of Hamas and the Palestinian resistance. The NFSRPN and the Muslim Brotherhood called for the protest.",0,crowd size=no report,1744085351
JOR4006,2025-04-04,2025,1,Demonstrations,Protests,Peaceful protest,Protesters (Jordan),,Protesters,,,,Protesters only,,400,Middle East,Jordan,Al Aqabah,Qasabat al Aqaba,,Aqaba,29.5267,35.0078,1,Jo 24,National,"On 4 April 2025, dozens of Jordanian citizens took to the streets in front of Al Kabeer mosque in Aqaba (Qasabat al Aqaba, Al Aqabah) to protest against Israel's bombardment of Gaza. They rallied in support of Hamas and the Palestinian resistance.",0,crowd size=dozens,1744085351
JOR4007,2025-04-04,2025,1,Demonstrations,Protests,Peaceful protest,Protesters (Jordan),Muslim Brotherhood; Palestinian Group (Jordan),Protesters,,,,Protesters only,,400,Middle East,Jordan,Irbid,Qasabat Irbid,,Al Baq'a,32.5725,35.8746,1,Amman Net; Jo 24,National,"On 4 April 2025, Jordanian citizens, who are likely members of the Palestinian community, protested and marched in Al Baq'a camp (Qasabat Irbid, Irbid) against Israel's bombardment of Gaza. They rallied in support of Hamas and the Palestinian resistance. The Muslim Brotherhood called for the protest.",0,crowd size=no report,1744085351
JOR4008,2025-04-08,2025,1,Demonstrations,Protests,Protest with intervention,Protesters (Jordan),NFSRPN: National Forum for Supporting Resistance and Protecting the Nation,Protesters,Police Forces of Jordan (1999-),,State forces,State forces-Protesters,,400,Middle East,Jordan,Amman,Al Jamiah,,Tila al Ali,31.991,35.8687,1,Amman Net; Jo 24,National,"On 8 April 2025, Jordanian citizens took to the streets in front of the Israeli Embassy in the Rabyeh neighborhood in Tila al Ali (Al Jamiah, Amman) to protest against the Israeli bombardment of Gaza. The Jordanian Police intervened and dispersed the protest. The NFSRPN called for the protest.",0,crowd size=no report,1753970978
JOR4009,2025-04-11,2025,1,Demonstrations,Protests,Peaceful protest,Protesters (Jordan),Muslim Brotherhood,Protesters,,,,Protesters only,,400,Middle East,Jordan,Al Aqabah,Qasabat al Aqaba,,Aqaba,29.5267,35.0078,1,Jo 24,National,"On 11 April 2025, Jordanian citizens took to the streets in front of Omar Bin Al Khattab mosque after Friday prayers in Aqaba (Qasabat al Aqaba, Al Aqabah) to protest against the continuous Israeli bombardment of Gaza. They rallied in support of the Palestinian people. The Muslim Brotherhood called for the protest.",0,crowd size=no report,1744679468
JOR4010,2025-04-11,2025,1,Demonstrations,Protests,Peaceful protest,Protesters (Jordan),NFSRPN: National Forum for Supporting Resistance and Protecting the Nation,Protesters,,,,Protesters only,,400,Middle East,Jordan,Amman,Wadi as Sir,,Wadi As Sir,31.9545,35.8183,1,Jo 24,National,"On 11 April 2025, Jordanian citizens took to the streets in front of the Abu Eisheh mosque after Friday prayers in Wadi as Sir (Wadi as Sir, Amman) to protest against the continuous Israeli bombardment of Gaza. They rallied in support of the Palestinian people. The NFSRPN called for the protest.",0,crowd size=no report,1744679468
JOR4012,2025-04-11,2025,1,Political violence,Explosions/Remote violence,Air/drone strike,Military Forces of Yemen (2017-) Houthi,,External/Other forces,,,,External/Other forces only,,400,Middle East,Jordan,Madaba,Qasabat Madaba,,Ma'in,31.6805,35.7329,1,Al Arabiya; Yemeni Army - Houthi,Other-Regional,"On 11 April 2025, Houthi forces in Yemen launched 1 Yaffa drone that crashed in an open area in Ma'in (Qasabat Madaba, Madaba). Shrapnel from the drone caused a fire in the area where it crashed, but there were no casaulties. The Houthis claimed to have launched two Yaffa drones on that day targeting unnamed Israeli military sites in the Jaffa/Tel Aviv area. The other drone was intercepted by Israeli military forces over the area of the Dead Sea (coded separately).",0,,1753954518
JOR4013,2025-04-15,2025,1,Strategic developments,Strategic developments,Arrests,Military Forces of Jordan (1999-),,State forces,Muslim Brotherhood (Jordan),,Political militia,State forces-Political militia,,400,Middle East,Jordan,Amman,Qasabat Amman,,Amman,31.9552,35.945,3,Al Ghad (Jordan); Amman Net; Jo 24; Jordan Times; Saraya,National,"On 15 April 2025, Jordanian Army units in cooperation with the Intelligence directorate foiled a plot across the country (coded to Amman). The plots included the manufacturing of rockets using local tools as well as equipment imported illegally from abroad, possession of explosives and firearms, and a project to manufacture drones. 16 people, affiliated with the Muslim Brotherhood, were arrested in the operation.",0,,1745363463
JOR2567,2024-01-02,2024,1,Demonstrations,Protests,Peaceful protest,Protesters (Jordan),Labor Group (Jordan),Protesters,,,,Protesters only,,400,Middle East,Jordan,Amman,Al Jamiah,,Al Salam,31.9739,35.8822,1,Jordan Labor Watch,National,"On 2 January 2024, yellow taxi drivers held a protest outside the Ministry of Transport in Al Salam (Al Jamiah), to demand that authorities prevent the infringement of their rights by other companies.",0,crowd size=no report,1751322258
JOR2569,2024-01-04,2024,1,Demonstrations,Protests,Peaceful protest,Protesters (Jordan),Students (Jordan),Protesters,,,,Protesters only,,400,Middle East,Jordan,Amman,Al Jamiah,,Al Jubayhah,32.0107,35.898,1,Jo 24,National,"On 4 January 2024, university students held a protest outside the Ministry of Education in Al Jubayhah (Al Jamiah), against the amendments to the university student support fund system, demanding that all students be able to benefit from the fund.",0,crowd size=no report,1751322258
JOR2580,2024-01-03,2024,1,Demonstrations,Protests,Peaceful protest,Protesters (Palestine),Refugees/IDPs (Palestine),Protesters,,,,Protesters only,,400,Middle East,Jordan,Al Balqa,Ain Al Basha,,Mukhayyam Al Baq'a,32.0759,35.8465,1,Jo 24,National,"On 3 January 2024, hundreds of Palestinian refugees took to the streets of Mukhayyam Al Baq'a (Ain Al Basha) to demonstrate, in support of the Palestinian resistance, and people in Gaza and the West Bank, and to denounce Israeli aggression towards them. The protesters also condemned Israel's killing of Hamas' deputy chairman of the political bureau, in Beirut.",0,crowd size=hundreds,1751322258
JOR2629,2024-01-10,2024,1,Demonstrations,Protests,Peaceful protest,Protesters (Jordan),Partnership and Salvation Party,Protesters,,,,Protesters only,,400,Middle East,Jordan,Amman,Qasabat Amman,,Al Abdali,31.9607,35.9166,1,Jo 24,National,"On 10 January 2024, protesters including activists and the General Secretary of the Partnership and Salvation party held a protest outside of Justice Palace in Al Abdali (Qasabat Amman), to demand the release of activists who were detained for participating in rallies in support of Palestine.",0,crowd size=no report,1751322258
JOR2633,2024-01-11,2024,1,Demonstrations,Protests,Peaceful protest,Protesters (Jordan),,Protesters,,,,Protesters only,,400,Middle East,Jordan,Amman,Qasabat Amman,,Abdun al Shamali,31.9484,35.8924,1,Jo 24,National,"On 11 January 2024, dozens of protesters including activists held a sit-in outside the embassy of South Africa in Abdun al Shamali (Qasabat Amman), in support of South Africa's lawsuit against Israel in the ICJ for its aggression against Palestinians in Gaza.",0,crowd size=dozens,1751322258
JOR2647,2024-01-18,2024,1,Demonstrations,Protests,Peaceful protest,Protesters (Jordan),,Protesters,,,,Protesters only,,400,Middle East,Jordan,Amman,Qasabat Amman,,Abdun al Shamali,31.9484,35.8924,1,Jo 24,National,"On 18 January 2024, protesters took to the streets outside the German embassy in Abdun al Shamali (Qasabat Amman) to demonstrate, against Germany's support to Israel. The protesters also demanded the expulsion of the German ambassador.",0,crowd size=no report,1751322258
JOR2656,2024-01-23,2024,1,Demonstrations,Protests,Peaceful protest,Protesters (Jordan),,Protesters,,,,Protesters only,,400,Middle East,Jordan,Amman,Qasabat Amman,,Abdun al Shamali,31.9484,35.8924,1,Jo 24,National,"On 23 January 2024, hundreds of Jordanians protested in front of the Egyptian Embassy in Abdun al Shamali (Amman, Qasabat Amman). They called on the Egyptian government to break the seige imposed on the Gaza Strip. They also called for opening the Rafah crossing for aid to the Palestinian people.",0,crowd size=hundreds,1751322258
JOR2661,2024-01-21,2024,1,Demonstrations,Protests,Peaceful protest,Protesters (Jordan),Labor Group (Jordan),Protesters,,,,Protesters only,,400,Middle East,Jordan,Amman,Al Jamiah,,Al Salam,31.9739,35.8822,1,Jordan Labor Watch,National,"On 21 January 2024, dozens of yellow taxi drivers held a sit-in outside the Ministry of Tansport in Al Salam (Al Jamiah), in protest against the government's neglect of their demands, in regards to the proliferation of transport companies without licenses.",0,crowd size=dozens,1751322258
JOR2662,2024-01-29,2024,1,Demonstrations,Protests,Peaceful protest,Protesters (Jordan),Women (Jordan),Protesters,,,,Protesters only,,400,Middle East,Jordan,Amman,Qasabat Amman,,Abdun al Shamali,31.9484,35.8924,1,Roya News,National,"On 29 January 2024, a number of women participated in a protest in front the Delegation of the European Union in Abdun al Shamali (Amman, Qasabat Amman). The protest was against the continuation of the war on Gaza.",0,crowd size=no report,1751322258
JOR2671,2024-02-13,2024,1,Demonstrations,Protests,Peaceful protest,Protesters (Jordan),Committee for Tracing Arrestees; Jordanian Future and Life Party; Judges (Jordan); NFSRPN: National Forum for Supporting Resistance and Protecting the Nation,Protesters,,,,Protesters only,,400,Middle East,Jordan,Amman,Qasabat Amman,,Al Abdali,31.9607,35.9166,1,Amman Net; Jo 24,National,"On 13 February 2024, several members of the JFP as well as other individuals from the Committee for Tracing Arrestees and NFSRPN: National Forum for Supporting Resistance and Protecting the Nation, including judges, participated in a protest infront of the Justice Palace in Al Abdali (Qasabat Amman, Amman) in support of several arrested activists. The activists were allegedly arrested for voicing their opinions on the ongoing war against Gaza. They called on the government to release all jailed activists.",0,crowd size=no report,1751322258
JOR2678,2024-02-20,2024,1,Demonstrations,Protests,Peaceful protest,Protesters (Jordan),Civilians (Jordan); NFSRPN: National Forum for Supporting Resistance and Protecting the Nation,Protesters,,,,Protesters only,,400,Middle East,Jordan,Amman,Qasabat Amman,,Al Abdali,31.9607,35.9166,1,Amman Net; Jo 24,National,"On 20 February 2024, members of the NFSRPN along with other protesters held a protest in front of the Ministry of Water and Irrigation in Al Abdali (Qasabat Amman, Amman). The protest was against the renewal of the lease contract for the Jordan Environmental Park with the Land and Environment Protection Association. Protesters argued that the Land and Environment Protection Association is the same entity as the Middle East EcoPeace Organization, owned by Israel.",0,crowd size=no report,1751322258
JOR2709,2024-03-18,2024,1,Demonstrations,Protests,Peaceful protest,Protesters (Palestine),Refugees/IDPs (Palestine),Protesters,,,,Protesters only,,400,Middle East,Jordan,Al Balqa,Ain Al Basha,,Mukhayyam Al Baq'a,32.0759,35.8465,1,Jo 24,National,"On 18 March 2024, hundreds of Palestinian refugees took to the streets in Mukhayyam Al Baq'a (Ain al Basha, Al Balqa) to protest against the continuous Israeli bombardment of Gaza. They also rallied in support of Gaza and the Palestinian people.",0,crowd size=hundreds,1751322258
JOR2724,2024-03-25,2024,1,Demonstrations,Protests,Peaceful protest,Protesters (Palestine),Refugees/IDPs (Palestine),Protesters,,,,Protesters only,,400,Middle East,Jordan,Al Balqa,Ain Al Basha,,Mukhayyam Al Baq'a,32.0759,35.8465,1,Jo 24,National,"On 25 March 2024, hundreds of Palestinian refugees took to the streets in Mukhayyam Al Baq'a (Ain Al Basha, Al Balqa) to protest against the continuous Israeli bombardment of Gaza. They also rallied in support of Hamas and the Palestinian resistance.",0,crowd size=hundreds,1751322258
JOR2733,2024-03-29,2024,1,Demonstrations,Riots,Violent demonstration,Rioters (Palestine),Refugees/IDPs (Palestine),Rioters,,,,Rioters only,,400,Middle East,Jordan,Al Balqa,Ain Al Basha,,Mukhayyam Al Baq'a,32.0759,35.8465,1,Roya News; Saraya,National,"On 29 March 2024, Palestinian rioters carried out a demonstration denouncing the 'Israeli assault on Gaza' in Mukhayyam al Baq'a (Ain Al Basha; Al Balqa). Rioters set fire to properties, blocked roads, and tried to assault police officers.",0,crowd size=no report,1751322258
JOR3680,2024-02-07,2024,1,Demonstrations,Protests,Peaceful protest,Protesters (Jordan),Students (Jordan),Protesters,,,,Protesters only,,400,Middle East,Jordan,Amman,Qasabat Amman,,Al Abdali,31.9607,35.9166,1,Amman Net,National,"On 7 February 2024, a group of students protested in front of the National Parliament in Al Abdali (Amman, Qasabat Amman). The protest was against new rules being implemented regarding the Student Support Fund.",0,crowd size=no report,1751322258
JOR3688,2024-02-22,2024,1,Demonstrations,Protests,Peaceful protest,Protesters (Jordan),,Protesters,,,,Protesters only,,400,Middle East,Jordan,Irbid,Ar Ramtha,,Ash Shajarah,32.6436,35.9396,1,Roya News; Saraya,National,"On 22 February 2024, protesters took to the streets in Ash Shajarah (Ar Ramtha, Irbid) to express their support and solidarity with the Palestinian people and Gaza. They condemned the Israeli military and its continuous bombardment of the Gaza strip.",0,crowd size=no report,1751322258
JOR3693,2024-02-29,2024,1,Demonstrations,Protests,Peaceful protest,Protesters (Jordan),,Protesters,,,,Protesters only,,400,Middle East,Jordan,Amman,Al Jamiah,,Al Salam,31.9739,35.8822,1,Roya News,National,"On 29 February 2024, dozens of Jordanian citizens took to the streets in front of Al Kalouty mosque in Al Salam (Al Jamiah, Amman) to protest against the latest Israeli shooting of Palestinian civilians amid the war in Gaza. They rallied in support of the Palestinian people and Gaza as well as against Israel.",0,crowd size=dozens,1751322258
JOR3791,2024-04-14,2024,1,Strategic developments,Strategic developments,Disrupted weapons use,Military Forces of Israel (2022-),,External/Other forces,Military Forces of Iran (1989-) Islamic Revolutionary Guard Corps,,External/Other forces,External/Other forces-External/Other forces,,400,Middle East,Jordan,Amman,Naur,,Marj al Hamam,31.9031,35.8457,1,Roya News,National,"Interception: On 14 April 2024, the Israeli military intercepted several Iranian drones and missiles over Marj al Hamam (Naur, Amman) which led missile fragments to fall on buildings and cars in the area. There were no casualties.",0,,1753954518
JOR3834,2024-05-26,2024,1,Political violence,Riots,Mob violence,Rioters (Jordan),,Rioters,Rioters (Jordan),,Rioters,Rioters-Rioters,,400,Middle East,Jordan,Amman,Naur,,Marj al Hamam,31.9031,35.8457,1,Saraya,National,"On 26 May 2024, a big brawl took place between two groups in Marj al Hamam (Naur, Amman) due to a past dispute. The brawl led to the injury of six people. Jordanian security forces were deployed in the area.",0,crowd size=no report,1751322258
JOR3839,2024-05-26,2024,1,Demonstrations,Protests,Peaceful protest,Protesters (Palestine),Refugees/IDPs (Palestine),Protesters,,,,Protesters only,,400,Middle East,Jordan,Al Balqa,Ain Al Basha,,Mukhayyam Al Baq'a,32.0759,35.8465,1,Jo 24,National,"On 26 May 2024, dozens of Palestinian refugees to the streets in Mukhayyam Al Baq'a (Ain al Basha, Al Balqa) to protest against Israel's latest bombardment of the Rafah refugee camp in southern Gaza. They rallied in support of Hamas and the Palestinian resistance.",0,crowd size=dozens,1751322258
JOR3857,2024-07-12,2024,1,Demonstrations,Protests,Peaceful protest,Protesters (Palestine),Refugees/IDPs (Palestine),Protesters,,,,Protesters only,,400,Middle East,Jordan,Al Balqa,Ain Al Basha,,Mukhayyam Al Baq'a,32.0759,35.8465,1,Jo 24,National,"On 12 July 2024, hundreds of Palestinian refugees took to the streets in Mukhayyam Al Baq'a (Ain Al Basha, Al Balqa) to protest against the continuous Israeli bombardment of Gaza. They rallied in support of Hamas and the Palestinian resistance.",0,crowd size=hundreds,1751322258
JOR3974,2025-02-03,2025,1,Demonstrations,Protests,Peaceful protest,Protesters (Jordan),Labor Group (Jordan),Protesters,,,,Protesters only,,400,Middle East,Jordan,Amman,Qasabat Amman,,Al Abdali,31.9607,35.9166,1,Jordan Labor Watch,National,"On 3 February 2025, hundreds of workers carried out a protest in front of the parliament building in Al Abdali (Amman, Qasabat Amman) to demand the intervention of officials to pressure the company to pay their four-month overdue salaries.",0,crowd size=hundreds,1751322258
JOR3975,2025-02-07,2025,1,Demonstrations,Protests,Peaceful protest,Protesters (Jordan),Unidentified Tribal Group (Jordan),Protesters,,,,Protesters only,,400,Middle East,Jordan,Al Balqa,Ain Al Basha,,Ain al Basha,32.0588,35.8315,2,Jo 24,National,"On 7 February 2025, Jordanian citizens took to the streets in the Al Balqa governorate (Ain al Basha) to protest the statements of the US and Israel calling for the displacement of Palestinians from the Gaza Strip. The protest was in support of the King of Jordan's efforts to refuse calls for Palestinian displacement. Popular, partisan, and tribal groups participated in the protest.",0,crowd size=no report,1751322258
JOR3991,2025-02-26,2025,1,Demonstrations,Protests,Peaceful protest,Protesters (Jordan),Labor Group (Jordan),Protesters,,,,Protesters only,,400,Middle East,Jordan,Amman,Qasabat Amman,,Madinat al Husayn,31.9784,35.911,1,Jordan Labor Watch,National,"On 26 February 2025, workers at an Iron manufacturing company staged a protest in front of the Integrity and Anti Corruption Commission building in Madinat al Husayn (Qasabat Amman, Amman) due to their company's refusal to release entitlements from the workers' savings fund.",0,crowd size=no report,1751322258
JOR3992,2025-03-10,2025,1,Demonstrations,Protests,Peaceful protest,Protesters (Jordan),,Protesters,,,,Protesters only,,400,Middle East,Jordan,Amman,Qasabat Amman,,Al Abdali,31.9607,35.9166,1,Amman Net,National,"On 10 March 2025, families of prisoners and detainees held a protest in front of the national parliament in Al Abdali (Qasabat Amman, Amman) to demand a comprehensive general amnesty, criticizing what they described as shortcomings in the previous amnesty.",0,crowd size=no report,1751322258
JOR4011,2025-04-09,2025,1,Demonstrations,Protests,Peaceful protest,Protesters (Jordan),,Protesters,,,,Protesters only,,400,Middle East,Jordan,Amman,Qasabat Amman,,Al Abdali,31.9607,35.9166,1,Amman Net; Saraya,National,"On 9 April 2025, families of arrestees and detainees took to the streets in front of the National Parliament in Al Abdali (Qasabat Amman, Amman) to demand a general amnesty.",0,crowd size=no report,1751322258
