event_id_cnty,event_date,year,time_precision,disorder_type,event_type,sub_event_type,actor1,assoc_actor_1,inter1,actor2,assoc_actor_2,inter2,interaction,civilian_targeting,iso,region,country,admin1,admin2,admin3,location,latitude,longitude,geo_precision,source,source_scale,notes,fatalities,tags,timestamp
BHR12485,2024-01-01,2024,1,Demonstrations,Protests,Peaceful protest,Protesters (Bahrain),February 14 Youth Coalition,Protesters,,,,Protesters only,,48,Middle East,Bahrain,Capital,,,Sitrah,26.1547,50.6206,1,14 February Revolution Youth Coalition,Other,"On 1 January 2024, demonstrators, including February 14 Youth Coalition, held a march in Sitrah (Capital) to show their readiness for a 'new revolutionary year'.",0,crowd size=no report,1704775455
BHR12486,2024-01-03,2024,1,Demonstrations,Protests,Peaceful protest,Protesters (Bahrain),February 14 Youth Coalition,Protesters,,,,Protesters only,,48,Middle East,Bahrain,Northern,,,Al Markh,26.2103,50.4733,1,14 February Revolution Youth Coalition,Other,"On 3 January 2024, demonstrators, including February 14 Youth Coalition, held an anti-regime march in Al Markh (Northern) to commemorate the death of Qasim Sulaymani and Abu Mahdi al-Muhandis who were killed by a US strike on 3 January 2020 in Bagdad.",0,crowd size=no report,1704775455
BHR12488,2024-01-05,2024,1,Demonstrations,Protests,Peaceful protest,Protesters (Bahrain),February 14 Youth Coalition,Protesters,,,,Protesters only,,48,Middle East,Bahrain,Northern,,,Al Diraz,26.2181,50.4706,1,14 February Revolution Youth Coalition; ADHRB; Al Wafa; Bahrain Alyoum; LuaLua TV,Other-National,"On 5 January 2024, demonstrators, including February 14 Youth Coalition, held a large march in Al Diraz (Northern) in solidarity with the Palestinian people and to denounce the US coalition against Houthi operations in the Red Sea in the context of the latest round of violence in Israel-Palestine and to denounce the normalization of diplomatic ties with Israel.",0,crowd size=large,1705371883
BHR12489,2024-01-05,2024,1,Demonstrations,Protests,Peaceful protest,Protesters (Bahrain),February 14 Youth Coalition,Protesters,,,,Protesters only,,48,Middle East,Bahrain,Northern,,,Barbar,26.2294,50.4806,1,14 February Revolution Youth Coalition; ADHRB; Al Wafa; Bahrain Alyoum,Other-National,"On 5 January 2024, demonstrators, including February 14 Youth Coalition, held a protest in Barbar (Northern) in solidarity with the Palestinian people in the context of the latest round of violence in Israel-Palestine and calling for the end of the normalization of diplomatic ties with Israel.",0,crowd size=no report,1705371883
BHR12494,2024-01-06,2024,1,Demonstrations,Riots,Violent demonstration,Rioters (Bahrain),February 14 Youth Coalition,Rioters,,,,Rioters only,,48,Middle East,Bahrain,Southern,,,Nuwaidrat,26.1347,50.5975,1,14 February Revolution Youth Coalition,Other,"On 6 January 2024, demonstrators, including February 14 Youth Coalition, cut the road with burning tires in Nuwaidrat (Southern) in solidarity with political prisoners.",0,crowd size=no report,1705379978
BHR12495,2024-01-07,2024,1,Demonstrations,Riots,Violent demonstration,Rioters (Bahrain),February 14 Youth Coalition,Rioters,,,,Rioters only,,48,Middle East,Bahrain,Northern,,,Karzakkan,26.1156,50.4819,1,14 February Revolution Youth Coalition,Other,"On 7 January 2024, demonstrators, including February 14 Youth Coalition, cut the road with burning tires in Karzakkan (Northern) in solidarity with political prisoners and to denounce the normalization of diplomatic ties with Israel.",0,crowd size=no report,1705379978
BHR12496,2024-01-09,2024,1,Political violence,Violence against civilians,Attack,Police Forces of Bahrain (1999-) Prison Guards,,State forces,Civilians (Bahrain),Prisoners (Bahrain),Civilians,State forces-Civilians,Civilian targeting,48,Middle East,Bahrain,Southern,,,Jaw Prison,25.9916,50.6165,1,14 February Revolution Youth Coalition,Other,"On 9 January 2024, Bahraini prison security forces severely beat up 2 prisoners in the isolation building in Jaw Prison (Southern). The reason behind the incident was not reported.",0,,1754409470
BHR12499,2024-01-12,2024,1,Demonstrations,Protests,Peaceful protest,Protesters (Bahrain),February 14 Youth Coalition,Protesters,,,,Protesters only,,48,Middle East,Bahrain,Northern,,,Aali,26.1619,50.5164,1,14 February Revolution Youth Coalition; Al Wafa; Bahrain Alyoum; Bahrain Mirror,Other-National,"On 12 January 2024, demonstrators, including February 14 Youth Coalition, held a large protest in Aali (Northern) in solidarity with the Palestinian people in the context of the latest round of violence in Israel-Palestine and to denounce the US and UK 'aggression against the Yemen' and the Bahraini participation in the anti-Houthi coalition.",0,crowd size=large,1705379978
BHR12501,2024-01-12,2024,1,Demonstrations,Protests,Peaceful protest,Protesters (Bahrain),February 14 Youth Coalition,Protesters,,,,Protesters only,,48,Middle East,Bahrain,Northern,,,Salmabad,26.1831,50.5247,1,14 February Revolution Youth Coalition; Al Wafa; Bahrain Alyoum; Bahrain Mirror,Other-National,"On 12 January 2024, demonstrators, including February 14 Youth Coalition, held a large protest in Salmabad (Northern) in solidarity with the Palestinian people and the Hamas 'Al Aqsa flood' operation in the context of the latest round of violence in Israel-Palestine. They also denounced the normalization of diplomatic ties with Israel.",0,crowd size=large,1705379978
BHR12497,2024-01-10,2024,1,Strategic developments,Strategic developments,Other,Protesters (Bahrain),Prisoners (Bahrain),Protesters,,,,Protesters only,,48,Middle East,Bahrain,Southern,,,Jaw Prison,25.9916,50.6165,1,14 February Revolution Youth Coalition; ADHRB; Bahrain Mirror,Other-National,"Strikes: On 10 January 2024, more than 400 political detainees started a hunger strike in buildings 7, 8, 9, and 10 in Jaw Prison (Southern) to denounce isolation cases and in solidarity with political detainee Al Mushayma and his right for health treatment. The detainees suspended their hunger strike on the same day after promises from the prison's administration to execute their demands.",0,,1772498036
BHR12500,2024-01-12,2024,1,Demonstrations,Protests,Peaceful protest,Protesters (Bahrain),February 14 Youth Coalition,Protesters,,,,Protesters only,,48,Middle East,Bahrain,Northern,,,Al Diraz,26.2181,50.4706,1,14 February Revolution Youth Coalition; ADHRB; Al Wafa; Bahrain Alyoum; Bahrain Mirror,Other-National,"On 12 January 2024, demonstrators, including February 14 Youth Coalition, held a large protest in Al Diraz (Northern) in solidarity with the Palestinian people in the context of the latest round of violence in Israel-Palestine and to denounce the US and UK 'aggression against Yemen' and the Bahraini participation in the anti-Houthi coalition.",0,crowd size=large,1705966190
BHR12506,2024-01-15,2024,1,Demonstrations,Riots,Violent demonstration,Rioters (Bahrain),February 14 Youth Coalition,Rioters,,,,Rioters only,,48,Middle East,Bahrain,Southern,,,Nuwaidrat,26.1347,50.5975,1,14 February Revolution Youth Coalition,Other,"On 15 January 2024, anti-regime demonstrators, including the February 14 Youth Coalition, cut the road with burning tires in Nuwaidrat (Southern) to commemorate the seventh anniversary of the executions of anti-government activists Ali Al Singace, Abbas Al Samea, and Sami Mushaima.",0,crowd size=no report,1705978237
BHR12507,2024-01-17,2024,1,Demonstrations,Protests,Peaceful protest,Protesters (Bahrain),February 14 Youth Coalition,Protesters,,,,Protesters only,,48,Middle East,Bahrain,Northern,,,Al Diraz,26.2181,50.4706,1,14 February Revolution Youth Coalition; Bahrain Alyoum,Other-National,"On 17 January 2024, demonstrators, including February 14 Youth Coalition, held a protest in Al Diraz (Northern) in solidarity with the Palestinian people in the context of the latest round of violence in Israel-Palestine and to denounce the US-led coalition against the Houthis in Yemen. They also denounced the normalization of diplomatic ties with Israel.",0,crowd size=no report,1705978237
BHR12510,2024-01-19,2024,1,Demonstrations,Protests,Peaceful protest,Protesters (Bahrain),February 14 Youth Coalition,Protesters,,,,Protesters only,,48,Middle East,Bahrain,Northern,,,Abu Saybi,26.2175,50.5069,1,14 February Revolution Youth Coalition; ADHRB; Al Wafa; Bahrain Alyoum,Other-National,"On 19 January 2024, demonstrators, including February 14 Youth Coalition, held a protest in Abu Saybi (Northern) in solidarity with the Palestinian people in the context of the latest round of violence in Israel-Palestine and to denounce the US and UK 'aggression against Yemen'. They also denounced the normalization of diplomatic ties with Israel and commemorated 'Bahraini martyrs'.",0,crowd size=no report,1706571232
BHR12511,2024-01-19,2024,1,Demonstrations,Protests,Peaceful protest,Protesters (Bahrain),February 14 Youth Coalition; Muslim Group (Bahrain),Protesters,,,,Protesters only,,48,Middle East,Bahrain,Northern,,,Al Diraz,26.2181,50.4706,1,14 February Revolution Youth Coalition; ADHRB; Al Wafa; Bahrain Alyoum; LuaLua TV,Other-National,"On 19 January 2024, demonstrators, including February 14 Youth Coalition, held a large protest in Al Diraz (Northern) in solidarity with the Palestinian people in the context of the latest round of violence in Israel-Palestine and to denounce the US and UK 'aggression against Yemen'. They also denounced the normalization of diplomatic ties with Israel and called for cutting them. The protest started inside Al Sadeq mosque after Friday prayers followed by a march from the mosque.",0,crowd size=large,1706571232
BHR12514,2024-01-26,2024,1,Demonstrations,Protests,Peaceful protest,Protesters (Bahrain),February 14 Youth Coalition; Muslim Group (Bahrain),Protesters,,,,Protesters only,,48,Middle East,Bahrain,Northern,,,Al Diraz,26.2181,50.4706,1,14 February Revolution Youth Coalition; AhlulBayt News Agency; Al Alam News; Al Wafa; Bahrain Alyoum; Bahrain Mirror; LuaLua TV,Other-National,"On 26 January 2024, demonstrators, including February 14 Youth Coalition, held a large protest in Al Diraz (Northern) in solidarity with the Palestinian people in the context of the latest round of violence in Israel-Palestine and to denounce the US and UK 'aggression against Yemen'. They also denounced the normalization of diplomatic ties with Israel and called for cutting them. The protest started inside Al Sadiq mosque after Friday prayers followed by a march from the mosque.",0,crowd size=large,1706579746
BHR12513,2024-01-26,2024,1,Demonstrations,Protests,Peaceful protest,Protesters (Bahrain),Bahraini Society Against Normalisation with Zionist Enemy; February 14 Youth Coalition,Protesters,,,,Protesters only,,48,Middle East,Bahrain,Northern,,,Salmabad,26.1831,50.5247,1,14 February Revolution Youth Coalition; ADHRB; Al Wafa; Bahrain Alyoum; Bahrain Mirror; Gulf Daily News,Other-National,"On 26 January 2024, demonstrators, including the Bahraini Society Against Normalisation with Zionist Enemy and February 14 Youth Coalition, held a large protest near Sultan Mall in Salmabad (Northern) in solidarity with the Palestinian people in the context of the latest round of violence in Israel-Palestine.",0,crowd size=large,1707180504
BHR12517,2024-02-02,2024,1,Demonstrations,Protests,Peaceful protest,Protesters (Bahrain),February 14 Youth Coalition,Protesters,,,,Protesters only,,48,Middle East,Bahrain,Northern,,,Bu Quwa,26.2047,50.52,1,14 February Revolution Youth Coalition; ADHRB; Bahrain Alyoum; LuaLua TV,Other-National,"On 2 February 2024, demonstrators, including February 14 Youth Coalition, held a protest in Bu Quwa (Northern) in solidarity with the Palestinian and Yemeni people in the context of the latest round of violence in Israel-Palestine and to denounce US and UK 'aggression against Yemen'. They also denounced the normalization of diplomatic ties with Israel.",0,crowd size=no report,1707185488
BHR12518,2024-02-02,2024,1,Demonstrations,Protests,Peaceful protest,Protesters (Bahrain),February 14 Youth Coalition; Muslim Group (Bahrain),Protesters,,,,Protesters only,,48,Middle East,Bahrain,Northern,,,Al Diraz,26.2181,50.4706,1,14 February Revolution Youth Coalition; ADHRB; Al Wafa; Bahrain Alyoum; LuaLua TV,Other-National,"On 2 February 2024, demonstrators, including February 14 Youth Coalition, held a large protest in Al Diraz (Northern) in solidarity with the Palestinian people in the context of the latest round of violence in Israel-Palestine and to denounce the US and UK 'aggression against Yemen'. They also denounced the normalization of diplomatic ties with Israel and called for cutting them. The protest started inside Al Sadeq mosque after Friday prayers followed by a march from the mosque.",0,crowd size=large,1707185488
BHR12519,2024-01-27,2024,1,Demonstrations,Protests,Peaceful protest,Protesters (Bahrain),Shiite Muslim Group (Bahrain),Protesters,,,,Protesters only,,48,Middle East,Bahrain,Northern,,,Bu Quwa,26.2047,50.52,1,LuaLua TV,National,"On 27 January 2024, demonstrators held a protest in Bu Quwa (Northern) on the occasion of the Death Anniversary of Shiite saint, Sayyida Zainab, in solidarity with Hezbollah in the context of the latest round of violence in Israel-Palestine. The protesters stepped on the Israeli flag.",0,crowd size=no report,1707185488
BHR12521,2024-02-03,2024,1,Demonstrations,Protests,Peaceful protest,Protesters (Bahrain),,Protesters,,,,Protesters only,,48,Middle East,Bahrain,Northern,,,Demistan,26.1264,50.4811,1,Bahrain Alyoum,National,"On 3 February 2024, demonstrators held a protest in Demistan (Northern) in solidarity with ill Bahraini political prisoners and calling for their release.",0,crowd size=no report,1707826153
BHR12523,2024-02-04,2024,1,Demonstrations,Riots,Violent demonstration,Rioters (Bahrain),February 14 Youth Coalition,Rioters,,,,Rioters only,,48,Middle East,Bahrain,Northern,,,Sar,26.1942,50.4819,1,14 February Revolution Youth Coalition,Other,"On 4 February 2024, demonstrators, including February 14 Youth Coalition, blocked roads with burning tires in Sar (Northern) to commemorate the 13th anniversary of the 2011 Bahraini uprising.",0,crowd size=no report,1707826153
BHR12525,2024-02-05,2024,1,Demonstrations,Protests,Peaceful protest,Protesters (Bahrain),Women (Bahrain),Protesters,,,,Protesters only,,48,Middle East,Bahrain,Northern,,,Demistan,26.1264,50.4811,1,Bahrain Alyoum,National,"On 5 February 2024, women demonstrators held a protest in Demistan (Northern) in solidarity with Bahraini political prisoners and calling for their release.",0,crowd size=no report,1707826153
BHR12532,2024-02-09,2024,1,Demonstrations,Protests,Peaceful protest,Protesters (Bahrain),February 14 Youth Coalition,Protesters,,,,Protesters only,,48,Middle East,Bahrain,Northern,,,Bani Jamrah,26.2097,50.4597,1,14 February Revolution Youth Coalition; Al Wafa; Bahrain Alyoum; LuaLua TV,Other-National,"On 9 February 2024, demonstrators, including February 14 Youth Coalition, held a march in Bani Jamrah (Northern) in solidarity with the Palestinian and Yemeni people in the context of the latest round of violence in Israel-Palestine and to commemorate the 13th anniversary of the 2011 Bahraini uprising and the 6th anniversary of the death of four Shiite men who were allegedly killed by Bahraini security forces while they tried to flee the country by boat.",0,crowd size=no report,1707826153
BHR12533,2024-02-09,2024,1,Demonstrations,Protests,Peaceful protest,Protesters (Bahrain),February 14 Youth Coalition; Muslim Group (Yemen),Protesters,,,,Protesters only,,48,Middle East,Bahrain,Northern,,,Al Diraz,26.2181,50.4706,1,14 February Revolution Youth Coalition; Al Wafa; Bahrain Alyoum; LuaLua TV,Other-National,"On 9 February 2024, demonstrators, including February 14 Youth Coalition, held a large protest in Al Diraz (Northern) to commemorate the 13th anniversary of the 2011 Bahraini uprising and in solidarity with the Palestinian people in the context of the latest round of violence in Israel-Palestine. They also denounced the US and UK 'aggression against Yemen' and the normalization of diplomatic ties with Israel and called for cutting them. The protest started inside Al Sadiq mosque after Friday prayers followed by a march from the mosque.",0,crowd size=large,1707826153
BHR12534,2024-02-09,2024,1,Demonstrations,Protests,Peaceful protest,Protesters (Bahrain),Women (Bahrain),Protesters,,,,Protesters only,,48,Middle East,Bahrain,Northern,,,Demistan,26.1264,50.4811,1,Bahrain Alyoum,National,"On 9 February 2024, women demonstrators held a protest in Demistan (Northern) in solidarity with Bahraini political prisoners and calling for their release.",0,crowd size=no report,1707826153
BHR12535,2024-02-09,2024,1,Demonstrations,Riots,Violent demonstration,Rioters (Bahrain),February 14 Youth Coalition,Rioters,,,,Rioters only,,48,Middle East,Bahrain,Northern,,,Maqabah,26.2108,50.4875,1,14 February Revolution Youth Coalition,Other,"On 9 February 2024, demonstrators, including February 14 Youth Coalition, blocked roads with burning tires in Maqabah (Northern) in remembrance of 'Bahraini martyrs' and to commemorate the 13th anniversary of the 2011 Bahraini uprising.",0,crowd size=no report,1707826153
BHR12537,2024-02-16,2024,1,Demonstrations,Protests,Peaceful protest,Protesters (Bahrain),Muslim Group (Bahrain),Protesters,,,,Protesters only,,48,Middle East,Bahrain,Northern,,,Al Diraz,26.2181,50.4706,1,ADHRB; Bahrain Alyoum; Bahrain Mirror; LuaLua TV,National,"On 16 February 2024, anti-regime demonstrators held a large protest in Al Diraz (Northern) to commemorate the 13th anniversary of the 2011 Bahraini uprising and in solidarity with the Palestinian people and the Houthi movement in the context of the latest round of violence in Israel-Palestine. They also denounced the normalization of diplomatic ties with Israel and called for cutting them. The protest started inside Al Sadiq mosque after Friday prayers followed by a march from the mosque.",0,crowd size=large,1708383819
BHR12538,2024-02-16,2024,1,Demonstrations,Protests,Peaceful protest,Protesters (Bahrain),February 14 Youth Coalition; Women (Bahrain),Protesters,,,,Protesters only,,48,Middle East,Bahrain,Northern,,,Demistan,26.1264,50.4811,1,14 February Revolution Youth Coalition,Other,"On 16 February 2024, women demonstrators, including February 14 Youth Coalition, held a protest in Demistan (Northern) in solidarity with Bahraini political prisoners.",0,crowd size=no report,1708383819
BHR12539,2024-02-16,2024,1,Demonstrations,Protests,Peaceful protest,Protesters (Bahrain),February 14 Youth Coalition,Protesters,,,,Protesters only,,48,Middle East,Bahrain,Northern,,,Sar,26.1942,50.4819,1,14 February Revolution Youth Coalition; Bahrain Alyoum,Other-National,"On 16 February 2024, anti-regime demonstrators, including February 14 Youth Coalition, held a protest in Sar (Northern) to commemorate the 13th anniversary of the 2011 Bahraini uprising.",0,crowd size=no report,1708383819
BHR12540,2024-02-15,2024,1,Demonstrations,Protests,Peaceful protest,Protesters (Bahrain),,Protesters,,,,Protesters only,,48,Middle East,Bahrain,Northern,,,Al Diraz,26.2181,50.4706,1,Bahrain Alyoum,National,"On 15 February 2024, anti-regime demonstrators held a protest in Al Diraz (Northern) to commemorate the 13th anniversary of the 2011 Bahraini uprising and in solidarity with the Palestinian people in the context of the latest round of violence in Israel-Palestine.",0,crowd size=no report,1708383819
BHR12541,2024-02-15,2024,1,Demonstrations,Riots,Violent demonstration,Rioters (Bahrain),February 14 Youth Coalition,Rioters,,,,Rioters only,,48,Middle East,Bahrain,Northern,,,Buri,26.1514,50.4975,1,14 February Revolution Youth Coalition,Other,"On 15 February 2024, anti-regime demonstrators, including February 14 Youth Coalition, blocked roads with burning tires in Buri (Northern) to commemorate the 13th anniversary of the 2011 Bahraini uprising.",0,crowd size=no report,1708383819
BHR12542,2024-02-15,2024,1,Demonstrations,Riots,Violent demonstration,Rioters (Bahrain),February 14 Youth Coalition,Rioters,,,,Rioters only,,48,Middle East,Bahrain,Southern,,,Nuwaidrat,26.1347,50.5975,1,14 February Revolution Youth Coalition,Other,"On 15 February 2024, anti-regime demonstrators, including February 14 Youth Coalition, blocked roads with burning tires in Nuwaidrat (Southern) to commemorate the 13th anniversary of the 2011 Bahraini uprising.",0,crowd size=no report,1708383819
BHR12543,2024-02-14,2024,1,Demonstrations,Riots,Violent demonstration,Rioters (Bahrain),February 14 Youth Coalition,Rioters,,,,Rioters only,,48,Middle East,Bahrain,Capital,,,Al Akr,26.1431,50.6103,1,14 February Revolution Youth Coalition,Other,"On 14 February 2024, anti-regime demonstrators, including February 14 Youth Coalition, blocked roads with burning tires in Al Akr (Capital) to commemorate the 13th anniversary of the 2011 Bahraini uprising.",0,crowd size=no report,1708383819
BHR12546,2024-02-14,2024,1,Demonstrations,Protests,Peaceful protest,Protesters (Bahrain),,Protesters,,,,Protesters only,,48,Middle East,Bahrain,Capital,,,Sitrah,26.1547,50.6206,1,Bahrain Alyoum,National,"On 14 February 2024, anti-regime demonstrators held a march in Sitrah (Capital) to commemorate the 13th anniversary of the 2011 Bahraini uprising.",0,crowd size=no report,1708383819
BHR12547,2024-02-14,2024,1,Demonstrations,Riots,Violent demonstration,Rioters (Bahrain),February 14 Youth Coalition,Rioters,,,,Rioters only,,48,Middle East,Bahrain,Northern,,,Al Malikiyah,26.098,50.4866,1,14 February Revolution Youth Coalition,Other,"On 14 February 2024, anti-regime demonstrators, including February 14 Youth Coalition, blocked roads with burning tires in Al Malikiyah (Northern) to commemorate the 13th anniversary of the 2011 Bahraini uprising.",0,crowd size=no report,1708383819
BHR12548,2024-02-14,2024,1,Demonstrations,Protests,Peaceful protest,Protesters (Bahrain),,Protesters,,,,Protesters only,,48,Middle East,Bahrain,Northern,,,Barbar,26.2294,50.4806,1,Bahrain Alyoum; LuaLua TV,National,"On 14 February 2024, anti-regime demonstrators held a protest in Barbar (Northern) to commemorate the 13th anniversary of the 2011 Bahraini uprising and in solidarity with the Palestinian people in the context of the latest round of violence in Israel-Palestine. The protesters denounced the normalization of ties with Israel.",0,crowd size=no report,1708383819
BHR12549,2024-02-14,2024,1,Demonstrations,Riots,Violent demonstration,Rioters (Bahrain),February 14 Youth Coalition,Rioters,,,,Rioters only,,48,Middle East,Bahrain,Northern,,,Maqabah,26.2108,50.4875,1,14 February Revolution Youth Coalition,Other,"On 14 February 2024, anti-regime demonstrators, including February 14 Youth Coalition, blocked roads with burning tires in Maqabah (Northern) to commemorate the 13th anniversary of the 2011 Bahraini uprising.",0,crowd size=no report,1708383819
BHR12550,2024-02-14,2024,1,Demonstrations,Riots,Violent demonstration,Rioters (Bahrain),February 14 Youth Coalition,Rioters,,,,Rioters only,,48,Middle East,Bahrain,Northern,,,Sar,26.1942,50.4819,1,14 February Revolution Youth Coalition,Other,"On 14 February 2024, anti-regime demonstrators, including February 14 Youth Coalition, blocked roads with burning tires in Sar (Northern) to commemorate the 13th anniversary of the 2011 Bahraini uprising.",0,crowd size=no report,1708383819
BHR12551,2024-02-13,2024,1,Demonstrations,Protests,Peaceful protest,Protesters (Bahrain),February 14 Youth Coalition,Protesters,,,,Protesters only,,48,Middle East,Bahrain,Capital,,,Al Akr,26.1431,50.6103,1,14 February Revolution Youth Coalition,Other,"On 13 February 2024, anti-regime demonstrators, including February 14 Youth Coalition, held a march in Al Akr (Capital) to commemorate the 13th anniversary of the 2011 Bahraini uprising.",0,crowd size=no report,1708383819
BHR12553,2024-02-13,2024,1,Demonstrations,Protests,Peaceful protest,Protesters (Bahrain),February 14 Youth Coalition,Protesters,,,,Protesters only,,48,Middle East,Bahrain,Capital,,,Sitrah,26.1547,50.6206,1,14 February Revolution Youth Coalition; Al Wafa; Bahrain Alyoum; LuaLua TV,Other-National,"On 13 February 2024, anti-regime demonstrators, including February 14 Youth Coalition, held a march in Sitrah (Capital) to commemorate the 13th anniversary of the 2011 Bahraini uprising.",0,crowd size=no report,1708383819
BHR12554,2024-02-13,2024,1,Demonstrations,Riots,Violent demonstration,Rioters (Bahrain),February 14 Youth Coalition,Rioters,,,,Rioters only,,48,Middle East,Bahrain,Capital,,,Sufala,26.1587,50.6262,1,14 February Revolution Youth Coalition,Other,"On 13 February 2024, anti-regime demonstrators, including February 14 Youth Coalition, blocked roads with burning tires in Sufala (Capital) to commemorate the 13th anniversary of the 2011 Bahraini uprising.",0,crowd size=no report,1708383819
BHR12555,2024-02-13,2024,1,Demonstrations,Protests,Peaceful protest,Protesters (Bahrain),,Protesters,,,,Protesters only,,48,Middle East,Bahrain,Northern,,,Al Markh,26.2103,50.4733,1,Al Wafa; Bahrain Alyoum; LuaLua TV,Other-National,"On 13 February 2024, anti-regime demonstrators held a protest in Al Markh (Northern) to commemorate the 13th anniversary of the 2011 Bahraini uprising.",0,crowd size=no report,1708383819
BHR12558,2024-02-12,2024,1,Demonstrations,Protests,Peaceful protest,Protesters (Bahrain),February 14 Youth Coalition,Protesters,,,,Protesters only,,48,Middle East,Bahrain,Northern,,,Abu Saybi,26.2175,50.5069,1,14 February Revolution Youth Coalition; Bahrain Alyoum; LuaLua TV,Other-National,"On 12 February 2024, anti-regime demonstrators, including February 14 Youth Coalition, held a protest in Abu Saybi (Northern) to commemorate the 13th anniversary of the 2011 Bahraini uprising and in solidarity with the Palestinian people in the context of the latest round of violence in Israel-Palestine. The protesters denounced the normalization of ties with Israel and stepped on the Israeli flag.",0,crowd size=no report,1708383819
BHR12560,2024-02-11,2024,1,Demonstrations,Protests,Peaceful protest,Protesters (Bahrain),February 14 Youth Coalition,Protesters,,,,Protesters only,,48,Middle East,Bahrain,Northern,,,Karzakkan,26.1156,50.4819,1,14 February Revolution Youth Coalition; ADHRB; Bahrain Alyoum; LuaLua TV,Other-National,"On 11 February 2024, anti-regime demonstrators, including February 14 Youth Coalition, held a large protest in Karzakkan (Northern) to commemorate the 13th anniversary of the 2011 Bahraini uprising.",0,crowd size=large,1708383819
BHR12562,2024-02-10,2024,1,Demonstrations,Riots,Violent demonstration,Rioters (Bahrain),February 14 Youth Coalition,Rioters,,,,Rioters only,,48,Middle East,Bahrain,Northern,,,Al Malikiyah,26.098,50.4866,1,14 February Revolution Youth Coalition,Other,"On 10 February 2024, anti-regime demonstrators, including February 14 Youth Coalition, blocked roads with burning tires in Al Malikiyah (Northern) to commemorate the 13th anniversary of the 2011 Bahraini uprising.",0,crowd size=no report,1708383819
BHR12565,2024-02-17,2024,1,Demonstrations,Protests,Peaceful protest,Protesters (Bahrain),February 14 Youth Coalition,Protesters,,,,Protesters only,,48,Middle East,Bahrain,Capital,,,Sitrah,26.1547,50.6206,1,14 February Revolution Youth Coalition; Bahrain Alyoum; LuaLua TV,Other-National,"On 17 February 2024, anti-regime demonstrators, including February 14 Youth Coalition, held a protest in Sitrah (Capital) to commemorate the 13th anniversary of 'bloody Thursday,' when 4 anti-government protesters were killed during the 2011 Bahraini uprising. The protest was also in solidarity with the Palestinian people in the context of the latest round of violence in Israel-Palestine. The protesters also denounced the normalization of diplomatic ties with Israel.",0,crowd size=no report,1708988301
BHR12568,2024-02-19,2024,1,Demonstrations,Riots,Violent demonstration,Rioters (Bahrain),February 14 Youth Coalition,Rioters,,,,Rioters only,,48,Middle East,Bahrain,Northern,,,Al Malikiyah,26.098,50.4866,1,14 February Revolution Youth Coalition,Other,"On 19 February 2024, anti-regime demonstrators, including February 14 Youth Coalition, blocked roads with burning tires in Al Malikiyah (Northern) to commemorate the 13th anniversary of the killing of anti-government demonstrator Abdulredha Buhmaid during the 2011 Bahraini uprising.",0,crowd size=no report,1708988301
BHR12572,2024-02-23,2024,1,Demonstrations,Riots,Violent demonstration,Rioters (Bahrain),February 14 Youth Coalition,Rioters,,,,Rioters only,,48,Middle East,Bahrain,Capital,,,Al Akr,26.1431,50.6103,1,14 February Revolution Youth Coalition,Other,"On 23 February 2024, anti-regime demonstrators, including February 14 Youth Coalition, blocked roads with burning tires in Al Akr (Capital). The demonstration was held under the slogan of 'our patient resistance defeats every oppressor' and was likely a commemoration of the 2011 uprising.",0,crowd size=no report,1708988301
BHR12573,2024-02-23,2024,1,Demonstrations,Protests,Peaceful protest,Protesters (Bahrain),,Protesters,,,,Protesters only,,48,Middle East,Bahrain,Northern,,,Abu Saybi,26.2175,50.5069,1,Bahrain Alyoum,National,"On 23 February 2024, demonstrators held a protest in Abu Saybi (Northern) in solidarity with the Palestinian people in the context of the latest round of violence in Israel-Palestine.",0,crowd size=no report,1708988301
BHR12574,2024-02-23,2024,1,Demonstrations,Protests,Peaceful protest,Protesters (Bahrain),February 14 Youth Coalition; Muslim Group (Bahrain),Protesters,,,,Protesters only,,48,Middle East,Bahrain,Northern,,,Al Diraz,26.2181,50.4706,1,14 February Revolution Youth Coalition; ADHRB; Bahrain Alyoum; LuaLua TV,Other-National,"On 23 February 2024, demonstrators, including February 14 Youth Coalition, held a large protest in Al Diraz (Northern) in solidarity with the Palestinian and Yemeni people in the context of the latest round of violence in Israel-Palestine. They also denounced the normalization of diplomatic ties with Israel and called for cutting them. The protest started inside Al Sadiq mosque after Friday prayers followed by a march from the mosque.",0,crowd size=large,1708988301
BHR12575,2024-02-23,2024,1,Demonstrations,Riots,Violent demonstration,Rioters (Bahrain),February 14 Youth Coalition,Rioters,,,,Rioters only,,48,Middle East,Bahrain,Northern,,,Al Malikiyah,26.098,50.4866,1,14 February Revolution Youth Coalition,Other,"On 23 February 2024, anti-regime demonstrators, including February 14 Youth Coalition, blocked roads with burning tires in Al Malikiyah (Northern) to commemorate the 13th anniversary of the killing of anti-government demonstrator Abdulredha Buhmaid during the 2011 Bahraini uprising.",0,crowd size=no report,1708988301
BHR12576,2024-02-23,2024,1,Demonstrations,Riots,Violent demonstration,Rioters (Bahrain),February 14 Youth Coalition,Rioters,,,,Rioters only,,48,Middle East,Bahrain,Northern,,,Sar,26.1942,50.4819,1,14 February Revolution Youth Coalition,Other,"On 23 February 2024, anti-regime demonstrators, including February 14 Youth Coalition, blocked roads with burning tires in Sar (Northern) to commemorate the 13th anniversary of the 2011 Bahraini uprising.",0,crowd size=no report,1708988301
BHR12577,2024-02-23,2024,1,Demonstrations,Protests,Peaceful protest,Protesters (Bahrain),Bahraini Society Against Normalisation with Zionist Enemy,Protesters,,,,Protesters only,,48,Middle East,Bahrain,Southern,,,Madinat Isa,26.1736,50.5478,1,ADHRB; Bahraini Society Against Normalisation with Zionist Enemy,Other-National,"On 23 February 2024, the Bahraini Society Against Normalisation with Zionist Enemy held a protest in Madinat Isa (Southern) in solidarity with the Palestinian people in the context of the latest round of violence in Israel-Palestine and against the normalization of diplomatic ties with Israel.",0,crowd size=no report,1708988301
BHR12578,2024-02-26,2024,1,Demonstrations,Riots,Violent demonstration,Rioters (Bahrain),February 14 Youth Coalition,Rioters,,,,Rioters only,,48,Middle East,Bahrain,Capital,,,Al Akr,26.1431,50.6103,1,14 February Revolution Youth Coalition,Other,"On 26 February 2024, anti-regime demonstrators, including the February 14 Youth Coalition, blocked roads with burning tires in Al Akr (Capital) in remembrance of Bahraini 'martyrs'.",0,crowd size=no report,1709590316
BHR12579,2024-03-01,2024,1,Demonstrations,Protests,Peaceful protest,Protesters (Bahrain),February 14 Youth Coalition; Muslim Group (Bahrain),Protesters,,,,Protesters only,,48,Middle East,Bahrain,Northern,,,Al Diraz,26.2181,50.4706,1,14 February Revolution Youth Coalition; Bahrain Alyoum; LuaLua TV,Other-National,"On 1 March 2024, demonstrators, including the February 14 Youth Coalition, held a large protest in Al Diraz (Northern) in solidarity with the Palestinian and Yemeni people in the context of the latest round of violence in Israel-Palestine. They also denounced the US and UK 'aggression against Yemen' and the normalization of diplomatic ties with Israel and called for cutting them and expelling the Israeli ambassador in Bahrain. The protest started inside Al Sadiq mosque after Friday prayers, followed by a march from the mosque.",0,crowd size=large,1709590316
BHR12580,2024-03-01,2024,1,Demonstrations,Protests,Peaceful protest,Protesters (Bahrain),February 14 Youth Coalition,Protesters,,,,Protesters only,,48,Middle East,Bahrain,Northern,,,Barbar,26.2294,50.4806,1,14 February Revolution Youth Coalition,Other,"On 1 March 2024, demonstrators, including the February 14 Youth Coalition, held a protest in Barbar (Northern) in solidarity with the Palestinian people in the context of the latest round of violence in Israel-Palestine.",0,crowd size=no report,1709590316
BHR12581,2024-03-01,2024,1,Demonstrations,Protests,Peaceful protest,Protesters (Bahrain),Bahraini Society Against Normalisation with Zionist Enemy,Protesters,,,,Protesters only,,48,Middle East,Bahrain,Southern,,,Madinat Isa,26.1736,50.5478,1,Bahraini Society Against Normalisation with Zionist Enemy; LuaLua TV,Other-National,"On 1 March 2024, the Bahraini Society Against Normalisation with Zionist Enemy held a large protest in Madinat Isa (Southern) in solidarity with the Palestinian people in the context of the latest round of violence in Israel-Palestine and against the normalization of diplomatic ties with Israel.",0,crowd size=large,1709590316
BHR12582,2024-03-03,2024,1,Demonstrations,Riots,Violent demonstration,Rioters (Bahrain),February 14 Youth Coalition,Rioters,,,,Rioters only,,48,Middle East,Bahrain,Capital,,,Kawarah,26.1819,50.5544,2,14 February Revolution Youth Coalition,Other,"On 3 March 2024, demonstrators, including February 14 Youth Coalition, blocked the Kawarah - Tubli road (Capital) with burning tires in solidarity with Bahraini political prisoners.",0,crowd size=no report,1710202772
BHR12589,2024-03-08,2024,1,Demonstrations,Protests,Peaceful protest,Protesters (Bahrain),February 14 Youth Coalition; Muslim Group (Bahrain),Protesters,,,,Protesters only,,48,Middle East,Bahrain,Northern,,,Al Diraz,26.2181,50.4706,1,14 February Revolution Youth Coalition; ADHRB; Bahrain Alyoum; LuaLua TV,Other-National,"On 8 March 2024, demonstrators, including February 14 Youth Coalition, held a large protest in Al Diraz (Northern) in solidarity with the Palestinian and Yemeni people in the context of the latest round of violence in Israel-Palestine. They also denounced the US and UK 'aggression against Yemen' and the normalization of diplomatic ties with Israel and called for cutting them and expelling the Israeli ambassador in Bahrain. The protesters also demanded the release of tortured detainees in Bahraini prisons. The protest started inside Al Sadiq mosque after Friday prayers, followed by a march from the mosque.",0,crowd size=large,1710202772
BHR12590,2024-03-08,2024,1,Demonstrations,Protests,Peaceful protest,Protesters (Bahrain),Bahraini Society Against Normalisation with Zionist Enemy; February 14 Youth Coalition,Protesters,,,,Protesters only,,48,Middle East,Bahrain,Northern,,,Salmabad,26.1831,50.5247,1,14 February Revolution Youth Coalition; Bahrain Alyoum; Bahraini Society Against Normalisation with Zionist Enemy; LuaLua TV,Other-National,"On 8 March 2024, demonstrators, including February 14 Youth Coalition and the Bahraini Society Against Normalisation with Zionist Enemy, held a large march in Salmabad (Northern) in solidarity with the Palestinian people in the context of the latest round of violence in Israel-Palestine. The protesters denounced the normalization of ties with Israel and called for cutting them and expelling the Israeli ambassador in Bahrain.",0,crowd size=large,1710202772
BHR12602,2024-03-22,2024,1,Demonstrations,Protests,Peaceful protest,Protesters (Bahrain),February 14 Youth Coalition,Protesters,,,,Protesters only,,48,Middle East,Bahrain,Northern,,,Al Markh,26.2103,50.4733,1,14 February Revolution Youth Coalition; Bahrain Alyoum,Other-National,"On 22 March 2024, demonstrators, including the February 14 Youth Coalition, held a protest in Al Markh (Northern) in solidarity with the Palestinian people in the context of the latest round of violence in Israel-Palestine and to call for an end to the normalization of diplomatic ties with Israel. The protesters also called for the release of Bahraini political prisoners.",0,crowd size=no report,1711409510
BHR12606,2024-03-18,2024,1,Demonstrations,Riots,Violent demonstration,Rioters (Bahrain),February 14 Youth Coalition,Rioters,,,,Rioters only,,48,Middle East,Bahrain,Northern,,,Abu Saybi,26.2175,50.5069,1,14 February Revolution Youth Coalition,Other,"On 18 March 2024, demonstrators from Abu Saybi and Ash Shakhurah, including February 14 Youth Coalition, cut with burning tires the Budaiyah road bordering Abu Saybi (Northern) in solidarity with political prisoners on hunger strike.",0,crowd size=no report,1711409510
BHR12607,2024-03-15,2024,1,Demonstrations,Protests,Peaceful protest,Protesters (Bahrain),,Protesters,,,,Protesters only,,48,Middle East,Bahrain,Capital,,,Sitrah,26.1547,50.6206,1,LuaLua TV,National,"On 15 March 2024, anti-regime demonstrators held a large march in Sitrah (Capital) to commemorate the 13th anniversary of the Sitrah clashes between demonstrators and the Peninsula Shield Forces during the 2011 Bahraini uprising.",0,crowd size=large,1711409510
BHR12609,2024-03-23,2024,1,Demonstrations,Protests,Peaceful protest,Protesters (Bahrain),February 14 Youth Coalition; Prisoners (Bahrain),Protesters,,,,Protesters only,,48,Middle East,Bahrain,Southern,,,Jaw Prison,25.9916,50.6165,1,14 February Revolution Youth Coalition; LuaLua TV,Other-National,"On 23 March 2024, prisoners in Buildings 9 and 10, including February 14 Youth Coalition, staged a protest in Jaw Prison (Southern) to support the movement of 40 detainees going on hunger strike in the prison. They also demanded an end to the transfer of detainees to isolation.",0,crowd size=no report,1712100214
BHR12611,2024-03-27,2024,1,Demonstrations,Riots,Violent demonstration,Rioters (Bahrain),February 14 Youth Coalition,Rioters,,,,Rioters only,,48,Middle East,Bahrain,Capital,,,Sitrah,26.1547,50.6206,1,14 February Revolution Youth Coalition,Other,"On 27 March 2024, demonstrators, including February 14 Youth Coalition, blocked a road with burning tires in Sitrah (Capital) to denounce the death of an inmate in Jaw Prison.",0,crowd size=no report,1712100214
BHR12622,2024-03-29,2024,1,Demonstrations,Protests,Peaceful protest,Protesters (Bahrain),,Protesters,,,,Protesters only,,48,Middle East,Bahrain,Capital,,,Sitrah,26.1547,50.6206,1,Bahrain Alyoum,National,"On 29 March 2024, demonstrators held a protest in Sitrah (Capital) in solidarity with the protesters of Jaw prison following the death of a detainee in the prison.",0,crowd size=no report,1712100214
BHR12623,2024-03-29,2024,1,Demonstrations,Protests,Peaceful protest,Protesters (Bahrain),,Protesters,,,,Protesters only,,48,Middle East,Bahrain,Northern,,,Abu Saybi,26.2175,50.5069,1,Bahrain Alyoum,National,"On 29 March 2024, demonstrators held a protest in Abu Saybi (Northern) in solidarity with the protesters of Jaw prison following the death of a detainee in the prison.",0,crowd size=no report,1712100214
BHR12624,2024-03-29,2024,1,Demonstrations,Protests,Peaceful protest,Protesters (Bahrain),,Protesters,,,,Protesters only,,48,Middle East,Bahrain,Northern,,,Ash Shakhurah,26.2147,50.5069,1,Bahrain Alyoum,National,"On 29 March 2024, demonstrators held a protest in Ash Shakhurah (Northern) in solidarity with the protesters of Jaw prison following the death of a detainee in the prison.",0,crowd size=no report,1712100214
BHR12613,2024-03-27,2024,1,Demonstrations,Protests,Peaceful protest,Protesters (Bahrain),February 14 Youth Coalition; Prisoners (Bahrain),Protesters,,,,Protesters only,,48,Middle East,Bahrain,Southern,,,Jaw Prison,25.9916,50.6165,1,14 February Revolution Youth Coalition; Al Wafa; Bahrain Alyoum; Bahrain Mirror; LuaLua TV,Other-National,"On 27 March 2024, prisoners in Buildings 5, 6, 7, 8, 9, and 10, including February 14 Youth Coalition, held a protest in Jaw Prison (Southern) following the death of an inmate in the prison under the slogan 'The Right to Be Taken' demanding to improve the conditions of the prisoners. The prison administration surrounded building 7 with more than 20 vehicles and cut off drinking water and sinks from Buildings 7, 8, and 9. The detainees were also denied the suhur meal.",0,crowd size=no report,1712610190
BHR12588,2024-03-07,2024,1,Demonstrations,Protests,Peaceful protest,Protesters (Bahrain),February 14 Youth Coalition; Prisoners (Bahrain),Protesters,,,,Protesters only,,48,Middle East,Bahrain,Southern,,,Jaw Prison,25.9916,50.6165,1,14 February Revolution Youth Coalition; ADHRB; Bahrain Alyoum; Bahrain Mirror; LuaLua TV,Other-National,"On 7 March 2024, 50 prisoners in building 7, including February 14 Youth Coalition, protested in Jaw Prison (Southern) to denounce the transfer of 4 inmates to isolation. The demonstrators staged a sit-in in the corridors of the building and refused orders to return to their cells. The protest came amidst reports of violations by the prison administration, including limiting some prisoners' daily access to direct sunlight and group prayers. The protesters ended the sit-in on 25 March 2024.",0,crowd size=50,1712610190
BHR12629,2024-03-27,2024,1,Demonstrations,Riots,Violent demonstration,Rioters (Bahrain),February 14 Youth Coalition,Rioters,,,,Rioters only,,48,Middle East,Bahrain,Northern,,,Al Diraz,26.2181,50.4706,1,14 February Revolution Youth Coalition,Other,"On 27 March 2024, demonstrators, including February 14 Youth Coalition, blocked a road with burning tires in Al Diraz (Northern) as part of a demonstration to denounce the death of an inmate in Jaw Prison on 26 March.",0,crowd size=no report,1712617241
BHR12631,2024-03-28,2024,1,Demonstrations,Riots,Violent demonstration,Rioters (Bahrain),February 14 Youth Coalition,Rioters,Police Forces of Bahrain (1999-),,State forces,State forces-Rioters,,48,Middle East,Bahrain,Northern,,,Jannusan,26.2305,50.4947,1,14 February Revolution Youth Coalition,Other,"On 28 March 2024, demonstrators, including February 14 Youth Coalition, clashed with security forces in Jannusan (Northern) during a demonstration to denounce the death of an inmate in Jaw Prison on 26 March.",0,crowd size=no report,1712617241
BHR12632,2024-03-29,2024,1,Demonstrations,Riots,Violent demonstration,Rioters (Bahrain),February 14 Youth Coalition,Rioters,,,,Rioters only,,48,Middle East,Bahrain,Capital,,,Al Akr,26.1431,50.6103,1,14 February Revolution Youth Coalition,Other,"On 29 March 2024, demonstrators, including February 14 Youth Coalition, blocked a road with burning tires in Al Akr (Capital) as part of a demonstration to denounce the death of an inmate in Jaw Prison on 26 March.",0,crowd size=no report,1712617241
BHR12633,2024-03-29,2024,1,Demonstrations,Riots,Violent demonstration,Rioters (Bahrain),February 14 Youth Coalition,Rioters,Police Forces of Bahrain (1999-),,State forces,State forces-Rioters,,48,Middle East,Bahrain,Northern,,,Salmabad,26.1831,50.5247,1,14 February Revolution Youth Coalition,Other,"On 29 March 2024, demonstrators, including February 14 Youth Coalition, blocked a road with burning tires and threw projectiles at security forces in Salmabad (Northern) as part of a demonstration to denounce the death of an inmate in Jaw Prison on 26 March.",0,crowd size=no report,1712617241
BHR12634,2024-03-30,2024,1,Demonstrations,Riots,Violent demonstration,Rioters (Bahrain),February 14 Youth Coalition,Rioters,,,,Rioters only,,48,Middle East,Bahrain,Northern,,,Al Diraz,26.2181,50.4706,1,14 February Revolution Youth Coalition,Other,"On 30 March 2024, demonstrators, including February 14 Youth Coalition, blocked a road with burning tires in Al Diraz (Northern) in solidarity with Bahraini political prisoners.",0,crowd size=no report,1712617241
BHR12635,2024-03-30,2024,1,Demonstrations,Riots,Violent demonstration,Rioters (Bahrain),February 14 Youth Coalition,Rioters,,,,Rioters only,,48,Middle East,Bahrain,Northern,,,Sar,26.1942,50.4819,1,14 February Revolution Youth Coalition,Other,"On 30 March 2024, demonstrators, including February 14 Youth Coalition, blocked a road with burning tires in Sar (Northern) in solidarity with Bahraini political prisoners.",0,crowd size=no report,1712617241
BHR12636,2024-04-01,2024,1,Demonstrations,Riots,Violent demonstration,Rioters (Bahrain),February 14 Youth Coalition,Rioters,,,,Rioters only,,48,Middle East,Bahrain,Capital,,,Al Akr,26.1431,50.6103,1,14 February Revolution Youth Coalition,Other,"On 1 April 2024, demonstrators, including February 14 Youth Coalition, blocked a road with burning tires in Al Akr (Capital) as part of a demonstration to denounce the death of an inmate in Jaw Prison on 26 March.",0,crowd size=no report,1712617241
BHR12637,2024-04-02,2024,1,Demonstrations,Riots,Violent demonstration,Rioters (Bahrain),February 14 Youth Coalition,Rioters,Police Forces of Bahrain (1999-),,State forces,State forces-Rioters,,48,Middle East,Bahrain,Capital,,,Sitrah,26.1547,50.6206,1,14 February Revolution Youth Coalition,Other,"On 2 April 2024, demonstrators, including February 14 Youth Coalition, threw projectiles at police forces in Sitrah (Capital) as part of a demonstration in solidarity with political detainees and denouncing the death of an inmate in Jaw Prison on 26 March.",0,crowd size=no report,1712617241
BHR12642,2024-04-04,2024,1,Demonstrations,Riots,Violent demonstration,Rioters (Bahrain),February 14 Youth Coalition,Rioters,,,,Rioters only,,48,Middle East,Bahrain,Northern,,,Abu Saybi,26.2175,50.5069,1,14 February Revolution Youth Coalition,Other,"On 4 April 2024, demonstrators, including February 14 Youth Coalition, blocked a road with burning tires in Abu Saybi (Northern) as part of a demonstration in solidarity with political detainees.",0,crowd size=no report,1712617241
BHR12645,2024-04-04,2024,1,Demonstrations,Protests,Peaceful protest,Protesters (Bahrain),February 14 Youth Coalition,Protesters,,,,Protesters only,,48,Middle East,Bahrain,Capital,,,Sitrah,26.1547,50.6206,1,14 February Revolution Youth Coalition; Bahrain Alyoum; Bahrain Mirror,Other-National,"On 4 April 2024, demonstrators, including February 14 Youth Coalition, protested in Sitrah (Capital) to denounce the normalization of diplomatic ties with Israel and to commemorate International Quds Day.",0,crowd size=no report,1712617241
BHR12646,2024-04-05,2024,1,Demonstrations,Protests,Peaceful protest,Protesters (Bahrain),February 14 Youth Coalition,Protesters,,,,Protesters only,,48,Middle East,Bahrain,Northern,,,Bu Quwa,26.2047,50.52,1,14 February Revolution Youth Coalition,Other,"On 5 April 2024, demonstrators, including February 14 Youth Coalition, held a protest in front of the Imam Al Hassan Mosque in Bu Quwa (Northern) in solidarity with the Palestine people, to denounce the normalization of diplomatic ties with Israel, and commemorate International Quds Day.",0,crowd size=no report,1712617241
BHR12651,2024-04-05,2024,1,Demonstrations,Riots,Violent demonstration,Rioters (Bahrain),February 14 Youth Coalition,Rioters,,,,Rioters only,,48,Middle East,Bahrain,Northern,,,Al Diraz,26.2181,50.4706,1,14 February Revolution Youth Coalition,Other,"On 5 April 2024, demonstrators, including February 14 Youth Coalition, blocked a road with burning tires in Al Diraz (Northern) as part of a demonstration to denounce the normalization of diplomatic ties with Israel.",0,crowd size=no report,1712617241
BHR12652,2024-04-05,2024,1,Demonstrations,Protests,Peaceful protest,Protesters (Bahrain),February 14 Youth Coalition; Prisoners (Bahrain),Protesters,,,,Protesters only,,48,Middle East,Bahrain,Southern,,,Jaw Prison,25.9916,50.6165,1,14 February Revolution Youth Coalition,Other,"On 5 April 2024, prisoners, including February 14 Youth Coalition, held a protest march in Jaw Prison (Southern) demanding the cancellation of the normalization agreement of diplomatic ties with Israel.",0,crowd size=no report,1712617241
BHR12660,2024-04-05,2024,1,Demonstrations,Protests,Peaceful protest,Protesters (Bahrain),,Protesters,,,,Protesters only,,48,Middle East,Bahrain,Northern,,,Shahrakkan,26.0753,50.5014,1,Bahrain Alyoum,National,"On 5 April 2024, demonstrators, held a protest in Shahrakkan (Northern) in solidarity with the Palestinian people and to denounce the normalization of diplomatic ties with Israel, and commemorate International Quds Day.",0,crowd size=no report,1712617241
BHR12643,2024-04-04,2024,1,Demonstrations,Protests,Peaceful protest,Protesters (Bahrain),February 14 Youth Coalition,Protesters,,,,Protesters only,,48,Middle East,Bahrain,Capital,,,Nabih Saleh,26.183,50.585,1,14 February Revolution Youth Coalition; ADHRB; Bahrain Alyoum; Bahrain Mirror,Other-National,"On 4 April 2024, demonstrators, including February 14 Youth Coalition, protested in Nabih Saleh (Capital) to denounce the normalization of diplomatic ties with Israel and to commemorate International Quds Day.",0,crowd size=no report,1713217507
BHR12662,2024-04-05,2024,1,Demonstrations,Protests,Peaceful protest,Protesters (Bahrain),February 14 Youth Coalition,Protesters,,,,Protesters only,,48,Middle East,Bahrain,Northern,,,Abu Saybi,26.2175,50.5069,2,14 February Revolution Youth Coalition; Bahrain Alyoum,Other-National,"On 5 April 2024, demonstrators from Abu Saybi and Ash Shakhurah, including February 14 Youth Coalition, held a demonstration (coded to Abu Saybi) (Northern) in solidarity with the Palestinian people and to denounce the normalization of diplomatic ties with Israel, and commemorate International Quds Day.",0,crowd size=no report,1713223309
BHR12664,2024-04-09,2024,1,Demonstrations,Protests,Peaceful protest,Protesters (Bahrain),February 14 Youth Coalition,Protesters,,,,Protesters only,,48,Middle East,Bahrain,Northern,,,Madinat Hamad,26.1153,50.5069,1,14 February Revolution Youth Coalition; Bahrain Alyoum,Other-National,"On 9 April 2024, families of political detainees demonstrators, including February 14 Youth Coalition, held a protest in front of the police station of Dawar 17 in Madinat Hamad (Northern) to demand the release of political prisoners.",0,crowd size=no report,1713223309
BHR12669,2024-04-12,2024,1,Demonstrations,Protests,Peaceful protest,Protesters (Bahrain),February 14 Youth Coalition,Protesters,,,,Protesters only,,48,Middle East,Bahrain,Northern,,,Salmabad,26.1831,50.5247,1,14 February Revolution Youth Coalition; Bahrain Alyoum,Other-National,"On 12 April 2024, demonstrators, including February 14 Youth Coalition, held a large protest in Salmabad (Northern) in solidarity with the Palestinian people and to denounce the normalization of diplomatic ties with Israel under the slogan of 'our Eid liberation day'.",0,crowd size=large,1713223309
BHR12672,2024-04-10,2024,1,Demonstrations,Protests,Peaceful protest,Protesters (Bahrain),February 14 Youth Coalition; Women (Bahrain),Protesters,,,,Protesters only,,48,Middle East,Bahrain,Northern,,,Madinat Hamad,26.1153,50.5069,1,14 February Revolution Youth Coalition; Bahrain Alyoum,Other-National,"On 10 April 2024, families of Karzakkan detainees and women demonstrators, including February 14 Youth Coalition, held a protest in front of the police station Madinat Hamad (Northern) to demand the release of political prisoners.",0,crowd size=no report,1713223309
BHR12674,2024-04-05,2024,1,Demonstrations,Protests,Peaceful protest,Protesters (Bahrain),,Protesters,,,,Protesters only,,48,Middle East,Bahrain,Northern,,,Al Malikiyah,26.098,50.4866,1,ADHRB,National,"On 5 April 2024, demonstrators held a protest in Al Malikiyah (Northern) to commemorate International Quds Day, under the slogan 'Flood of the Free'.",0,crowd size=no report,1713223309
BHR12675,2024-04-12,2024,1,Demonstrations,Protests,Peaceful protest,Protesters (Bahrain),,Protesters,,,,Protesters only,,48,Middle East,Bahrain,Capital,,,Sitrah,26.1547,50.6206,1,Bahrain Alyoum,National,"On 12 April 2024, families of detainees demonstrators held a protest in front of the police station Sitrah (Capital) for the second consecutive day to demand the release of political prisoners.",0,crowd size=no report,1713223309
BHR12666,2024-04-10,2024,1,Demonstrations,Protests,Peaceful protest,Protesters (Bahrain),February 14 Youth Coalition,Protesters,,,,Protesters only,,48,Middle East,Bahrain,Northern,,,Al Hamalah,26.1433,50.4594,1,14 February Revolution Youth Coalition; ADHRB,Other-National,"On 10 April 2024, demonstrators, including February 14 Youth Coalition, held a protest after Eid Al Fitr prayer in Al Hamalah (Northern) in solidarity with political prisoners and demanding their release.",0,crowd size=no report,1713824006
BHR12667,2024-04-11,2024,1,Demonstrations,Protests,Peaceful protest,Protesters (Bahrain),February 14 Youth Coalition,Protesters,,,,Protesters only,,48,Middle East,Bahrain,Capital,,,Sitrah,26.1547,50.6206,1,14 February Revolution Youth Coalition; ADHRB; Bahrain Alyoum; LuaLua TV,Other-National,"On 11 April 2024, families of detainees demonstrators, including February 14 Youth Coalition, held a protest in front of the police station Sitrah (Capital) to demand the release of political prisoners.",0,crowd size=no report,1713824006
BHR12678,2024-04-12,2024,1,Demonstrations,Protests,Peaceful protest,Protesters (Bahrain),,Protesters,,,,Protesters only,,48,Middle East,Bahrain,Northern,,,Madinat Hamad,26.1153,50.5069,1,Bahrain Alyoum,National,"On 12 April 2024, families of political detainees demonstrators held a protest in front of the police station of Madinat Hamad (Northern) calling for the release of all political prisoners.",0,crowd size=no report,1713824006
BHR12670,2024-04-12,2024,1,Demonstrations,Protests,Peaceful protest,Protesters (Bahrain),February 14 Youth Coalition; Muslim Group (Bahrain),Protesters,,,,Protesters only,,48,Middle East,Bahrain,Northern,,,Al Diraz,26.2181,50.4706,1,14 February Revolution Youth Coalition; ADHRB; AhlulBayt News Agency; Bahrain Alyoum; LuaLua TV,Other-National,"On 12 April 2024, demonstrators, including February 14 Youth Coalition, held a large protest after Friday prayers inside the Al Imam Sadiq Mosque which was followed by a march from the mosque in Al Diraz (Northern) to denounce the normalization of diplomatic ties with Israel and called for cutting them. They also called for the release of all the political prisoners",0,crowd size=large,1713824006
BHR12659,2024-04-05,2024,1,Demonstrations,Protests,Peaceful protest,Protesters (Bahrain),February 14 Youth Coalition,Protesters,,,,Protesters only,,48,Middle East,Bahrain,Northern,,,Demistan,26.1264,50.4811,1,14 February Revolution Youth Coalition; Bahrain Alyoum,Other-National,"On 5 April 2024, demonstrators, including February 14 Youth Coalition, held a protest in Demistan (Northern) in solidarity with the Palestinian people and to denounce the normalization of diplomatic ties with Israel, and commemorate International Quds Day.",0,crowd size=no report,1713824006
BHR12679,2024-04-19,2024,1,Demonstrations,Protests,Peaceful protest,Protesters (Bahrain),February 14 Youth Coalition; Muslim Group (Bahrain),Protesters,,,,Protesters only,,48,Middle East,Bahrain,Northern,,,Al Diraz,26.2181,50.4706,1,14 February Revolution Youth Coalition; Bahrain Alyoum; Bahrain Mirror; LuaLua TV,Other-National,"On 19 April 2024, hundreds of demonstrators, including February 14 Youth Coalition, held a protest after Friday prayers inside the Al Imam Sadiq Mosque followed by a march from the mosque in Al Diraz (Northern) to denounce the normalization of diplomatic ties with Israel and to show support for the Palestinian people.",0,crowd size=hundreds,1713830545
BHR12681,2024-04-13,2024,1,Demonstrations,Protests,Peaceful protest,Protesters (Bahrain),February 14 Youth Coalition,Protesters,,,,Protesters only,,48,Middle East,Bahrain,Northern,,,Madinat Hamad,26.1153,50.5069,1,14 February Revolution Youth Coalition,Other,"On 13 April 2024, demonstrators, including February 14 Youth Coalition, held a large protest in front of the police station in Madinat Hamad (Northern) demanding the release of political detainees.",0,crowd size=large,1713830545
BHR12687,2024-04-13,2024,1,Demonstrations,Protests,Peaceful protest,Protesters (Bahrain),February 14 Youth Coalition,Protesters,,,,Protesters only,,48,Middle East,Bahrain,Capital,,,Sitrah,26.1547,50.6206,1,14 February Revolution Youth Coalition,Other,"On 13 April 2024, demonstrators, including February 14 Youth Coalition, held a protest march in Sitrah (Capital) towards the police station demanding for the release of political detainees.",0,crowd size=no report,1713830545
BHR12690,2024-04-14,2024,1,Demonstrations,Protests,Peaceful protest,Protesters (Bahrain),February 14 Youth Coalition,Protesters,,,,Protesters only,,48,Middle East,Bahrain,Capital,,,Sitrah,26.1547,50.6206,1,14 February Revolution Youth Coalition; Bahrain Alyoum,Other-National,"On 14 April 2024, families of political detainees, including February 14 Youth Coalition, held a protest in front of the police station in Sitrah (Capital) demanding the release of political detainees.",0,crowd size=no report,1713830545
BHR12692,2024-04-14,2024,1,Demonstrations,Protests,Peaceful protest,Protesters (Bahrain),February 14 Youth Coalition; Women (Bahrain),Protesters,,,,Protesters only,,48,Middle East,Bahrain,Northern,,,Madinat Hamad,26.1153,50.5069,1,14 February Revolution Youth Coalition; Bahrain Alyoum; Bahrain Mirror; LuaLua TV,Other-National,"On 14 April 2024, families of detainees, including women and February 14 Youth Coalition, held a protest in front of the police station in Madinat Hamad (Northern) demanding the release of political detainees.",0,crowd size=no report,1713830545
BHR12696,2024-04-15,2024,1,Demonstrations,Protests,Peaceful protest,Protesters (Bahrain),February 14 Youth Coalition,Protesters,,,,Protesters only,,48,Middle East,Bahrain,Northern,,,Bani Jamrah,26.2097,50.4597,1,14 February Revolution Youth Coalition,Other,"On 15 April 2024, demonstrators, including February 14 Youth Coalition, held a protest march in Bani Jamrah (Northern) demanding the release of political detainees.",0,crowd size=no report,1713830545
BHR12697,2024-04-15,2024,1,Demonstrations,Protests,Peaceful protest,Protesters (Bahrain),February 14 Youth Coalition; Prisoners (Bahrain),Protesters,,,,Protesters only,,48,Middle East,Bahrain,Southern,,,Jaw Prison,25.9916,50.6165,1,14 February Revolution Youth Coalition; Bahrain Alyoum,Other-National,"On 15 April 2024, prisoners in Buildings 6, 7, and 8, including February 14 Youth Coalition, held a protest march in Jaw Prison (Southern) demanding their immediate release.",0,crowd size=no report,1713830545
BHR12698,2024-04-16,2024,1,Demonstrations,Protests,Peaceful protest,Protesters (Bahrain),February 14 Youth Coalition,Protesters,,,,Protesters only,,48,Middle East,Bahrain,Capital,,,Sitrah,26.1547,50.6206,1,14 February Revolution Youth Coalition,Other,"On 16 April 2024, demonstrators, including February 14 Youth Coalition, held a protest in Sitrah (Capital) demanding the release of political detainees.",0,crowd size=no report,1713830545
BHR12700,2024-04-17,2024,1,Demonstrations,Protests,Peaceful protest,Protesters (Bahrain),,Protesters,,,,Protesters only,,48,Middle East,Bahrain,Northern,,,Al Markh,26.2103,50.4733,1,Bahrain Alyoum,National,"On 17 April 2024, demonstrators, held a protest in Al Markh (Northern) demanding the release of political detainees.",0,crowd size=no report,1713830545
BHR12701,2024-04-17,2024,1,Demonstrations,Protests,Peaceful protest,Protesters (Bahrain),February 14 Youth Coalition; Prisoners (Bahrain),Protesters,,,,Protesters only,,48,Middle East,Bahrain,Southern,,,Jaw Prison,25.9916,50.6165,1,14 February Revolution Youth Coalition,Other,"On 17 April 2024, prisoners in Building 7, including February 14 Youth Coalition, held a protest march in Jaw Prison (Southern) to demand the release of all prisoners.",0,crowd size=no report,1713830545
BHR12707,2024-04-19,2024,1,Demonstrations,Protests,Peaceful protest,Protesters (Bahrain),February 14 Youth Coalition,Protesters,,,,Protesters only,,48,Middle East,Bahrain,Southern,,,Riffa,26.13,50.555,1,14 February Revolution Youth Coalition; Bahrain Mirror,Other-National,"On 19 April 2024, demonstrators, including February 14 Youth Coalition, held a protest stand in front of the Kano Health Center in Riffa (Southern) demanding the release of political detainees.",0,crowd size=no report,1713830545
BHR12708,2024-04-19,2024,1,Demonstrations,Protests,Peaceful protest,Protesters (Bahrain),February 14 Youth Coalition; Prisoners (Bahrain),Protesters,,,,Protesters only,,48,Middle East,Bahrain,Southern,,,Jaw Prison,25.9916,50.6165,1,14 February Revolution Youth Coalition,Other,"On 19 April 2024, prisoners, including February 14 Youth Coalition, held a protest march in Jaw Prison (Southern) in solidarity following the death of an inmate.",0,crowd size=no report,1713830545
BHR12694,2024-04-15,2024,1,Demonstrations,Protests,Peaceful protest,Protesters (Bahrain),February 14 Youth Coalition,Protesters,,,,Protesters only,,48,Middle East,Bahrain,Capital,,,Sitrah,26.1547,50.6206,1,14 February Revolution Youth Coalition; ADHRB; Bahrain Mirror,Other-National,"On 15 April 2024, demonstrators, including February 14 Youth Coalition, held a protest in front of the police station in Sitrah (Capital) demanding the release of political detainees.",0,crowd size=no report,1714434414
BHR12684,2024-04-17,2024,1,Demonstrations,Protests,Peaceful protest,Protesters (Bahrain),February 14 Youth Coalition,Protesters,,,,Protesters only,,48,Middle East,Bahrain,Northern,,,Karzakkan,26.1156,50.4819,1,14 February Revolution Youth Coalition; ADHRB; Bahrain Alyoum,Other-National,"On 17 April 2024, demonstrators, including February 14 Youth Coalition, held a large protest in Karzakkan (Northern) demanding the release of political detainees.",0,crowd size=large,1714434414
BHR12703,2024-04-18,2024,1,Demonstrations,Protests,Peaceful protest,Protesters (Bahrain),February 14 Youth Coalition,Protesters,,,,Protesters only,,48,Middle East,Bahrain,Capital,,,Sitrah,26.1547,50.6206,1,14 February Revolution Youth Coalition; ADHRB; Bahrain Alyoum,Other-National,"On 18 April 2024, families of political detainees, including February 14 Youth Coalition, held a protest in front of the police station in Sitrah (Capital) demanding the release of political detainees.",0,crowd size=no report,1714434414
BHR12704,2024-04-18,2024,1,Demonstrations,Protests,Peaceful protest,Protesters (Bahrain),February 14 Youth Coalition,Protesters,,,,Protesters only,,48,Middle East,Bahrain,Northern,,,Abu Saybi,26.2175,50.5069,1,14 February Revolution Youth Coalition; ADHRB; Bahrain Alyoum,Other-National,"On 18 April 2024, demonstrators, including February 14 Youth Coalition, held a protest in Abu Saybi (Northern) in solidarity with the political detainees and to demand their release.",0,crowd size=no report,1714434414
BHR12688,2024-04-12,2024,1,Demonstrations,Riots,Violent demonstration,Rioters (Bahrain),February 14 Youth Coalition,Rioters,,,,Rioters only,,48,Middle East,Bahrain,Northern,,,Abu Saybi,26.2175,50.5069,1,14 February Revolution Youth Coalition,Other,"On 12 April 2024, demonstrators, including February 14 Youth Coalition, blocked a road with burning tires in Abu Saybi (Northern) as part of a demonstration in solidarity with political detainees.",0,crowd size=no report,1714434415
BHR12710,2024-04-20,2024,1,Demonstrations,Protests,Peaceful protest,Protesters (Bahrain),February 14 Youth Coalition,Protesters,,,,Protesters only,,48,Middle East,Bahrain,Capital,,,Sitrah,26.1547,50.6206,1,14 February Revolution Youth Coalition; Bahrain Alyoum,Other-National,"On 20 April 2024, families of political detainees, including February 14 Youth Coalition, held a protest in front of the police station in Sitrah (Capital) demanding the release of political detainees.",0,crowd size=no report,1714445471
BHR12711,2024-04-20,2024,1,Demonstrations,Protests,Peaceful protest,Protesters (Bahrain),February 14 Youth Coalition,Protesters,,,,Protesters only,,48,Middle East,Bahrain,Northern,,,Abu Saybi,26.2175,50.5069,1,14 February Revolution Youth Coalition; Bahrain Alyoum,Other-National,"On 20 April 2024, demonstrators from Abu Saybi and Ash Shakhurah, including February 14 Youth Coalition, held a large demonstration in Abu Saybi (Northern) demanding the release of political detainees.",0,crowd size=large,1714445471
BHR12712,2024-04-20,2024,1,Demonstrations,Protests,Peaceful protest,Protesters (Bahrain),February 14 Youth Coalition,Protesters,,,,Protesters only,,48,Middle East,Bahrain,Southern,,,Nuwaidrat,26.1347,50.5975,1,14 February Revolution Youth Coalition; Bahrain Alyoum,Other-National,"On 20 April 2024, demonstrators, including February 14 Youth Coalition, held a protest in Nuwaidrat (Southern) demanding the release of political detainees.",0,crowd size=no report,1714445471
BHR12713,2024-04-22,2024,1,Demonstrations,Protests,Peaceful protest,Protesters (Bahrain),February 14 Youth Coalition,Protesters,,,,Protesters only,,48,Middle East,Bahrain,Northern,,,Karzakkan,26.1156,50.4819,2,14 February Revolution Youth Coalition; Bahrain Alyoum,Other-National,"On 22 April 2024, demonstrators from Demistan, Karzakkan, and Al Malikiyah, including February 14 Youth Coalition, held a protest in the western region of Bahrain (coded to Karzakkan) (Northern) demanding the release of political detainees.",0,crowd size=no report,1714445471
BHR12714,2024-04-21,2024,1,Demonstrations,Protests,Peaceful protest,Protesters (Bahrain),February 14 Youth Coalition,Protesters,,,,Protesters only,,48,Middle East,Bahrain,Northern,,,Al Diraz,26.2181,50.4706,1,14 February Revolution Youth Coalition; ADHRB; LuaLua TV,Other-National,"On 21 April 2024, families of political detainees, including February 14 Youth Coalition, demonstrated in front of the police station in Al Diraz (Northern) demanding the release of political detainees.",0,crowd size=no report,1714445471
BHR12720,2024-04-20,2024,1,Demonstrations,Riots,Violent demonstration,Rioters (Bahrain),February 14 Youth Coalition,Rioters,,,,Rioters only,,48,Middle East,Bahrain,Capital,,,Sitrah,26.1547,50.6206,1,14 February Revolution Youth Coalition,Other,"On 20 April 2024, demonstrators, including February 14 Youth Coalition, blocked a road with burning tires in Sitrah (Capital) as part of a demonstration demanding the release of political detainees.",0,crowd size=no report,1714445471
BHR12722,2024-04-24,2024,1,Demonstrations,Protests,Peaceful protest,Protesters (Bahrain),February 14 Youth Coalition,Protesters,,,,Protesters only,,48,Middle East,Bahrain,Northern,,,Madinat Hamad,26.1153,50.5069,1,14 February Revolution Youth Coalition; Bahrain Alyoum; LuaLua TV,Other-National,"On 24 April 2024, families of political detainees, including February 14 Youth Coalition, held a protest in front of the Roundabout 17 Police Station in Madinat Hamad (Northern) demanding the immediate release of all prisoners.",0,crowd size=no report,1714445471
BHR12728,2024-04-21,2024,1,Demonstrations,Protests,Peaceful protest,Protesters (Bahrain),February 14 Youth Coalition,Protesters,,,,Protesters only,,48,Middle East,Bahrain,Northern,,,Madinat Hamad,26.1153,50.5069,1,14 February Revolution Youth Coalition; ADHRB; LuaLua TV,Other-National,"On 21 April 2024, families of political detainees, including women and February 14 Youth Coalition, held a protest in front of the Roundabout 17 Police Station in Madinat Hamad (Northern) demanding the release of political detainees.",0,crowd size=no report,1714445471
BHR12729,2024-04-11,2024,1,Demonstrations,Protests,Peaceful protest,Protesters (Bahrain),,Protesters,,,,Protesters only,,48,Middle East,Bahrain,Northern,,,Madinat Hamad,26.1153,50.5069,1,ADHRB,National,"On 11 April 2024, families of political detainees held a protest in front of the Roundabout 17 Police Station in Madinat Hamad (Northern) calling for the release of all political prisoners.",0,crowd size=no report,1714445471
BHR12730,2024-04-17,2024,1,Demonstrations,Protests,Peaceful protest,Protesters (Bahrain),,Protesters,,,,Protesters only,,48,Middle East,Bahrain,Capital,,,Sitrah,26.1547,50.6206,1,ADHRB,National,"On 17 April 2024, families of political detainees held a protest in front of the police station in Sitrah (Capital) demanding the release of political detainees.",0,crowd size=no report,1714445471
BHR12733,2024-04-19,2024,1,Demonstrations,Protests,Peaceful protest,Protesters (Bahrain),,Protesters,,,,Protesters only,,48,Middle East,Bahrain,Capital,,,Sitrah,26.1547,50.6206,1,ADHRB,National,"On 19 April 2024, for the second day, families of political detainees held a protest in front of the police station in Sitrah (Capital) demanding the release of political detainees.",0,crowd size=no report,1714445471
BHR12735,2024-04-22,2024,1,Demonstrations,Protests,Peaceful protest,Protesters (Bahrain),,Protesters,,,,Protesters only,,48,Middle East,Bahrain,Capital,,,Al Maamir,26.1333,50.6086,1,LuaLua TV,National,"On 22 April 2024, locals held a protest in Al Maamir (Capital) demanding to improve the environmental situation following the government's neglect of the Bapco's tank leakage incident.",0,crowd size=no report,1714445471
BHR12737,2024-04-24,2024,1,Demonstrations,Protests,Peaceful protest,Protesters (Bahrain),,Protesters,,,,Protesters only,,48,Middle East,Bahrain,Capital,,,Al Akr,26.1431,50.6103,1,Bahrain Alyoum,National,"On 24 April 2024, demonstrators held a protest in Al Akr (Capital) in solidarity with political prisoners.",0,crowd size=no report,1714445471
BHR12740,2024-04-26,2024,1,Demonstrations,Protests,Peaceful protest,Protesters (Bahrain),,Protesters,,,,Protesters only,,48,Middle East,Bahrain,Northern,,,Barbar,26.2294,50.4806,1,Bahrain Alyoum,National,"On 26 April 2024, demonstrators held a large protest in Barbar (Northern) demanding the release of political detainees.",0,crowd size=large,1714445471
BHR12597,2024-03-15,2024,1,Demonstrations,Protests,Peaceful protest,Protesters (Bahrain),February 14 Youth Coalition; Muslim Group (Bahrain),Protesters,,,,Protesters only,,48,Middle East,Bahrain,Northern,,,Al Diraz,26.2181,50.4706,1,14 February Revolution Youth Coalition; ADHRB; Bahrain Alyoum; LuaLua TV,Other-National,"On 15 March 2024, demonstrators, including February 14 Youth Coalition, held a large protest in Al Diraz (Northern) in solidarity with the Palestinian people in the context of the latest round of violence in Israel-Palestine. They also denounced the US and UK 'aggression against Yemen' and the normalization of diplomatic ties with Israel and called for cutting them and expelling the Israeli ambassador in Bahrain. The protesters also demanded political reform in Bahrain, including an elected government and parliament with expanded powers and respect for freedom of expression. The protest started inside Al Sadiq mosque after Friday prayers, followed by a march from the mosque.",0,crowd size=large,1715041038
BHR12605,2024-03-22,2024,1,Demonstrations,Protests,Peaceful protest,Protesters (Bahrain),February 14 Youth Coalition; Muslim Group (Bahrain),Protesters,,,,Protesters only,,48,Middle East,Bahrain,Northern,,,Al Diraz,26.2181,50.4706,1,14 February Revolution Youth Coalition; ADHRB; Bahrain Alyoum; LuaLua TV,Other-National,"On 22 March 2024, demonstrators, including February 14 Youth Coalition, held a large protest in Al Diraz (Northern) in solidarity with the Palestinian people in the context of the latest round of violence in Israel-Palestine. They also denounced the normalization of diplomatic ties with Israel and called for cutting them and expelling the Israeli ambassador in Bahrain. The protest started inside Al Sadiq mosque after Friday prayers, followed by a march from the mosque.",0,crowd size=large,1715041038
BHR12617,2024-03-26,2024,1,Demonstrations,Protests,Peaceful protest,Protesters (Bahrain),February 14 Youth Coalition,Protesters,,,,Protesters only,,48,Middle East,Bahrain,Northern,,,Al Diraz,26.2181,50.4706,1,14 February Revolution Youth Coalition; ADHRB; Bahrain Alyoum; LuaLua TV,Other-National,"On 26 March 2024, thousands of demonstrators, including February 14 Youth Coalition, held a protest in Al Diraz (Northern) to demand the release of all political detainees. The protest took place as part of the funeral of an inmate of Jaw Prison.",0,crowd size=thousands,1715041038
BHR12647,2024-03-27,2024,1,Demonstrations,Protests,Peaceful protest,Protesters (Bahrain),February 14 Youth Coalition,Protesters,,,,Protesters only,,48,Middle East,Bahrain,Northern,,,Al Diraz,26.2181,50.4706,1,14 February Revolution Youth Coalition; ADHRB; Bahrain Alyoum,Other-National,"On 27 March 2024, demonstrators, including February 14 Youth Coalition, held a protest march in Al Diraz (Northern) to denounce the death of a detainee in the prison and to demand the release of political prisoners in Bahrain.",0,crowd size=no report,1715041038
BHR12615,2024-03-28,2024,1,Demonstrations,Protests,Peaceful protest,Protesters (Bahrain),February 14 Youth Coalition,Protesters,,,,Protesters only,,48,Middle East,Bahrain,Northern,,,Al Diraz,26.2181,50.4706,1,14 February Revolution Youth Coalition; ADHRB; Bahrain Alyoum,Other-National,"On 28 March 2024, demonstrators, including February 14 Youth Coalition, held a large protest march in Al Diraz (Northern) to denounce the death of an inmate in Jaw Prison.",0,crowd size=large,1715041038
BHR12625,2024-03-29,2024,1,Demonstrations,Protests,Peaceful protest,Protesters (Bahrain),,Protesters,,,,Protesters only,,48,Middle East,Bahrain,Northern,,,Al Diraz,26.2181,50.4706,1,ADHRB; Bahrain Alyoum,National,"On 29 March 2024, thousands of demonstrators held a protest in Al Diraz (Northern) in solidarity with the protesters of Jaw prison following the death of a detainee in the prison and to demand the release of political prisoners in Bahrain.",0,crowd size=thousands,1715041038
BHR12653,2024-04-01,2024,1,Demonstrations,Protests,Peaceful protest,Protesters (Bahrain),February 14 Youth Coalition,Protesters,,,,Protesters only,,48,Middle East,Bahrain,Southern,,,Jaw Prison,25.9916,50.6165,1,14 February Revolution Youth Coalition; ADHRB; Bahrain Alyoum; LuaLua TV,Other-National,"On 1 April 2024, women and families of political prisoners, including February 14 Youth Coalition, held a protest stand in front of Jaw Prison (Southern) demanding the release of the political prisoners.",0,crowd size=no report,1715041038
BHR12648,2024-04-05,2024,1,Demonstrations,Protests,Peaceful protest,Protesters (Bahrain),February 14 Youth Coalition; Muslim Group (Bahrain),Protesters,,,,Protesters only,,48,Middle East,Bahrain,Northern,,,Al Diraz,26.2181,50.4706,1,14 February Revolution Youth Coalition; ADHRB; AhlulBayt News Agency; Bahrain Alyoum; LuaLua TV,Other-National,"On 5 April 2024, hundreds of demonstrators, including February 14 Youth Coalition, held a protest after Friday prayers inside the Al Imam Sadiq Mosque followed by a march from the mosque in Al Diraz (Northern) to denounce the normalization of diplomatic ties with Israel and commemorate International Quds Day.",0,crowd size=hundreds,1715041038
BHR12736,2024-04-23,2024,1,Demonstrations,Protests,Peaceful protest,Protesters (Bahrain),,Protesters,,,,Protesters only,,48,Middle East,Bahrain,Capital,,,Sitrah,26.1547,50.6206,1,ADHRB; Bahrain Alyoum; LuaLua TV,National,"On 23 April 2024, families of political detainees held a protest in front of the police station in Sitrah (Capital) demanding the release of political detainees.",0,crowd size=no report,1715041038
BHR12718,2024-04-23,2024,1,Demonstrations,Protests,Peaceful protest,Protesters (Bahrain),February 14 Youth Coalition,Protesters,,,,Protesters only,,48,Middle East,Bahrain,Northern,,,Madinat Hamad,26.1153,50.5069,1,14 February Revolution Youth Coalition; ADHRB; Bahrain Alyoum,Other-National,"On 23 April 2024, protesters, including February 14 Youth Coalition, demonstrated in front of the Roundabout 17 Police Station in Madinat Hamad (Northern) demanding the release of political detainees.",0,crowd size=no report,1715041038
BHR12738,2024-04-25,2024,1,Demonstrations,Protests,Peaceful protest,Protesters (Bahrain),,Protesters,,,,Protesters only,,48,Middle East,Bahrain,Southern,,,Riffa,26.13,50.555,1,ADHRB; Bahrain Mirror,National,"On 25 April 2024, the family of a political detainee held a protest stand in front of the Kano Health Center in Riffa (Southern) against his claimed denial of treatment and to demand his release.",0,crowd size=no report,1715041038
BHR12727,2024-04-26,2024,1,Demonstrations,Protests,Peaceful protest,Protesters (Bahrain),February 14 Youth Coalition; Muslim Group (Bahrain),Protesters,,,,Protesters only,,48,Middle East,Bahrain,Northern,,,Al Diraz,26.2181,50.4706,1,14 February Revolution Youth Coalition; ADHRB; Bahrain Alyoum; Bahrain Mirror; LuaLua TV,Other-National,"On 26 April 2024, demonstrators, including February 14 Youth Coalition, held a large protest after Friday prayers inside the Al Imam Sadiq Mosque which was followed by a march from the mosque in Al Diraz (Northern) to denounce the normalization of diplomatic ties with Israel and to show support for the Palestinian people. They also called for the release of all political prisoners.",0,crowd size=large,1715041038
BHR12650,2024-04-04,2024,1,Demonstrations,Protests,Peaceful protest,Protesters (Bahrain),February 14 Youth Coalition,Protesters,,,,Protesters only,,48,Middle East,Bahrain,Northern,,,Barbar,26.2294,50.4806,1,14 February Revolution Youth Coalition; ADHRB; Bahrain Alyoum,Other-National,"On 4 April 2024, demonstrators, including February 14 Youth Coalition, held a protest in Barbar (Northern) on the occasion of International Quds Day and in solidarity with the Palestinian people in the context of the latest round of violence in Israel-Palestine.",0,crowd size=no report,1715049312
BHR12742,2024-04-27,2024,1,Demonstrations,Protests,Peaceful protest,Protesters (Bahrain),February 14 Youth Coalition,Protesters,,,,Protesters only,,48,Middle East,Bahrain,Capital,,,Sitrah,26.1547,50.6206,1,14 February Revolution Youth Coalition; Bahrain Alyoum,Other-National,"On 27 April 2024, demonstrators, including February 14 Youth Coalition, held a protest in front of the police station in Sitrah (Capital) demanding the release of political detainees.",0,crowd size=no report,1715049312
BHR12745,2024-04-27,2024,1,Demonstrations,Protests,Peaceful protest,Protesters (Bahrain),February 14 Youth Coalition,Protesters,,,,Protesters only,,48,Middle East,Bahrain,Northern,,,Madinat Hamad,26.1153,50.5069,1,14 February Revolution Youth Coalition; LuaLua TV,Other-National,"On 27 April 2024, protesters and families of detainees, including February 14 Youth Coalition, demonstrated in front of Roundabout 17 in Madinat Hamad (Northern) demanding the release of political detainees.",0,crowd size=no report,1715049312
BHR12748,2024-04-28,2024,1,Demonstrations,Protests,Peaceful protest,Protesters (Bahrain),February 14 Youth Coalition,Protesters,,,,Protesters only,,48,Middle East,Bahrain,Capital,,,Sitrah,26.1547,50.6206,1,14 February Revolution Youth Coalition; ADHRB; Bahrain Alyoum; LuaLua TV,Other-National,"On 28 April 2024, for the second consecutive day, families of detainees, including February 14 Youth Coalition, held a protest in front of the police station Sitrah (Capital) to demand the release of political prisoners.",0,crowd size=no report,1715049312
BHR12749,2024-04-27,2024,1,Demonstrations,Riots,Violent demonstration,Rioters (Bahrain),February 14 Youth Coalition,Rioters,,,,Rioters only,,48,Middle East,Bahrain,Northern,,,Sar,26.1942,50.4819,1,14 February Revolution Youth Coalition,Other,"On 27 April 2024, demonstrators, including February 14 Youth Coalition, blocked a road with burning tires in Sar (Northern) in solidarity with political detainees and demanding their release.",0,crowd size=no report,1715049312
BHR12751,2024-04-28,2024,1,Demonstrations,Riots,Violent demonstration,Rioters (Bahrain),February 14 Youth Coalition,Rioters,Police Forces of Bahrain (1999-),,State forces,State forces-Rioters,,48,Middle East,Bahrain,Capital,,,Al Maamir,26.1333,50.6086,1,14 February Revolution Youth Coalition,Other,"On 28 April 2024, demonstrators, including February 14 Youth Coalition, threw projectiles at police forces in Al Maamir (Capital) as part of a demonstration demanding the release of political detainees.",0,crowd size=no report,1715049312
BHR12752,2024-04-28,2024,1,Demonstrations,Protests,Peaceful protest,Protesters (Bahrain),February 14 Youth Coalition,Protesters,,,,Protesters only,,48,Middle East,Bahrain,Northern,,,Barbar,26.2294,50.4806,1,14 February Revolution Youth Coalition,Other,"On 28 April 2024, demonstrators, including February 14 Youth Coalition, held a protest in Barbar (Northern) demanding the release of political detainees.",0,crowd size=no report,1715049312
BHR12754,2024-04-29,2024,1,Demonstrations,Protests,Peaceful protest,Protesters (Bahrain),February 14 Youth Coalition,Protesters,,,,Protesters only,,48,Middle East,Bahrain,Northern,,,Al Markh,26.2103,50.4733,1,14 February Revolution Youth Coalition; Bahrain Alyoum,Other-National,"On 29 April 2024, demonstrators, including February 14 Youth Coalition, held a large protest in Al Markh (Northern) demanding the release of political detainees.",0,crowd size=large,1715049312
BHR12756,2024-04-30,2024,1,Demonstrations,Protests,Peaceful protest,Protesters (Bahrain),February 14 Youth Coalition,Protesters,,,,Protesters only,,48,Middle East,Bahrain,Northern,,,Al Malikiyah,26.098,50.4866,1,14 February Revolution Youth Coalition; ADHRB; Bahrain Alyoum,Other-National,"On 30 April 2024, demonstrators, including February 14 Youth Coalition, held a stand-in protest in front of Al Rif complex in Al Malikiyah (Northern) demanding the release of political detainees.",0,crowd size=no report,1715049312
BHR12757,2024-04-30,2024,1,Demonstrations,Protests,Peaceful protest,Protesters (Bahrain),February 14 Youth Coalition,Protesters,,,,Protesters only,,48,Middle East,Bahrain,Northern,,,Bu Quwa,26.2047,50.52,1,14 February Revolution Youth Coalition; ADHRB; Bahrain Alyoum,Other-National,"On 30 April 2024, demonstrators, including February 14 Youth Coalition, held a large protest in Bu Quwa (Northern) demanding the release of political detainees.",0,crowd size=large,1715049312
BHR12758,2024-04-30,2024,1,Demonstrations,Protests,Peaceful protest,Protesters (Bahrain),February 14 Youth Coalition,Protesters,,,,Protesters only,,48,Middle East,Bahrain,Northern,,,Madinat Hamad,26.1153,50.5069,1,14 February Revolution Youth Coalition,Other,"On 30 April 2024, demonstrators, including February 14 Youth Coalition, held a protest in Madinat Hamad (Northern) demanding the release of political detainees.",0,crowd size=no report,1715049312
BHR12759,2024-05-01,2024,1,Demonstrations,Protests,Peaceful protest,Protesters (Bahrain),February 14 Youth Coalition,Protesters,,,,Protesters only,,48,Middle East,Bahrain,Capital,,,Sitrah,26.1547,50.6206,1,14 February Revolution Youth Coalition; ADHRB,Other-National,"On 1 May 2024, demonstrators, including February 14 Youth Coalition, held a protest in Sitrah (Capital) demanding the release of political detainees.",0,crowd size=no report,1715049312
BHR12764,2024-04-30,2024,1,Demonstrations,Riots,Violent demonstration,Rioters (Bahrain),February 14 Youth Coalition,Rioters,,,,Rioters only,,48,Middle East,Bahrain,Southern,,,Nuwaidrat,26.1347,50.5975,1,14 February Revolution Youth Coalition,Other,"On 30 April 2024, demonstrators, including February 14 Youth Coalition, blocked a road with burning tires in Nuwaidrat (Southern) as part of a demonstration demanding the release of political detainees.",0,crowd size=no report,1715049312
BHR12766,2024-05-02,2024,1,Demonstrations,Riots,Violent demonstration,Rioters (Bahrain),February 14 Youth Coalition,Rioters,,,,Rioters only,,48,Middle East,Bahrain,Capital,,,Sitrah,26.1547,50.6206,1,14 February Revolution Youth Coalition,Other,"On 2 May 2024, demonstrators, including February 14 Youth Coalition, blocked a road with fire in Sitrah (Capital )to denounce the assault of demonstrators by Bahraini forces in front of Jaw Prison.",0,crowd size=no report,1715049312
BHR12767,2024-05-02,2024,1,Demonstrations,Riots,Violent demonstration,Rioters (Bahrain),February 14 Youth Coalition,Rioters,,,,Rioters only,,48,Middle East,Bahrain,Northern,,,Abu Saybi,26.2175,50.5069,1,14 February Revolution Youth Coalition,Other,"On 2 May 2024, demonstrators, including February 14 Youth Coalition, blocked a road with a fire in Abu Saybi (Northern) to denounce the assault of demonstrators by Bahraini forces in front of Jaw Prison.",0,crowd size=no report,1715049312
BHR12769,2024-05-03,2024,1,Demonstrations,Riots,Violent demonstration,Rioters (Bahrain),February 14 Youth Coalition,Rioters,,,,Rioters only,,48,Middle East,Bahrain,Capital,,,Al Akr,26.1431,50.6103,1,14 February Revolution Youth Coalition,Other,"On 3 May 2024, demonstrators, including February 14 Youth Coalition, blocked a road with a fire in Al Akr (Capital) to denounce the assault of demonstrators by Bahraini forces in front of Jaw Prison.",0,crowd size=no report,1715049312
BHR12770,2024-05-02,2024,1,Demonstrations,Protests,Peaceful protest,Protesters (Bahrain),February 14 Youth Coalition; Prisoners (Bahrain),Protesters,,,,Protesters only,,48,Middle East,Bahrain,Southern,,,Jaw Prison,25.9916,50.6165,1,14 February Revolution Youth Coalition; ADHRB,Other-National,"On 2 May 2024, prisoners in Buildings 5, 6, 7, and 8, including February 14 Youth Coalition, held a protest in Jaw Prison (Southern) in conjunction with the protesters in front of the prison.",0,crowd size=no report,1715049312
BHR12771,2024-03-29,2024,1,Demonstrations,Protests,Peaceful protest,Protesters (Bahrain),,Protesters,,,,Protesters only,,48,Middle East,Bahrain,Northern,,,Al Diraz,26.2181,50.4706,1,ADHRB,National,"On 29 March 2024, demonstrators held a protest after Friday prayers in Al Diraz (Northern) to show support for the Palestinian people in the context of the latest round of violence in Israel-Palestine.",0,crowd size=no report,1715049312
BHR12772,2024-04-05,2024,1,Demonstrations,Protests,Peaceful protest,Protesters (Bahrain),,Protesters,,,,Protesters only,,48,Middle East,Bahrain,Northern,,,Bani Jamrah,26.2097,50.4597,1,ADHRB,National,"On 5 April 2024, demonstrators protested in Bani Jamrah (Northern) demanding the release of prisoners.",0,crowd size=no report,1715049312
BHR12773,2024-04-24,2024,1,Demonstrations,Protests,Peaceful protest,Protesters (Bahrain),,Protesters,,,,Protesters only,,48,Middle East,Bahrain,Capital,,,Sitrah,26.1547,50.6206,1,ADHRB,National,"On 24 April 2024, families of political detainees held a protest in front of the police station in Sitrah (Capital) demanding the release of political detainees.",0,crowd size=no report,1715049312
BHR12776,2024-05-01,2024,1,Demonstrations,Protests,Peaceful protest,Protesters (Bahrain),,Protesters,,,,Protesters only,,48,Middle East,Bahrain,Northern,,,Al Malikiyah,26.098,50.4866,1,ADHRB; Bahrain Alyoum,National,"On 1 May 2024, demonstrators held a protest in Al Malikiyah (Northern) demanding the release of political detainees.",0,crowd size=no report,1715049312
BHR12739,2024-04-26,2024,1,Demonstrations,Protests,Peaceful protest,Protesters (Bahrain),February 14 Youth Coalition,Protesters,,,,Protesters only,,48,Middle East,Bahrain,Capital,,,Al Maamir,26.1333,50.6086,1,14 February Revolution Youth Coalition; Bahrain Alyoum; LuaLua TV,Other-National,"On 26 April 2024, demonstrators, including February 14 Youth Coalition, held a large protest in Al Maamir (Capital) demanding the release of political detainees.",0,crowd size=large,1715635217
BHR12779,2024-05-04,2024,1,Demonstrations,Protests,Peaceful protest,Protesters (Bahrain),,Protesters,,,,Protesters only,,48,Middle East,Bahrain,Northern,,,Karzakkan,26.1156,50.4819,1,Bahrain Alyoum,National,"On 4 May 2024, demonstrators held a protest in Karzakkan (Northern) demanding the release of political detainees.",0,crowd size=no report,1715641773
BHR12783,2024-05-07,2024,1,Demonstrations,Protests,Peaceful protest,Protesters (Bahrain),February 14 Youth Coalition,Protesters,,,,Protesters only,,48,Middle East,Bahrain,Capital,,,Sitrah,26.1547,50.6206,1,14 February Revolution Youth Coalition,Other,"On 7 May 2024, demonstrators, including February 14 Youth Coalition, held a protest in Sitrah (Capital) demanding the release of political detainees.",0,crowd size=no report,1715641773
BHR12784,2024-05-07,2024,1,Demonstrations,Riots,Violent demonstration,Rioters (Bahrain),February 14 Youth Coalition,Rioters,,,,Rioters only,,48,Middle East,Bahrain,Northern,,,Barbar,26.2294,50.4806,1,14 February Revolution Youth Coalition,Other,"On 7 May 2024, demonstrators, including February 14 Youth Coalition, blocked a road with burning tires in Barbar (Northern) as part of a demonstration in solidarity with political prisoners.",0,crowd size=no report,1715641773
BHR12785,2024-05-08,2024,1,Demonstrations,Protests,Peaceful protest,Protesters (Bahrain),February 14 Youth Coalition,Protesters,,,,Protesters only,,48,Middle East,Bahrain,Capital,,,Sitrah,26.1547,50.6206,1,14 February Revolution Youth Coalition; Bahrain Alyoum,Other-National,"On 8 May 2024, for the second consecutive day, demonstrators, including February 14 Youth Coalition, held a large protest in Sitrah (Capital) demanding the release of political detainees.",0,crowd size=large,1715641773
BHR12788,2024-05-09,2024,1,Demonstrations,Riots,Violent demonstration,Rioters (Bahrain),February 14 Youth Coalition,Rioters,,,,Rioters only,,48,Middle East,Bahrain,Southern,,,Nuwaidrat,26.1347,50.5975,1,14 February Revolution Youth Coalition,Other,"On 9 May 2024, demonstrators, including February 14 Youth Coalition, blocked a road with burning tires in Nuwaidrat (Southern) as part of a demonstration in solidarity with political detainees and demanding the release of political detainees.",0,crowd size=no report,1715641773
BHR12794,2024-05-10,2024,1,Demonstrations,Protests,Peaceful protest,Protesters (Bahrain),February 14 Youth Coalition,Protesters,,,,Protesters only,,48,Middle East,Bahrain,Northern,,,Karzakkan,26.1156,50.4819,1,14 February Revolution Youth Coalition; Bahrain Alyoum,Other-National,"On 10 May 2024, demonstrators, including February 14 Youth Coalition, held a protest in Karzakkan (Northern) demanding the release of political detainees.",0,crowd size=no report,1715641773
BHR12761,2024-05-02,2024,1,Demonstrations,Protests,Peaceful protest,Protesters (Bahrain),February 14 Youth Coalition,Protesters,,,,Protesters only,,48,Middle East,Bahrain,Northern,,,Al Diraz,26.2181,50.4706,1,14 February Revolution Youth Coalition; ADHRB; Bahrain Alyoum,Other-National,"On 2 May 2024, demonstrators, including February 14 Youth Coalition, held a large protest in Al Diraz (Northern) demanding the release of political detainees.",0,crowd size=large,1716235591
BHR12763,2024-05-03,2024,1,Demonstrations,Protests,Peaceful protest,Protesters (Bahrain),February 14 Youth Coalition,Protesters,,,,Protesters only,,48,Middle East,Bahrain,Northern,,,Al Diraz,26.2181,50.4706,1,14 February Revolution Youth Coalition; ADHRB; Bahrain Alyoum; LuaLua TV,Other-National,"On 3 May 2024, demonstrators, including February 14 Youth Coalition, held a large protest after Friday prayers in Al Diraz (Northern) to show support for the Palestinian people and to denounce 'Israeli crimes' in the context of the latest round of violence in Israel-Palestine.",0,crowd size=large,1716235591
BHR12780,2024-05-06,2024,1,Demonstrations,Protests,Peaceful protest,Protesters (Bahrain),February 14 Youth Coalition,Protesters,,,,Protesters only,,48,Middle East,Bahrain,Northern,,,Al Malikiyah,26.098,50.4866,1,14 February Revolution Youth Coalition; ADHRB; Bahrain Alyoum,Other-National,"On 6 May 2024, demonstrators, including February 14 Youth Coalition, held a protest in Al Malikiyah (Northern) demanding the release of political detainees.",0,crowd size=no report,1716235591
BHR12786,2024-05-08,2024,1,Demonstrations,Protests,Peaceful protest,Protesters (Bahrain),February 14 Youth Coalition,Protesters,,,,Protesters only,,48,Middle East,Bahrain,Southern,,,Riffa,26.13,50.555,1,14 February Revolution Youth Coalition; ADHRB; Bahrain Alyoum,Other-National,"On 8 May 2024, demonstrators, including February 14 Youth Coalition, held a protest stand in front of the Kano Health Center in Riffa (Southern) demanding the release of prominent political figure Hasan Mushaima and all political detainees.",0,crowd size=no report,1716235591
BHR12787,2024-05-09,2024,1,Demonstrations,Protests,Peaceful protest,Protesters (Bahrain),February 14 Youth Coalition,Protesters,,,,Protesters only,,48,Middle East,Bahrain,Southern,,,Jaw Prison,25.9916,50.6165,1,14 February Revolution Youth Coalition; ADHRB; Bahrain Alyoum; Bahrain Mirror,Other-National,"On 9 May 2024, families of political prisoners, including February 14 Youth Coalition, held a protest stand in front of Jaw Prison (Southern) demanding that the prison administration stop the practice of starvation by reducing the quantity of food in the meals for the protesting prisoners in the purpose of breaking their sit-in. They also demanded the release of political detainees.",0,crowd size=no report,1716235591
BHR12789,2024-05-10,2024,1,Demonstrations,Protests,Peaceful protest,Protesters (Bahrain),February 14 Youth Coalition,Protesters,,,,Protesters only,,48,Middle East,Bahrain,Capital,,,Al Maamir,26.1333,50.6086,1,14 February Revolution Youth Coalition; ADHRB; Bahrain Alyoum,Other-National,"On 10 May 2024, families of political prisoners, including February 14 Youth Coalition, held a large protest in Al Maamir (Capital) demanding the release of political detainees.",0,crowd size=large,1716235591
BHR12792,2024-05-10,2024,1,Demonstrations,Protests,Peaceful protest,Protesters (Bahrain),February 14 Youth Coalition; Muslim Group (Bahrain),Protesters,,,,Protesters only,,48,Middle East,Bahrain,Northern,,,Al Diraz,26.2181,50.4706,1,14 February Revolution Youth Coalition; ADHRB; Bahrain Alyoum; LuaLua TV,Other-National,"On 10 May 2024, demonstrators, including February 14 Youth Coalition, held a large protest after Friday prayers inside the Al Imam Sadiq Mosque which was followed by a march from the mosque in Al Diraz (Northern) to show support for the Palestinian people and to denounce 'Israeli crimes' in the context of the latest round of violence in Israel-Palestine.",0,crowd size=large,1716235591
BHR12793,2024-05-10,2024,1,Demonstrations,Protests,Peaceful protest,Protesters (Bahrain),February 14 Youth Coalition,Protesters,,,,Protesters only,,48,Middle East,Bahrain,Northern,,,Al Malikiyah,26.098,50.4866,1,14 February Revolution Youth Coalition; ADHRB; Bahrain Alyoum,Other-National,"On 10 May 2024, demonstrators, including February 14 Youth Coalition, held a large protest march in Al Malikiyah (Northern) demanding the release of political detainees.",0,crowd size=large,1716235591
BHR12795,2024-05-03,2024,1,Demonstrations,Protests,Peaceful protest,Protesters (Bahrain),,Protesters,,,,Protesters only,,48,Middle East,Bahrain,Northern,,,Al Malikiyah,26.098,50.4866,1,ADHRB,National,"On 3 May 2024, the families of prisoners held a protest in Al Malikiyah (Northern) demanding the release of all political prisoners.",0,crowd size=no report,1716240615
BHR12796,2024-05-06,2024,1,Demonstrations,Protests,Peaceful protest,Protesters (Bahrain),,Protesters,,,,Protesters only,,48,Middle East,Bahrain,Capital,,,Sitrah,26.1547,50.6206,1,ADHRB,National,"On 6 May 2024, demonstrators held a protest in front of the police station in Sitrah (Capital) demanding the release of political detainees.",0,crowd size=no report,1716240615
BHR12798,2024-05-11,2024,1,Demonstrations,Protests,Peaceful protest,Protesters (Bahrain),,Protesters,,,,Protesters only,,48,Middle East,Bahrain,Northern,,,Al Malikiyah,26.098,50.4866,1,LuaLua TV,National,"On 11 May 2024, families of political detainees held a protest march in Al Malikiyah (Northern) demanding the release of political detainees.",0,crowd size=no report,1716240615
BHR12799,2024-05-12,2024,1,Demonstrations,Riots,Violent demonstration,Rioters (Bahrain),February 14 Youth Coalition,Rioters,,,,Rioters only,,48,Middle East,Bahrain,Capital,,,Al Akr,26.1431,50.6103,1,14 February Revolution Youth Coalition,Other,"On 12 May 2024, demonstrators, including February 14 Youth Coalition, set fires in Al Akr (Capital) as part of a demonstration in solidarity with political detainees.",0,crowd size=no report,1716240615
BHR12801,2024-05-12,2024,1,Demonstrations,Protests,Peaceful protest,Protesters (Bahrain),February 14 Youth Coalition,Protesters,,,,Protesters only,,48,Middle East,Bahrain,Northern,,,Al Malikiyah,26.098,50.4866,1,14 February Revolution Youth Coalition; Bahrain Alyoum,Other-National,"On 12 May 2024, the family of a detainee, including February 14 Youth Coalition, held a stand-in protest in Al Malikiyah (Northern) demanding the improvement of conditions inside the prisons and the release of all political detainees.",0,crowd size=no report,1716240615
BHR12805,2024-05-15,2024,1,Demonstrations,Protests,Peaceful protest,Protesters (Bahrain),February 14 Youth Coalition,Protesters,,,,Protesters only,,48,Middle East,Bahrain,Northern,,,Bu Quwa,26.2047,50.52,1,14 February Revolution Youth Coalition; LuaLua TV,Other-National,"On 15 May 2024, demonstrators, including February 14 Youth Coalition, held a protest in Bu Quwa (Northern) demanding the release of political detainees.",0,crowd size=no report,1716240615
BHR12807,2024-05-16,2024,1,Demonstrations,Riots,Violent demonstration,Rioters (Bahrain),February 14 Youth Coalition,Rioters,,,,Rioters only,,48,Middle East,Bahrain,Northern,,,Bu Quwa,26.2047,50.52,1,14 February Revolution Youth Coalition,Other,"On 16 May 2024, demonstrators, including February 14 Youth Coalition, set fires on February 14 Street in Bu Quwa (Northern) as a part of a demonstration demanding for the people's right to self-determination.",0,crowd size=no report,1716240615
BHR12808,2024-05-16,2024,1,Demonstrations,Riots,Violent demonstration,Rioters (Bahrain),February 14 Youth Coalition,Rioters,,,,Rioters only,,48,Middle East,Bahrain,Northern,,,Karzakkan,26.1156,50.4819,1,14 February Revolution Youth Coalition,Other,"On 16 May 2024, demonstrators, including February 14 Youth Coalition, blocked a road with burning tires in Karzakkan (Northern) as part of a demonstration demanding the release of political detainees.",0,crowd size=no report,1716240615
BHR12810,2024-05-17,2024,1,Demonstrations,Protests,Peaceful protest,Protesters (Bahrain),February 14 Youth Coalition,Protesters,,,,Protesters only,,48,Middle East,Bahrain,Capital,,,Al Maamir,26.1333,50.6086,1,14 February Revolution Youth Coalition; Bahrain Alyoum,Other-National,"On 17 May 2024, demonstrators, including February 14 Youth Coalition, held a protest in Al Maamir (Capital) demanding the release of political detainees.",0,crowd size=no report,1716240615
BHR12811,2024-05-17,2024,1,Demonstrations,Riots,Violent demonstration,Rioters (Bahrain),February 14 Youth Coalition,Rioters,,,,Rioters only,,48,Middle East,Bahrain,Capital,,,Sitrah,26.1547,50.6206,1,14 February Revolution Youth Coalition,Other,"On 17 May 2024, demonstrators, including February 14 Youth Coalition, blocked the road with burning tires in Sitrah (Capital) as part of a demonstration tribute to 'martyr' Ali Faisal who died in anti-regime demonstrations in 2014.",0,crowd size=no report,1716240615
BHR12815,2024-05-17,2024,1,Demonstrations,Riots,Violent demonstration,Rioters (Bahrain),February 14 Youth Coalition,Rioters,,,,Rioters only,,48,Middle East,Bahrain,Southern,,,Nuwaidrat,26.1347,50.5975,1,14 February Revolution Youth Coalition,Other,"On 17 May 2024, demonstrators, including February 14 Youth Coalition, blocked the road with burning tires in Nuwaidrat (Southern) as part of a demonstration tribute to 'martyr' Ali Faisal who died in anti-regime demonstrations in 2014.",0,crowd size=no report,1716240615
BHR12803,2024-05-14,2024,1,Demonstrations,Protests,Peaceful protest,Protesters (Bahrain),February 14 Youth Coalition,Protesters,,,,Protesters only,,48,Middle East,Bahrain,Capital,,,Al Maamir,26.1333,50.6086,1,14 February Revolution Youth Coalition; ADHRB; Bahrain Alyoum; LuaLua TV,Other-National,"On 14 May 2024, demonstrators, including February 14 Youth Coalition, held a large protest in Al Maamir (Capital) as part of a demonstration demanding the release of political detainees.",0,crowd size=large,1716847079
BHR12813,2024-05-17,2024,1,Demonstrations,Protests,Peaceful protest,Protesters (Bahrain),February 14 Youth Coalition,Protesters,,,,Protesters only,,48,Middle East,Bahrain,Northern,,,Al Diraz,26.2181,50.4706,1,14 February Revolution Youth Coalition; ADHRB; Bahrain Alyoum; Bahrain Mirror,Other-National,"On 17 May 2024, demonstrators, including February 14 Youth Coalition, held a large protest after Friday prayers in Al Diraz (Northern) to show support for the Palestinian people and to denounce 'Israeli crimes' in the context of the latest round of violence in Israel-Palestine.",0,crowd size=large,1716847079
BHR12725,2024-04-21,2024,1,Demonstrations,Riots,Violent demonstration,Rioters (Bahrain),February 14 Youth Coalition,Rioters,Police Forces of Bahrain (1999-),,State forces,State forces-Rioters,,48,Middle East,Bahrain,Capital,,,Sitrah,26.1547,50.6206,1,14 February Revolution Youth Coalition,Other,"On 21 April 2024, demonstrators, including February 14 Youth Coalition, threw fireworks projectiles at Bahraini police forces by the police station in Sitrah (Capital) in honor of the death of a 'martyr'.",0,crowd size=no report,1716847080
BHR12665,2024-04-05,2024,1,Demonstrations,Riots,Violent demonstration,Rioters (Bahrain),February 14 Youth Coalition,Rioters,,,,Rioters only,,48,Middle East,Bahrain,Northern,,,Barbar,26.2294,50.4806,1,14 February Revolution Youth Coalition,Other,"On 5 April 2024, demonstrators, including February 14 Youth Coalition, blocked a road with burning tires in Barbar (Northern) as part of a demonstration in solidarity with political prisoners and to denounce the normalization of diplomatic ties with Israel for International Quds Day.",0,crowd size=no report,1716847080
BHR12649,2024-04-04,2024,1,Demonstrations,Riots,Violent demonstration,Rioters (Bahrain),February 14 Youth Coalition,Rioters,Police Forces of Bahrain (1999-),,State forces,State forces-Rioters,,48,Middle East,Bahrain,Northern,,,Bani Jamrah,26.2097,50.4597,1,14 February Revolution Youth Coalition; Bahrain Alyoum; Bahrain Mirror,Other-National,"On 4 April 2024, demonstrators, including February 14 Youth Coalition, blocked a road with burning tires in Bani Jamrah (Northern) as part of a demonstration to denounce the normalization of diplomatic ties with Israel on the occasion of International Quds Day. Security forces intervened to disperse the demonstrators and assaulted them using poisonous gases and sound bombs.",0,crowd size=no report,1716847080
BHR12816,2024-05-18,2024,1,Demonstrations,Protests,Peaceful protest,Protesters (Bahrain),February 14 Youth Coalition,Protesters,,,,Protesters only,,48,Middle East,Bahrain,Capital,,,Al Maamir,26.1333,50.6086,1,14 February Revolution Youth Coalition; LuaLua TV,Other-National,"On 18 May 2024, demonstrators, including February 14 Youth Coalition, held a protest in Al Maamir (Capital) demanding the release of political detainees.",0,crowd size=no report,1716850475
BHR12818,2024-05-18,2024,1,Demonstrations,Protests,Peaceful protest,Protesters (Bahrain),February 14 Youth Coalition,Protesters,,,,Protesters only,,48,Middle East,Bahrain,Capital,,,Sitrah,26.1547,50.6206,1,14 February Revolution Youth Coalition; LuaLua TV,Other-National,"On 18 May 2024, demonstrators, including February 14 Youth Coalition, held a protest in front of the police station in Sitrah (Capital) demanding the release of political detainees.",0,crowd size=no report,1716850475
BHR12826,2024-05-20,2024,1,Demonstrations,Riots,Violent demonstration,Rioters (Bahrain),February 14 Youth Coalition,Rioters,,,,Rioters only,,48,Middle East,Bahrain,Capital,,,Al Akr,26.1431,50.6103,1,14 February Revolution Youth Coalition,Other,"On 20 May 2024, demonstrators, including February 14 Youth Coalition, set fires in Al Akr (Capital) as part of a demonstration in solidarity with political detainees.",0,crowd size=no report,1716850475
BHR12828,2024-05-20,2024,1,Demonstrations,Protests,Peaceful protest,Protesters (Bahrain),,Protesters,,,,Protesters only,,48,Middle East,Bahrain,Northern,,,Karzakkan,26.1156,50.4819,1,ADHRB; Bahrain Alyoum,National,"On 20 May 2024, demonstrators held a protest in Karzakkan (Northern) demanding the release of political detainees. The police forces were also deployed in the area.",0,crowd size=no report,1716850475
BHR12829,2024-05-21,2024,1,Demonstrations,Protests,Peaceful protest,Protesters (Bahrain),,Protesters,,,,Protesters only,,48,Middle East,Bahrain,Capital,,,Al Maamir,26.1333,50.6086,1,Bahrain Alyoum,National,"On 21 May 2024, demonstrators held a protest in Al Maamir (Capital) demanding the release of political detainees.",0,crowd size=no report,1716850475
BHR12822,2024-05-24,2024,1,Demonstrations,Protests,Peaceful protest,Protesters (Bahrain),February 14 Youth Coalition,Protesters,,,,Protesters only,,48,Middle East,Bahrain,Capital,,,Al Maamir,26.1333,50.6086,1,14 February Revolution Youth Coalition; ADHRB; LuaLua TV,Other-National,"On 24 May 2024, demonstrators, including February 14 Youth Coalition, held a protest in Al Maamir (Capital) to commemorate the 7th anniversary of the 5 'martyrs' during the May 2017 Bahraini demonstration in Al Diraz.",0,crowd size=no report,1719269382
BHR12820,2024-05-22,2024,1,Demonstrations,Protests,Peaceful protest,Protesters (Bahrain),February 14 Youth Coalition,Protesters,,,,Protesters only,,48,Middle East,Bahrain,Capital,,,Sitrah,26.1547,50.6206,1,14 February Revolution Youth Coalition; ADHRB; Bahrain Alyoum,Other-National,"On 22 May 2024, demonstrators, including February 14 Youth Coalition, held a protest in Sitrah (Capital) to commemorate the 7th anniversary of the 5 'martyrs' during the May 2017 Bahraini demonstration in Al Diraz.",0,crowd size=no report,1719269382
BHR12821,2024-05-23,2024,1,Demonstrations,Protests,Peaceful protest,Protesters (Bahrain),February 14 Youth Coalition,Protesters,,,,Protesters only,,48,Middle East,Bahrain,Northern,,,Al Diraz,26.2181,50.4706,1,14 February Revolution Youth Coalition; ADHRB; Bahrain Alyoum; Bahrain Mirror; LuaLua TV,Other-National,"On 23 May 2024, demonstrators, including February 14 Youth Coalition, held a large protest march in Al Diraz (Northern) to commemorate the 7th anniversary of the 5 'martyrs' during the May 2017 Bahraini demonstration in Al Diraz.",0,crowd size=large,1719269382
BHR12825,2024-05-24,2024,1,Demonstrations,Protests,Peaceful protest,Protesters (Bahrain),February 14 Youth Coalition; Muslim Group (Bahrain),Protesters,,,,Protesters only,,48,Middle East,Bahrain,Northern,,,Al Diraz,26.2181,50.4706,1,14 February Revolution Youth Coalition; ADHRB; Bahrain Alyoum; Bahrain Mirror; LuaLua TV,Other-National,"On 24 May 2024, demonstrators, including February 14 Youth Coalition, held a large protest after Friday prayers inside the Al Imam Sadiq Mosque which was followed by a march from the mosque in Al Diraz (Northern) to show support for the Palestinian people and to denounce 'Israeli crimes' in the context of the latest round of violence in Israel-Palestine.",0,crowd size=large,1719269382
BHR12823,2024-05-24,2024,1,Demonstrations,Protests,Peaceful protest,Protesters (Bahrain),February 14 Youth Coalition,Protesters,,,,Protesters only,,48,Middle East,Bahrain,Northern,,,Al Malikiyah,26.098,50.4866,1,14 February Revolution Youth Coalition; LuaLua TV,Other-National,"On 24 May 2024, demonstrators, including February 14 Youth Coalition, held a protest in Al Malikiyah (Northern) to commemorate the 7th anniversary of the 5 'martyrs' during the May 2017 Bahraini demonstration in Al Diraz.",0,crowd size=no report,1719269382
BHR12824,2024-05-24,2024,1,Demonstrations,Protests,Peaceful protest,Protesters (Bahrain),February 14 Youth Coalition,Protesters,,,,Protesters only,,48,Middle East,Bahrain,Northern,,,Sar,26.1942,50.4819,1,14 February Revolution Youth Coalition; LuaLua TV,Other-National,"On 24 May 2024, demonstrators, including February 14 Youth Coalition, held a protest in Sar (Northern) to commemorate the 7th anniversary of the 5 'martyrs' during the May 2017 Bahraini demonstration in Al Diraz.",0,crowd size=no report,1719269382
BHR12841,2024-06-21,2024,1,Demonstrations,Protests,Peaceful protest,Protesters (Bahrain),February 14 Youth Coalition; Muslim Group (Bahrain),Protesters,,,,Protesters only,,48,Middle East,Bahrain,Northern,,,Al Diraz,26.2181,50.4706,1,14 February Revolution Youth Coalition; Bahrain Alyoum; LuaLua TV,Other-National,"On 21 June 2024, demonstrators, including February 14 Youth Coalition, held a large protest after Friday prayers inside the Al Imam Sadiq Mosque which was followed by a march from the mosque in Al Diraz (Northern) to show support for the Palestinian people and to denounce 'Israeli crimes' in the context of the latest round of violence in Gaza. Demonstrators also called for cutting diplomatic ties with Israel.",0,crowd size=large,1719274351
BHR12843,2024-06-21,2024,1,Demonstrations,Protests,Peaceful protest,Protesters (Bahrain),Women (Bahrain),Protesters,,,,Protesters only,,48,Middle East,Bahrain,Northern,,,Demistan,26.1264,50.4811,1,Bahrain Alyoum,National,"On 21 June 2024, women demonstrators held a protest in Demistan (Northern) demanding the release of political detainees.",0,crowd size=no report,1719274351
BHR12837,2024-06-20,2024,1,Demonstrations,Protests,Peaceful protest,Protesters (Bahrain),February 14 Youth Coalition,Protesters,,,,Protesters only,,48,Middle East,Bahrain,Capital,,,Al Maamir,26.1333,50.6086,1,14 February Revolution Youth Coalition; Bahrain Alyoum,Other-National,"On 20 June 2024, demonstrators, including February 14 Youth Coalition, held a protest in Al Maamir (Capital) demanding the release of political detainees.",0,crowd size=no report,1719274351
BHR12839,2024-06-20,2024,1,Demonstrations,Riots,Violent demonstration,Rioters (Bahrain),February 14 Youth Coalition,Rioters,,,,Rioters only,,48,Middle East,Bahrain,Northern,,,Al Malikiyah,26.098,50.4866,1,14 February Revolution Youth Coalition,Other,"On 20 June 2024, demonstrators, including February 14 Youth Coalition, blocked a road with burning tires in Al Malikiyah (Northern) as part of a demonstration demanding the release of the political prisoners and to denounce the normalization of diplomatic ties with Israel.",0,crowd size=no report,1719274351
BHR12833,2024-06-14,2024,1,Demonstrations,Protests,Peaceful protest,Protesters (Bahrain),February 14 Youth Coalition; Muslim Group (Bahrain),Protesters,,,,Protesters only,,48,Middle East,Bahrain,Northern,,,Al Diraz,26.2181,50.4706,1,14 February Revolution Youth Coalition; ADHRB; Bahrain Alyoum; LuaLua TV,Other-National,"On 14 June 2024, demonstrators, including February 14 Youth Coalition, held a large protest after Friday prayers inside the Al Imam Sadiq Mosque which was followed by a march from the mosque in Al Diraz (Northern) to show support for the Palestinian people and to denounce 'Israeli crimes' in the context of the latest round of violence in Gaza.",0,crowd size=large,1719274354
BHR12868,2024-06-14,2024,1,Demonstrations,Protests,Peaceful protest,Protesters (Bahrain),February 14 Youth Coalition,Protesters,,,,Protesters only,,48,Middle East,Bahrain,Northern,,,Abu Saybi,26.2175,50.5069,1,14 February Revolution Youth Coalition; Bahrain Alyoum,Other-National,"On 14 June 2024, demonstrators, including February 14 Youth Coalition, held a protest in Abu Saybi (Northern) demanding the release of political detainees.",0,crowd size=no report,1719274354
BHR12864,2024-06-12,2024,1,Demonstrations,Protests,Peaceful protest,Protesters (Bahrain),February 14 Youth Coalition,Protesters,,,,Protesters only,,48,Middle East,Bahrain,Capital,,,Sitrah,26.1547,50.6206,1,14 February Revolution Youth Coalition; ADHRB,Other-National,"On 12 June 2024, demonstrators, including February 14 Youth Coalition, held a protest in front of the police station in Sitrah (Capital) demanding the release of political detainees. Police forces surrounded the demonstrators.",0,crowd size=no report,1719274355
BHR12831,2024-06-10,2024,1,Demonstrations,Protests,Protest with intervention,Protesters (Bahrain),February 14 Youth Coalition,Protesters,Police Forces of Bahrain (1999-),,State forces,State forces-Protesters,,48,Middle East,Bahrain,Capital,,,Sitrah,26.1547,50.6206,1,14 February Revolution Youth Coalition; ADHRB; Bahrain Alyoum; Bahrain Mirror,Other-National,"On 10 June 2024, demonstrators, including February 14 Youth Coalition, held a protest in front of the police station in Sitrah (Capital) demanding the release of political detainees. The police forces surrounded the demonstrators and arrested 30.",0,crowd size=no report,1753969827
BHR12873,2024-06-09,2024,1,Demonstrations,Protests,Peaceful protest,Protesters (Bahrain),February 14 Youth Coalition,Protesters,,,,Protesters only,,48,Middle East,Bahrain,Northern,,,Al Diraz,26.2181,50.4706,1,14 February Revolution Youth Coalition; Bahrain Alyoum,Other-National,"On 9 June 2024, demonstrators, including February 14 Youth Coalition, held a large protest in Al Diraz (Northern) in solidarity with the Palestinian people and to denounce 'Israeli crimes' in Nusayrat.",0,crowd size=large,1719274357
BHR12875,2024-06-09,2024,1,Demonstrations,Riots,Violent demonstration,Rioters (Bahrain),February 14 Youth Coalition,Rioters,,,,Rioters only,,48,Middle East,Bahrain,Northern,,,Al Malikiyah,26.098,50.4866,1,14 February Revolution Youth Coalition,Other,"On 9 June 2024, demonstrators, including February 14 Youth Coalition, blocked the road with burning tires in Al Malikiyah (Northern) as part of a demonstration to denounce security deployments to prevent demonstrations from taking place. They also demanded the release of political detainees.",0,crowd size=no report,1719274357
BHR12880,2024-06-09,2024,1,Demonstrations,Riots,Violent demonstration,Rioters (Bahrain),February 14 Youth Coalition; Prisoners (Bahrain),Rioters,Police Forces of Bahrain (1999-) Prison Guards,,State forces,State forces-Rioters,,48,Middle East,Bahrain,Southern,,,Jaw Prison,25.9916,50.6165,1,14 February Revolution Youth Coalition; ADHRB; Bahrain Alyoum; Bahrain Mirror; LuaLua TV,Other-National,"On 9 June 2024, prisoners holding a sit-in in Building 6 of Jaw Prison (Southern) to demand the release of political detainees clashed with prison guards who came to disperse the sit-in. The skirmishes took place after the prison guards assaulted the prisoners resulting in several injuries.",0,crowd size=no report,1719274357
BHR12881,2024-06-09,2024,1,Demonstrations,Riots,Violent demonstration,Rioters (Bahrain),February 14 Youth Coalition,Rioters,,,,Rioters only,,48,Middle East,Bahrain,Southern,,,Nuwaidrat,26.1347,50.5975,1,14 February Revolution Youth Coalition,Other,"On 9 June 2024, demonstrators, including February 14 Youth Coalition, blocked the road with burning tires in Nuwaidrat (Southern) as part of a demonstration in solidarity with political detainees and demanding the release of political detainees.",0,crowd size=no report,1719274357
BHR12867,2024-06-08,2024,1,Demonstrations,Protests,Protest with intervention,Protesters (Bahrain),,Protesters,Police Forces of Bahrain (1999-),,State forces,State forces-Protesters,,48,Middle East,Bahrain,Northern,,,Abu Saybi,26.2175,50.5069,1,Bahrain Mirror,National,"On 8 June 2024, demonstrators held a protest in Abu Saybi (Northern) to show support for the Palestinian people in Gaza during which they also chanted slogans of 'Death to Israel'. Police forces intervened to suppress the demonstration using tear gas canisters and arrested some of the demonstrators.",0,crowd size=no report,1753969827
BHR12871,2024-06-07,2024,1,Demonstrations,Protests,Peaceful protest,Protesters (Bahrain),February 14 Youth Coalition; Muslim Group (Bahrain),Protesters,,,,Protesters only,,48,Middle East,Bahrain,Northern,,,Al Diraz,26.2181,50.4706,1,14 February Revolution Youth Coalition; LuaLua TV,Other-National,"On 7 June 2024, demonstrators, including February 14 Youth Coalition, held a large protest after Friday prayers inside the Al Imam Sadiq Mosque which was followed by a march from the mosque in Al Diraz (Northern) to show support for the Palestinian people and to denounce 'Israeli crimes' in the context of the latest round of violence in Israel-Palestine.",0,crowd size=large,1719274358
BHR12872,2024-06-07,2024,1,Demonstrations,Protests,Peaceful protest,Protesters (Bahrain),Shiite Muslim Group (Bahrain),Protesters,,,,Protesters only,,48,Middle East,Bahrain,Northern,,,Al Diraz,26.2181,50.4706,1,ADHRB,National,"On 7 June 2024, demonstrators held a protest in Al Diraz (Northern) condemning the 'sectarian persecution' against Shiite Bahrainis by the government including the imposition of restrictions to visit the shrines of Shiite imams in Iraq. The demonstrators also demanded the release of all prisoners.",0,crowd size=no report,1719274358
BHR12877,2024-06-07,2024,1,Demonstrations,Protests,Peaceful protest,Protesters (Bahrain),February 14 Youth Coalition; Women (Bahrain),Protesters,,,,Protesters only,,48,Middle East,Bahrain,Northern,,,Demistan,26.1264,50.4811,1,14 February Revolution Youth Coalition; Bahrain Alyoum,Other-National,"On 7 June 2024, women demonstrators, including February 14 Youth Coalition, held a protest in Demistan (Northern) demanding the release of political detainees.",0,crowd size=no report,1719274358
BHR12879,2024-06-07,2024,1,Demonstrations,Protests,Peaceful protest,Protesters (Bahrain),Bahraini Society Against Normalisation with Zionist Enemy,Protesters,,,,Protesters only,,48,Middle East,Bahrain,Northern,,,Salmabad,26.1831,50.5247,1,Bahraini Society Against Normalisation with Zionist Enemy,Other,"On 7 June 2024, the Bahraini Society Against Normalization with Zionist Enemy held a protest march in Salmabad (Northern) in solidarity with the Palestinian people and to denounce the normalization of ties with Israel.",0,crowd size=no report,1719274358
BHR12863,2024-06-06,2024,1,Demonstrations,Protests,Peaceful protest,Protesters (Bahrain),February 14 Youth Coalition,Protesters,,,,Protesters only,,48,Middle East,Bahrain,Capital,,,Sitrah,26.1547,50.6206,1,14 February Revolution Youth Coalition; ADHRB,Other-National,"On 6 June 2024, demonstrators, including February 14 Youth Coalition, held a protest in Sitrah (Capital) following a condolence procession on the anniversary of the 'martyrdom' of Imam Al Jawad, demanding the release of all political prisoners and chanting slogans against Israel and the US.",0,crowd size=no report,1719274359
BHR12876,2024-06-06,2024,1,Demonstrations,Protests,Peaceful protest,Protesters (Bahrain),February 14 Youth Coalition,Protesters,,,,Protesters only,,48,Middle East,Bahrain,Northern,,,Al Markh,26.2103,50.4733,1,14 February Revolution Youth Coalition,Other,"On 6 June 2024, demonstrators, including February 14 Youth Coalition, held a protest march in Al Markh (Northern) demanding the release of political detainees and in solidarity with the Palestinian people.",0,crowd size=no report,1719274359
BHR12862,2024-06-04,2024,1,Demonstrations,Protests,Peaceful protest,Protesters (Bahrain),February 14 Youth Coalition,Protesters,,,,Protesters only,,48,Middle East,Bahrain,Capital,,,Sitrah,26.1547,50.6206,1,14 February Revolution Youth Coalition; ADHRB; LuaLua TV,Other-National,"On 4 June 2024, families of political detainees, including February 14 Youth Coalition, held a protest in front of the police station in Sitrah (Capital) demanding the release of political detainees.",0,crowd size=no report,1719274360
BHR12845,2024-06-01,2024,1,Demonstrations,Protests,Peaceful protest,Protesters (Bahrain),February 14 Youth Coalition,Protesters,,,,Protesters only,,48,Middle East,Bahrain,Capital,,,Al Maamir,26.1333,50.6086,1,14 February Revolution Youth Coalition,Other,"On 1 June 2024, demonstrators, including February 14 Youth Coalition, held a large protest in Al Maamir (Capital) demanding the release of political detainees.",0,crowd size=large,1719274362
BHR12870,2024-05-31,2024,1,Demonstrations,Protests,Peaceful protest,Protesters (Bahrain),February 14 Youth Coalition; Muslim Group (Bahrain),Protesters,,,,Protesters only,,48,Middle East,Bahrain,Northern,,,Al Diraz,26.2181,50.4706,1,14 February Revolution Youth Coalition; ADHRB; Bahrain Alyoum; Bahraini Society Against Normalisation with Zionist Enemy; LuaLua TV,Other-National,"On 31 May 2024, demonstrators, including February 14 Youth Coalition, held a large protest after Friday prayers inside the Al Imam Sadiq Mosque which was followed by a march from the mosque in Al Diraz (Northern) to show support for the Palestinian people and to denounce 'Israeli crimes' in the context of the latest round of violence in Rafah.",0,crowd size=large,1719274363
BHR12874,2024-05-31,2024,1,Demonstrations,Riots,Violent demonstration,Rioters (Bahrain),February 14 Youth Coalition,Rioters,,,,Rioters only,,48,Middle East,Bahrain,Northern,,,Al Malikiyah,26.098,50.4866,1,14 February Revolution Youth Coalition,Other,"On 31 May 2024, demonstrators, including February 14 Youth Coalition, set fires in Al Malikiyah (Northern) as part of a demonstration tribute to 'martyrs' Sadiq Thamer and Jaafar Sultan who were executed by the Saudi regime in May 2023.",0,crowd size=no report,1719274363
BHR12878,2024-05-31,2024,1,Demonstrations,Protests,Peaceful protest,Protesters (Bahrain),Bahraini Society Against Normalisation with Zionist Enemy,Protesters,,,,Protesters only,,48,Middle East,Bahrain,Northern,,,Salmabad,26.1831,50.5247,1,Bahraini Society Against Normalisation with Zionist Enemy,Other,"On 31 May 2024, the Bahraini Society Against Normalization with Zionist Enemy held a protest in Salmabad (Northern) in solidarity with the Palestinian people and to denounce the Israeli 'crimes' in the context of the latest round of violence in Rafah. They also denounced the normalization of diplomatic ties with Israel.",0,crowd size=no report,1719274363
BHR12844,2024-05-27,2024,1,Demonstrations,Riots,Violent demonstration,Rioters (Bahrain),February 14 Youth Coalition,Rioters,,,,Rioters only,,48,Middle East,Bahrain,Capital,,,Al Akr,26.1431,50.6103,1,14 February Revolution Youth Coalition,Other,"On 27 May 2024, demonstrators, including February 14 Youth Coalition, set fires and blocked a road in Al Akr (Capital) as part of a demonstration tribute to 'martyr' Omran Sharaf who died in prison in April 2024.",0,crowd size=no report,1719274366
BHR12869,2024-05-27,2024,1,Demonstrations,Riots,Violent demonstration,Rioters (Bahrain),February 14 Youth Coalition,Rioters,,,,Rioters only,,48,Middle East,Bahrain,Northern,,,Al Diraz,26.2181,50.4706,1,14 February Revolution Youth Coalition,Other,"On 27 May 2024, demonstrators, including February 14 Youth Coalition, blocked the road with burning tires in Al Diraz (Northern) as part of a demonstration in solidarity with the Palestinian people and to denounce the normalization of diplomatic ties with Israel.",0,crowd size=no report,1719274366
BHR12760,2024-04-29,2024,1,Demonstrations,Protests,Protest with intervention,Protesters (Bahrain),February 14 Youth Coalition; Prisoners (Bahrain),Protesters,Police Forces of Bahrain (1999-) Prison Guards,,State forces,State forces-Protesters,,48,Middle East,Bahrain,Southern,,,Jaw Prison,25.9916,50.6165,1,14 February Revolution Youth Coalition; ADHRB; Bahrain Alyoum; LuaLua TV,Other-National,"On 29 April 2024, prisoners of Ward 3 of Building 5, including February 14 Youth Coalition, held a sit-in in the corridor of in Jaw Prison (Southern) against the 'discrimination and repression' of the prison administration and to demand their release. Bahraini prison security forces used pepper spray to suppress the sit-in.",0,crowd size=no report,1753969827
BHR12883,2024-06-23,2024,1,Demonstrations,Protests,Peaceful protest,Protesters (Bahrain),Farmers (Bahrain),Protesters,,,,Protesters only,,48,Middle East,Bahrain,Capital,,,Sitrah,26.1547,50.6206,1,Bahrain Mirror,National,"On 23 June 2024, livestock farmers protested in front of the Bahrain Mills Company headquarters in Sitrah (Capital) against the decision to raise feed prices by 100 percent.",0,crowd size=no report,1719876446
BHR12884,2024-06-23,2024,1,Demonstrations,Riots,Violent demonstration,Rioters (Bahrain),February 14 Youth Coalition,Rioters,,,,Rioters only,,48,Middle East,Bahrain,Capital,,,Sitrah,26.1547,50.6206,1,14 February Revolution Youth Coalition,Other,"On 23 June 2024, demonstrators, including February 14 Youth Coalition, blocked a road and threw fireworks at the street in Sitrah (Capital) as part of a demonstration demanding the release of the political prisoners.",0,crowd size=no report,1719876446
BHR12891,2024-06-29,2024,1,Demonstrations,Riots,Violent demonstration,Rioters (Bahrain),February 14 Youth Coalition,Rioters,,,,Rioters only,,48,Middle East,Bahrain,Capital,,,Nabih Saleh,26.183,50.585,1,14 February Revolution Youth Coalition,Other,"On 29 June 2024, demonstrators, including February 14 Youth Coalition, blocked a street with burning tires in Nabih Saleh (Capital) as a part of a demonstration to denounce the normalization with Israel and demand the release of all political prisoners.",0,crowd size=no report,1720481985
BHR12892,2024-06-29,2024,1,Demonstrations,Riots,Violent demonstration,Rioters (Bahrain),February 14 Youth Coalition,Rioters,,,,Rioters only,,48,Middle East,Bahrain,Northern,,,Karzakkan,26.1156,50.4819,1,14 February Revolution Youth Coalition,Other,"On 29 June 2024, demonstrators, including February 14 Youth Coalition, blocked a street with burning tires in Karzakkan (Northern) as a part of a demonstration to demand the release of all political prisoners.",0,crowd size=no report,1720481985
BHR12897,2024-07-05,2024,1,Demonstrations,Riots,Violent demonstration,Rioters (Bahrain),February 14 Youth Coalition,Rioters,,,,Rioters only,,48,Middle East,Bahrain,Capital,,,Sitrah,26.1547,50.6206,1,14 February Revolution Youth Coalition,Other,"On 5 July 2024, demonstrators, including February 14 Youth Coalition, blocked a road with burning tires in Sitrah (Capital) as a part of a demonstration in solidarity with the political prisoners in Jaw prison and demand the release of them.",0,crowd size=no report,1720481985
BHR12842,2024-06-21,2024,1,Demonstrations,Protests,Peaceful protest,Protesters (Bahrain),February 14 Youth Coalition,Protesters,,,,Protesters only,,48,Middle East,Bahrain,Northern,,,Al Markh,26.2103,50.4733,1,14 February Revolution Youth Coalition; ADHRB,Other-National,"On 21 June 2024, demonstrators, including February 14 Youth Coalition, held a protest Al Markh (Northern) in solidarity with the Palestinian people in the context of the latest round of violence in Gaza and demanding the release of all political prisoners.",0,crowd size=no report,1721081243
BHR12888,2024-06-28,2024,1,Demonstrations,Protests,Peaceful protest,Protesters (Bahrain),February 14 Youth Coalition; Muslim Group (Bahrain),Protesters,,,,Protesters only,,48,Middle East,Bahrain,Northern,,,Al Diraz,26.2181,50.4706,1,14 February Revolution Youth Coalition; ADHRB; Bahrain Alyoum,Other-National,"On 28 June 2024, demonstrators, including February 14 Youth Coalition, held a large protest after Friday prayers inside the Al Imam Sadiq Mosque which was followed by a march from the mosque in Al Diraz (Northern) to show support for the Palestinian people and to denounce 'Israeli crimes' in the context of the latest round of violence in Gaza. Demonstrators also called for cutting diplomatic ties with Israel and the release of the political prisoners.",0,crowd size=large,1721081243
BHR12889,2024-06-28,2024,1,Demonstrations,Protests,Peaceful protest,Protesters (Bahrain),Bahraini Society Against Normalisation with Zionist Enemy,Protesters,,,,Protesters only,,48,Middle East,Bahrain,Northern,,,Salmabad,26.1831,50.5247,1,ADHRB; Bahraini Society Against Normalisation with Zionist Enemy,Other-National,"On 28 June 2024, the Bahraini Society Against Normalization with Zionist Enemy held a large protest march in Salmabad (Northern) in solidarity with the Palestinian people and to denounce the normalization of ties with Israel.",0,crowd size=large,1721081243
BHR12894,2024-07-03,2024,1,Demonstrations,Riots,Violent demonstration,Rioters (Bahrain),February 14 Youth Coalition,Rioters,,,,Rioters only,,48,Middle East,Bahrain,Northern,,,Abu Saybi,26.2175,50.5069,1,14 February Revolution Youth Coalition; ADHRB,Other-National,"On 3 July 2024, demonstrators, including February 14 Youth Coalition, blocked a street with burning tires in Abu Saybi (Northern) as a part of a demonstration to denounce the prison administration's treatment of prisoners and demand the release of all political prisoners.",0,crowd size=no report,1721081243
BHR12895,2024-07-03,2024,1,Demonstrations,Protests,Peaceful protest,Protesters (Bahrain),February 14 Youth Coalition,Protesters,,,,Protesters only,,48,Middle East,Bahrain,Northern,,,Barbar,26.2294,50.4806,1,14 February Revolution Youth Coalition; ADHRB; Bahrain Alyoum,Other-National,"On 3 July 2024, demonstrators, including February 14 Youth Coalition, held a protest in Barbar (Northern) in solidarity with Gaza and demanding the release of all political prisoners.",0,crowd size=no report,1721081243
BHR12906,2024-07-09,2024,1,Demonstrations,Protests,Peaceful protest,Protesters (Bahrain),,Protesters,,,,Protesters only,,48,Middle East,Bahrain,Capital,,,Sitrah,26.1547,50.6206,1,ADHRB,National,"On 9 July 2024, demonstrators held a protest in Sitrah (Capital) in solidarity with political prisoners.",0,crowd size=no report,1721086470
BHR12902,2024-07-07,2024,1,Demonstrations,Riots,Violent demonstration,Rioters (Bahrain),February 14 Youth Coalition,Rioters,Police Forces of Bahrain (1999-),,State forces,State forces-Rioters,,48,Middle East,Bahrain,Capital,,,Sitrah,26.1547,50.6206,1,14 February Revolution Youth Coalition,Other,"On 7 July 2024, demonstrators, including February 14 Youth Coalition, threw projectiles at police forces in Sitrah (Capital) as a part of demonstration in solidarity with political prisoners in Jaw prison.",0,crowd size=no report,1721086472
BHR12903,2024-06-25,2024,1,Demonstrations,Protests,Peaceful protest,Protesters (Bahrain),Prisoners (Bahrain),Protesters,,,,Protesters only,,48,Middle East,Bahrain,Southern,,,Jaw,25.9986,50.6167,1,ADHRB,National,"On 25 June 2024, prisoners organized a protest march inside Jaw prison (southern) in solidarity with the Palestinian people in the context of the latest round of violence in Gaza.",0,crowd size=no report,1721086473
BHR12886,2024-06-26,2024,1,Demonstrations,Protests,Peaceful protest,Protesters (Bahrain),February 14 Youth Coalition,Protesters,,,,Protesters only,,48,Middle East,Bahrain,Northern,,,Al Malikiyah,26.098,50.4866,1,14 February Revolution Youth Coalition; ADHRB,Other-National,"On 26 June 2024, demonstrators, including February 14 Youth Coalition, held a protest march in Al Malikiyah (Northern) to demand the release of political prisoners.",0,crowd size=no report,1721686971
BHR12898,2024-07-01,2024,1,Demonstrations,Protests,Peaceful protest,Protesters (Bahrain),February 14 Youth Coalition,Protesters,,,,Protesters only,,48,Middle East,Bahrain,Northern,,,Al Diraz,26.2181,50.4706,1,14 February Revolution Youth Coalition; ADHRB,Other-National,"On 1 July 2024, demonstrators, including February 14 Youth Coalition, held a protest in Al Diraz (Northern) in solidarity with the Palestinian people in Gaza and demanding the release of political prisoners.",0,crowd size=no report,1721686971
BHR12901,2024-07-12,2024,1,Demonstrations,Protests,Peaceful protest,Protesters (Bahrain),February 14 Youth Coalition; Muslim Group (Bahrain),Protesters,,,,Protesters only,,48,Middle East,Bahrain,Northern,,,Al Diraz,26.2181,50.4706,1,14 February Revolution Youth Coalition; ADHRB; LuaLua TV,Other-National,"On 12 July 2024, demonstrators, including February 14 Youth Coalition, held a large protest after Friday prayers inside the Al Imam Sadiq Mosque which was followed by a march from the mosque in Al Diraz (Northern) to show support for the Palestinian people and to denounce 'Israeli crimes' in the context of the latest round of violence in Gaza. Demonstrators also called for cutting diplomatic ties with Israel and for the release of the political prisoners.",0,crowd size=large,1721686971
BHR12911,2024-07-19,2024,1,Demonstrations,Riots,Violent demonstration,Rioters (Bahrain),February 14 Youth Coalition,Rioters,,,,Rioters only,,48,Middle East,Bahrain,Capital,,,Al Akr,26.1431,50.6103,1,14 February Revolution Youth Coalition; LuaLua TV,Other-National,"On 19 July 2024, demonstrators, including February 14 Youth Coalition, blocked a road with burning tires in Al Akr (Capital) as a part of a demonstration in solidarity with the political prisoners and to demand their release, and to denounce normalization with Israel.",0,crowd size=no report,1721691313
BHR12918,2024-07-19,2024,1,Demonstrations,Protests,Peaceful protest,Protesters (Bahrain),February 14 Youth Coalition,Protesters,,,,Protesters only,,48,Middle East,Bahrain,Northern,,,Abu Saybi,26.2175,50.5069,1,14 February Revolution Youth Coalition; Bahrain Alyoum; LuaLua TV,Other-National,"On 19 July 2024, demonstrators, including February 14 Youth Coalition, held a protest in Abu Saybi (Northern) in solidarity with political prisoners and to demand their release.",0,crowd size=no report,1721691313
BHR12921,2024-07-19,2024,1,Demonstrations,Protests,Peaceful protest,Protesters (Bahrain),February 14 Youth Coalition,Protesters,,,,Protesters only,,48,Middle East,Bahrain,Northern,,,Ash Shakhurah,26.2147,50.5069,1,14 February Revolution Youth Coalition; Bahrain Alyoum; LuaLua TV,Other-National,"On 19 July 2024, demonstrators, including February 14 Youth Coalition, held a protest in Ash Shakhurah (Northern) in solidarity with political prisoners and to demand their release.",0,crowd size=no report,1721691313
BHR12923,2024-07-19,2024,1,Demonstrations,Protests,Peaceful protest,Protesters (Bahrain),,Protesters,,,,Protesters only,,48,Middle East,Bahrain,Northern,,,Barbar,26.2294,50.4806,1,Bahrain Alyoum; LuaLua TV,National,"On 19 July 2024, demonstrators held a protest in Barbar (Northern) in solidarity with political prisoners and to demand their release.",0,crowd size=no report,1721691313
BHR12926,2024-07-19,2024,1,Demonstrations,Protests,Peaceful protest,Protesters (Bahrain),,Protesters,,,,Protesters only,,48,Middle East,Bahrain,Northern,,,Karzakkan,26.1156,50.4819,1,Bahrain Alyoum; LuaLua TV,National,"On 19 July 2024, demonstrators held a protest in Karzakkan (Northern) in solidarity with political prisoners and to demand their release.",0,crowd size=no report,1721691313
BHR12927,2024-07-19,2024,1,Demonstrations,Protests,Peaceful protest,Protesters (Bahrain),February 14 Youth Coalition,Protesters,,,,Protesters only,,48,Middle East,Bahrain,Northern,,,Sar,26.1942,50.4819,1,14 February Revolution Youth Coalition; Bahrain Alyoum; LuaLua TV,Other-National,"On 19 July 2024, demonstrators, including February 14 Youth Coalition, held a protest in Sar (Northern) in solidarity with political prisoners and to demand their release.",0,crowd size=no report,1721691313
BHR12928,2024-07-19,2024,1,Demonstrations,Protests,Peaceful protest,Protesters (Bahrain),,Protesters,,,,Protesters only,,48,Middle East,Bahrain,Northern,,,Shahrakkan,26.0753,50.5014,1,LuaLua TV,National,"On 19 July 2024, demonstrators held a protest in Shahrakkan (Northern) in solidarity with political prisoners and to demand their release.",0,crowd size=no report,1721691313
BHR12910,2024-07-15,2024,1,Demonstrations,Protests,Peaceful protest,Protesters (Bahrain),,Protesters,,,,Protesters only,,48,Middle East,Bahrain,Northern,,,Bu Quwa,26.2047,50.52,1,ADHRB,National,"On 15 July 2024, demonstrators held a protest in Bu Quwa (Northern) denouncing 'Israeli crimes' in the context of the latest round of violence in Gaza and demanding the release of all prisoners.",0,crowd size=no report,1721691317
BHR12908,2024-07-13,2024,1,Strategic developments,Strategic developments,Other,Protesters (Bahrain),Prisoners (Bahrain),Protesters,,,,Protesters only,,48,Middle East,Bahrain,Southern,,,Jaw,25.9986,50.6167,1,14 February Revolution Youth Coalition,Other,"Strikes: On 13 July 2024, political detainees started a hunger strike in buildings 8 and 10 in Jaw prison (Southern) in response to the ongoing policy of starvation by the prison administration.",0,,1772498036
BHR12909,2024-07-13,2024,1,Demonstrations,Protests,Peaceful protest,Protesters (Bahrain),,Protesters,,,,Protesters only,,48,Middle East,Bahrain,Southern,,,Nuwaidrat,26.1347,50.5975,1,ADHRB,National,"On 13 July 2024, demonstrators held a protest in Nuwaidrat (Southern) in solidarity with the political prisoners.",0,crowd size=no report,1721691354
BHR12915,2024-07-19,2024,1,Demonstrations,Protests,Peaceful protest,Protesters (Bahrain),February 14 Youth Coalition,Protesters,,,,Protesters only,,48,Middle East,Bahrain,Capital,,,Sitrah,26.1547,50.6206,1,14 February Revolution Youth Coalition; ADHRB; Bahrain Alyoum; LuaLua TV,Other-National,"On 19 July 2024, demonstrators, including February 14 Youth Coalition, held a protest in Sitrah (Capital) in solidarity with political prisoners and to demand their release.",0,crowd size=no report,1722286399
BHR12913,2024-07-19,2024,1,Demonstrations,Protests,Peaceful protest,Protesters (Bahrain),,Protesters,,,,Protesters only,,48,Middle East,Bahrain,Capital,,,Al Maamir,26.1333,50.6086,1,ADHRB; Bahrain Alyoum; LuaLua TV,National,"On 19 July 2024, demonstrators held a protest in Al Maamir (Capital) in solidarity with political prisoners and to demand their release.",0,crowd size=no report,1722286399
BHR12917,2024-07-19,2024,1,Demonstrations,Protests,Peaceful protest,Protesters (Bahrain),February 14 Youth Coalition,Protesters,,,,Protesters only,,48,Middle East,Bahrain,Northern,,,Aali,26.1619,50.5164,1,14 February Revolution Youth Coalition; ADHRB; LuaLua TV,Other-National,"On 19 July 2024, demonstrators, including February 14 Youth Coalition, held a protest in Aali (Northern) in solidarity with political prisoners and to demand their release.",0,crowd size=no report,1722286399
BHR12920,2024-07-19,2024,1,Demonstrations,Protests,Peaceful protest,Protesters (Bahrain),February 14 Youth Coalition,Protesters,,,,Protesters only,,48,Middle East,Bahrain,Northern,,,Al Markh,26.2103,50.4733,1,14 February Revolution Youth Coalition; ADHRB; Bahrain Alyoum; LuaLua TV,Other-National,"On 19 July 2024, demonstrators, including February 14 Youth Coalition, held a protest in Al Markh (Northern) in solidarity with political prisoners and to demand their release.",0,crowd size=no report,1722286399
BHR12922,2024-07-19,2024,1,Demonstrations,Protests,Peaceful protest,Protesters (Bahrain),,Protesters,,,,Protesters only,,48,Middle East,Bahrain,Northern,,,Bani Jamrah,26.2097,50.4597,1,ADHRB; LuaLua TV,National,"On 19 July 2024, demonstrators held a protest in Bani Jamrah (Northern) in solidarity with political prisoners and to demand their release.",0,crowd size=no report,1722286399
BHR12924,2024-07-19,2024,1,Demonstrations,Protests,Peaceful protest,Protesters (Bahrain),,Protesters,,,,Protesters only,,48,Middle East,Bahrain,Northern,,,Demistan,26.1264,50.4811,1,ADHRB; Bahrain Alyoum,National,"On 19 July 2024, demonstrators held a protest in Demistan (Northern) in solidarity with political prisoners and to demand their release.",0,crowd size=no report,1722286399
BHR12932,2024-07-21,2024,1,Demonstrations,Riots,Violent demonstration,Rioters (Bahrain),February 14 Youth Coalition,Rioters,,,,Rioters only,,48,Middle East,Bahrain,Capital,,,Al Akr,26.1431,50.6103,1,14 February Revolution Youth Coalition,Other,"On 21 July 2024, demonstrators, including February 14 Youth Coalition, blocked the road by setting fires in Al Akr (Capital) as a part of demonstration to condemn the forceful quelling of a demonstration that occurred on 19 July in Al Diraz by Bahraini authorities.",0,crowd size=no report,1722291486
BHR12933,2024-07-21,2024,1,Demonstrations,Riots,Violent demonstration,Rioters (Bahrain),February 14 Youth Coalition,Rioters,,,,Rioters only,,48,Middle East,Bahrain,Northern,,,Al Malikiyah,26.098,50.4866,1,14 February Revolution Youth Coalition,Other,"On 21 July 2024, demonstrators, including February 14 Youth Coalition, blocked the road by setting fires in Al Malikiyah (Northern) as a part of demonstration to condemn the forceful quelling of a demonstration that occurred on 19 July in Al Diraz by Bahraini authorities.",0,crowd size=no report,1722291486
BHR12934,2024-07-21,2024,1,Demonstrations,Riots,Violent demonstration,Rioters (Bahrain),February 14 Youth Coalition,Rioters,,,,Rioters only,,48,Middle East,Bahrain,Northern,,,Bani Jamrah,26.2097,50.4597,1,14 February Revolution Youth Coalition,Other,"On 21 July 2024, demonstrators, including February 14 Youth Coalition, blocked the road by setting fires in Bani Jamrah (Northern) as a part of demonstration to condemn the forceful quelling of a demonstration that occurred on 19 July in Al Diraz by Bahraini authorities.",0,crowd size=no report,1722291486
BHR12935,2024-07-25,2024,1,Demonstrations,Riots,Violent demonstration,Rioters (Bahrain),February 14 Youth Coalition,Rioters,,,,Rioters only,,48,Middle East,Bahrain,Northern,,,Ash Shakhurah,26.2147,50.5069,1,14 February Revolution Youth Coalition,Other,"On 25 July 2024, demonstrators, including February 14 Youth Coalition, blocked the road by setting fires in Ash Shakhurah (Northern) as a part of a demonstration in solidarity with the political prisoners and to demand their release.",0,crowd size=no report,1722291486
BHR12946,2024-07-18,2024,1,Demonstrations,Protests,Peaceful protest,Protesters (Bahrain),,Protesters,,,,Protesters only,,48,Middle East,Bahrain,Southern,,,Jaw,25.9986,50.6167,1,ADHRB,National,"On 18 July 2024, families of political prisoners held a protest stand in front of Jaw Prison (Southern) demanding that electricity and water be restored to the prisoners inside the prison as the prisoners were suffering from the lack of water and electricity.",0,crowd size=no report,1722291486
BHR12947,2024-07-20,2024,1,Strategic developments,Strategic developments,Other,Protesters (Bahrain),Prisoners (Bahrain),Protesters,,,,Protesters only,,48,Middle East,Bahrain,Southern,,,Jaw,25.9986,50.6167,1,14 February Revolution Youth Coalition,Other,"Strikes: On 20 July 2024, political detainees started a hunger strike in building 9 in Jaw prison (Southern) in response to the ongoing policy of starvation by the prison administration and demanding for all detainees release.",0,,1772498036
BHR12948,2024-07-21,2024,1,Demonstrations,Protests,Peaceful protest,Protesters (Iraq),February 14 Youth Coalition,Protesters,,,,Protesters only,,48,Middle East,Bahrain,Northern,,,Al Diraz,26.2181,50.4706,1,14 February Revolution Youth Coalition,Other,"On 21 July 2024, demonstrators, including February 14 Youth Coalition, held a protest in Al Diraz (Northern) demanding the release of all prisoners and to condemn the forceful quelling of a demonstration that occurred on 19 July in Al Diraz by Bahraini authorities.",0,crowd size=no report,1722291486
BHR12957,2024-07-26,2024,1,Demonstrations,Protests,Peaceful protest,Protesters (Bahrain),February 14 Youth Coalition,Protesters,,,,Protesters only,,48,Middle East,Bahrain,Northern,,,Ash Shakhurah,26.2147,50.5069,1,14 February Revolution Youth Coalition,Other,"On 26 July 2024, demonstrators, including February 14 Youth Coalition, held a protest in Ash Shakhurah (Northern) in solidarity with the political detainees, demanding their release. The demonstration was part of a wider action that day to denounce alleged mistreatment of prisoners in Jaw Prison.",0,crowd size=no report,1722291486
BHR12919,2024-07-19,2024,1,Political violence; Demonstrations,Protests,Excessive force against protesters,Protesters (Bahrain),February 14 Youth Coalition,Protesters,Police Forces of Bahrain (1999-),,State forces,State forces-Protesters,Civilian targeting,48,Middle East,Bahrain,Northern,,,Al Diraz,26.2181,50.4706,1,14 February Revolution Youth Coalition; ADHRB; Bahrain Alyoum; Bahrain Center for Human Rights; Bahrain Mirror; Gulf News (UAE); Khaleej Times; LuaLua TV,Other-National,"On 19 July 2024, demonstrators, including February 14 Youth Coalition, held a large protest after Friday prayers inside the Al Imam Sadiq Mosque which was followed by a march from the mosque in Al Diraz (Northern) to show support for the Palestinian people and to denounce 'Israeli crimes' in the context of the latest round of violence in Gaza. Demonstrators also called for cutting diplomatic ties with Israel and for the release of political prisoners. Bahraini Police forces opened fire on the protesters and seriously injured 1 of them.",0,crowd size=large,1754409470
BHR12961,2024-07-26,2024,1,Demonstrations,Riots,Violent demonstration,Rioters (Yemen),February 14 Youth Coalition,Rioters,,,,Rioters only,,48,Middle East,Bahrain,Capital,,,Al Akr,26.1431,50.6103,1,14 February Revolution Youth Coalition,Other,"On 26 July 2024, demonstrators, including February 14 Youth Coalition, blocked the road by setting fires in Al Akr (Capital) as a part of demonstration in solidarity with the political prisoners and to demand their release. The demonstration was part of a wider action that day to denounce alleged mistreatment of prisoners in Jaw Prison.",0,crowd size=no report,1722903274
BHR12968,2024-07-28,2024,1,Demonstrations,Riots,Violent demonstration,Rioters (Bahrain),February 14 Youth Coalition,Rioters,,,,Rioters only,,48,Middle East,Bahrain,Capital,,,Al Akr,26.1431,50.6103,1,14 February Revolution Youth Coalition,Other,"On 28 July 2024, demonstrators, including February 14 Youth Coalition, blocked a road with burning tires in Al Akr (Capital) as part of a demonstration tribute on the occasion of the fifth anniversary of the execution of two 'martyrs'.",0,crowd size=no report,1722903274
BHR12976,2024-08-02,2024,1,Demonstrations,Riots,Violent demonstration,Rioters (Bahrain),February 14 Youth Coalition,Rioters,,,,Rioters only,,48,Middle East,Bahrain,Capital,,,Al Akr,26.1431,50.6103,1,14 February Revolution Youth Coalition,Other,"On 2 August 2024, demonstrators, including February 14 Youth Coalition, blocked a road with burning tires in Al Akr (Capital) as part of a demonstration in solidarity with the political prisoners, demanding their release.",0,crowd size=no report,1722903274
BHR12977,2024-08-02,2024,1,Demonstrations,Protests,Peaceful protest,Protesters (Bahrain),February 14 Youth Coalition,Protesters,,,,Protesters only,,48,Middle East,Bahrain,Northern,,,Abu Saybi,26.2175,50.5069,2,14 February Revolution Youth Coalition,Other,"On 2 August 2024, demonstrators from Abu Saybi and Ash Shakhurah, including February 14 Youth Coalition, held a protest march (coded to Abu Saybi) (Northern) in solidarity with the political detainees, demanding their release. The demonstration was part of a wider action that day to denounce alleged mistreatment of prisoners in Jaw Prison.",0,crowd size=no report,1722903274
BHR12978,2024-08-02,2024,1,Demonstrations,Protests,Peaceful protest,Protesters (Bahrain),February 14 Youth Coalition; Muslim Group (Bahrain),Protesters,,,,Protesters only,,48,Middle East,Bahrain,Northern,,,Al Diraz,26.2181,50.4706,1,14 February Revolution Youth Coalition; Bahrain Alyoum,Other-National,"On 2 August 2024, demonstrators, including February 14 Youth Coalition, held a large protest after Friday prayers inside the Al Imam Sadiq Mosque which was followed by a march from the mosque in Al Diraz (Northern) in solidarity with political detainees and to show support for the Palestinian people and to denounce 'Israeli crimes' in the context of the latest round of violence in Gaza. Demonstrators also called for the release of political prisoners.",0,crowd size=large,1722903274
BHR12979,2024-08-02,2024,1,Demonstrations,Protests,Peaceful protest,Protesters (Bahrain),February 14 Youth Coalition,Protesters,,,,Protesters only,,48,Middle East,Bahrain,Northern,,,Barbar,26.2294,50.4806,1,14 February Revolution Youth Coalition,Other,"On 2 August 2024, demonstrators, including February 14 Youth Coalition, held a protest march in Barbar (Northern) in solidarity with the political detainees, demanding their release. The demonstration was part of a wider action that day to denounce alleged mistreatment of prisoners in Jaw Prison.",0,crowd size=no report,1722903274
BHR12980,2024-08-02,2024,1,Demonstrations,Protests,Peaceful protest,Protesters (Bahrain),February 14 Youth Coalition,Protesters,,,,Protesters only,,48,Middle East,Bahrain,Northern,,,Demistan,26.1264,50.4811,1,14 February Revolution Youth Coalition,Other,"On 2 August 2024, demonstrators, including February 14 Youth Coalition, staged a protest stand in Demistan (Northern) demanding the release of political prisoners. The demonstration was part of a wider action that day to denounce alleged mistreatment of prisoners in Jaw Prison.",0,crowd size=no report,1722903274
BHR12931,2024-07-26,2024,1,Demonstrations,Protests,Peaceful protest,Protesters (Bahrain),February 14 Youth Coalition,Protesters,,,,Protesters only,,48,Middle East,Bahrain,Capital,,,Sitrah,26.1547,50.6206,1,14 February Revolution Youth Coalition; ADHRB; Mayadeen Al Wefaq,Other-National,"On 26 July 2024, demonstrators, including February 14 Youth Coalition, held a demonstration in Sitrah (Capital) in solidarity with the political prisoners and to demand their release. The demonstration was part of a wider action that day to denounce alleged mistreatment of prisoners in Jaw Prison.",0,crowd size=no report,1723500233
BHR12964,2024-07-26,2024,1,Demonstrations,Protests,Peaceful protest,Protesters (Bahrain),February 14 Youth Coalition,Protesters,,,,Protesters only,,48,Middle East,Bahrain,Northern,,,Aali,26.1619,50.5164,1,ADHRB,National,"On 26 July 2024, demonstrators, including February 14 Youth Coalition, held a protest in Aali (Northern) demanding the release of political prisoners. The demonstration was part of a wider action that day to denounce alleged mistreatment of prisoners in Jaw Prison.",0,crowd size=no report,1723500233
BHR12930,2024-07-26,2024,1,Demonstrations,Protests,Peaceful protest,Protesters (Bahrain),February 14 Youth Coalition,Protesters,,,,Protesters only,,48,Middle East,Bahrain,Northern,,,Abu Saybi,26.2175,50.5069,1,14 February Revolution Youth Coalition; ADHRB; Thawrah al Bahrain,Other-National,"On 26 July 2024, demonstrators, including February 14 Youth Coalition, held a demonstration in Abu Saybi (Northern) in solidarity with the political prisoners and to demand their release. The demonstration was part of a wider action that day to denounce alleged mistreatment of prisoners in Jaw Prison.",0,crowd size=no report,1723500233
BHR12960,2024-07-26,2024,1,Demonstrations,Protests,Peaceful protest,Protesters (Bahrain),February 14 Youth Coalition,Protesters,,,,Protesters only,,48,Middle East,Bahrain,Northern,,,Sar,26.1942,50.4819,1,14 February Revolution Youth Coalition; ADHRB; Bahrain Alyoum; LuaLua TV; Mayadeen Al Wefaq,Other-National,"On 26 July 2024, demonstrators, including February 14 Youth Coalition, held a protest in Sar (Northern) in solidarity with the political detainees, demanding their release. The demonstration was part of a wider action that day to denounce alleged mistreatment of prisoners in Jaw Prison.",0,crowd size=no report,1723500233
BHR12954,2024-07-26,2024,1,Demonstrations,Protests,Peaceful protest,Protesters (Bahrain),February 14 Youth Coalition,Protesters,,,,Protesters only,,48,Middle East,Bahrain,Capital,,,Nabih Saleh,26.183,50.585,1,14 February Revolution Youth Coalition; ADHRB; Bahrain Alyoum; LuaLua TV; Mayadeen Al Wefaq,Other-National,"On 26 July 2024, demonstrators, including February 14 Youth Coalition, held a protest in Nabih Saleh (Capital) demanding the release of all political prisoners. The demonstration was part of a wider action that day to denounce alleged mistreatment of prisoners in Jaw Prison.",0,crowd size=no report,1723500234
BHR12484,2024-01-01,2024,1,Demonstrations,Protests,Peaceful protest,Protesters (Bahrain),February 14 Youth Coalition,Protesters,,,,Protesters only,,48,Middle East,Bahrain,Capital,,,Sanabis,26.2259,50.5452,1,14 February Revolution Youth Coalition; Bahrain Alyoum,Other-National,"On 1 January 2024, demonstrators, including February 14 Youth Coalition, held a protest stand in Sanabis (Capital) in solidarity with political prisoners and the Palestinian people in the context of the latest round of violence in Israel-Palestine.",0,crowd size=no report,1723505819
BHR12487,2024-01-05,2024,1,Demonstrations,Protests,Peaceful protest,Protesters (Bahrain),February 14 Youth Coalition,Protesters,,,,Protesters only,,48,Middle East,Bahrain,Capital,,,Manama - Adliya,26.216,50.5846,1,14 February Revolution Youth Coalition; ADHRB; Bahrain Alyoum,Other-National,"On 5 January 2024, demonstrators, including February 14 Youth Coalition, held a large protest in front of the headquarters of the Bahraini Society for Resisting Normalization in Manama - Adliya (Capital) in solidarity with the Palestinian people and to denounce the US coalition against Houthi operations in the Red Sea in the context of the latest round of violence in Israel-Palestine.",0,crowd size=large,1723505819
BHR12492,2024-01-01,2024,1,Demonstrations,Protests,Peaceful protest,Protesters (Bahrain),,Protesters,,,,Protesters only,,48,Middle East,Bahrain,Capital,,,Manama - Adliya,26.216,50.5846,1,Bahrain Alyoum,National,"On 1 January 2024, demonstrators held a large protest stand in front of the headquarters of the Bahraini Society for Resisting Normalization in Manama - Adliya (Capital) in solidarity with the Palestinian people in the context of the latest round of violence in Israel-Palestine and to denounce the normalization of ties with Israel.",0,crowd size=large,1723505819
BHR12493,2024-01-03,2024,1,Demonstrations,Protests,Peaceful protest,Protesters (Bahrain),,Protesters,,,,Protesters only,,48,Middle East,Bahrain,Capital,,,Sanabis,26.2259,50.5452,1,Bahrain Alyoum,National,"On 3 January 2024, demonstrators held a protest stand in Sanabis (Capital) in solidarity with political prisoners and the Palestinian people in the context of the latest round of violence in Israel-Palestine.",0,crowd size=no report,1723505819
BHR12498,2024-01-12,2024,1,Demonstrations,Protests,Peaceful protest,Protesters (Bahrain),,Protesters,,,,Protesters only,,48,Middle East,Bahrain,Capital,,,Manama,26.2279,50.5857,1,AhlulBayt News Agency,Regional,"On 12 January 2024, demonstrators held a large protest in Manama (Capital) in solidarity with the Palestinian people in the context of the latest round of violence in Israel-Palestine and to denounce the US and UK 'aggression against Yemen' and the Bahraini participation in the anti-Houthi coalition.",0,crowd size=large,1723505819
BHR12502,2024-01-07,2024,1,Demonstrations,Protests,Peaceful protest,Protesters (Bahrain),Labor Group (Bahrain),Protesters,,,,Protesters only,,48,Middle East,Bahrain,Capital,,,Manama,26.2279,50.5857,1,LuaLua TV,National,"On 7 January 2024, dozens of people affected by the 'Khotwa' (Step) Program for Home Projects protested outside the Social Insurance Organization's headquarters in Manama (Capital) against the rejection of their pension requests. On 10 January 2024, Bahraini authorities summoned some of them for interrogation.",0,crowd size=dozens,1723505819
BHR12503,2024-01-07,2024,1,Demonstrations,Protests,Peaceful protest,Protesters (Bahrain),,Protesters,,,,Protesters only,,48,Middle East,Bahrain,Capital,,,Sanabis,26.2259,50.5452,1,ADHRB,National,"On 7 January 2024, demonstrators held a sit-in protest in Sanabis (Capital) to demand the release of Bahraini political prisoners.",0,crowd size=no report,1723505819
BHR12504,2024-01-12,2024,1,Demonstrations,Protests,Peaceful protest,Protesters (Bahrain),Bahraini Society Against Normalisation with Zionist Enemy,Protesters,,,,Protesters only,,48,Middle East,Bahrain,Capital,,,Manama - Adliya,26.216,50.5846,1,ADHRB,National,"On 12 January 2024, the Bahraini Society Against Normalisation with Zionist Enemy organized a large protest outside its headquarters in Manama - Adliya (Capital) in solidarity with the Palestinian people in the context of the latest round of violence in Israel-Palestine. They also denounced the normalization of diplomatic ties with Israel and called for the expulsion of the Israeli ambassador to Bahrain.",0,crowd size=large,1723505819
BHR12505,2024-01-15,2024,1,Demonstrations,Protests,Peaceful protest,Protesters (Bahrain),Al Wafa Islamic Party; February 14 Youth Coalition; Islamic Action Society,Protesters,,,,Protesters only,,48,Middle East,Bahrain,Capital,,,Sanabis,26.2259,50.5452,1,14 February Revolution Youth Coalition; Al Wafa; Bahrain Alyoum,Other-National,"On 15 January 2024, hundreds of demonstrators, including the February 14 Youth Coalition, held an anti-regime protest in Sanabis (Capital) to commemorate the seventh anniversary of the executions of anti-government activists Ali Al Singace, Abbas Al Samea, and Sami Mushaima. Al Wafa Islamic Party, Islamic Action Society, and Sanabis revolutionary movement organized the protest.",0,crowd size=hundreds,1723505819
BHR12508,2024-01-19,2024,1,Demonstrations,Protests,Peaceful protest,Protesters (Bahrain),Bahraini Society Against Normalisation with Zionist Enemy; February 14 Youth Coalition,Protesters,,,,Protesters only,,48,Middle East,Bahrain,Capital,,,Manama - Adliya,26.216,50.5846,1,14 February Revolution Youth Coalition; Al Wafa; Bahrain Alyoum; LuaLua TV,Other-National,"On 19 January 2024, demonstrators, including February 14 Youth Coalition and the Bahraini Society Against Normalisation with Zionist Enemy, held a large protest outside the Bahraini Society Against Normalisation's headquarters in Manama - Adliya (Capital) in solidarity with the Palestinian people in the context of the latest round of violence in Israel-Palestine and to denounce the US and UK 'aggression against Yemen' and the Bahraini participation in the anti-Houthi coalition.",0,crowd size=large,1723505819
BHR12509,2024-01-19,2024,1,Demonstrations,Protests,Peaceful protest,Protesters (Bahrain),,Protesters,,,,Protesters only,,48,Middle East,Bahrain,Muharraq,,,Al Busaytin,26.2694,50.6078,1,Al Wafa,Other,"On 19 January 2024, demonstrators held a protest outside Rashid mosque in Al Busaytin (Muharraq) in solidarity with the Palestinian people in the context of the latest round of violence in Israel-Palestine.",0,crowd size=no report,1723505819
BHR12512,2024-01-26,2024,1,Demonstrations,Protests,Peaceful protest,Protesters (Bahrain),Bahraini Society Against Normalisation with Zionist Enemy,Protesters,,,,Protesters only,,48,Middle East,Bahrain,Capital,,,Manama,26.2279,50.5857,1,Bahrain Mirror,National,"On 26 January 2024, the Bahraini Society Against Normalisation with Zionist Enemy organized a large protest in Manama city (Capital) in solidarity with the Palestinian people in the context of the latest round of violence in Israel-Palestine. The protesters called for the expulsion of the Israeli ambassador from Bahrain.",0,crowd size=large,1723505819
BHR12515,2024-02-01,2024,1,Strategic developments,Strategic developments,Other,Civilians (Bahrain),Labor Group (Bahrain),Civilians,Police Forces of Bahrain (1999-),,State forces,State forces-Civilians,,48,Middle East,Bahrain,Capital,,,Manama,26.2279,50.5857,1,ADHRB,National,"Other: On 1 February 2024, Bahraini police forces prevented people affected by the 'Khotwa' (Step) Program for Home Projects from holding a protest outside the Social Insurance Organization's headquarters in Manama (Capital) against the rejection of their pension requests. The police took the protesters' IDs and asked them to leave before they managed to start the protest.",0,,1772498036
BHR12516,2024-02-02,2024,1,Demonstrations,Protests,Peaceful protest,Protesters (Bahrain),Bahraini Society Against Normalisation with Zionist Enemy; February 14 Youth Coalition,Protesters,,,,Protesters only,,48,Middle East,Bahrain,Capital,,,Manama - Adliya,26.216,50.5846,1,14 February Revolution Youth Coalition; ADHRB; LuaLua TV,Other-National,"On 2 February 2024, demonstrators, including February 14 Youth Coalition and the Bahraini Society Against Normalisation with Zionist Enemy, held a large protest outside the Bahraini Society Against Normalisation's headquarters in Manama - Adliya (Capital) in solidarity with the Palestinian people in the context of the latest round of violence in Israel-Palestine and to denounce the US and UK 'aggression against Yemen' and the Bahraini participation in the anti-Houthi coalition. They also denounced the normalization of ties with Israel and called for cutting them.",0,crowd size=large,1723505819
BHR12520,2024-02-03,2024,1,Demonstrations,Protests,Peaceful protest,Protesters (Bahrain),,Protesters,,,,Protesters only,,48,Middle East,Bahrain,Capital,,,Sanabis,26.2259,50.5452,1,ADHRB; Bahrain Alyoum,National,"On 3 February 2024, demonstrators, including families of political prisoners, held a protest in Sanabis (Capital) to call for the immediate release of all political prisoners.",0,crowd size=no report,1723505819
BHR12522,2024-02-04,2024,1,Demonstrations,Protests,Peaceful protest,Protesters (Bahrain),,Protesters,,,,Protesters only,,48,Middle East,Bahrain,Capital,,,Sanabis,26.2259,50.5452,1,Bahrain Alyoum,National,"On 4 February 2024, demonstrators held a protest in Sanabis (Capital) to call for the immediate release of all political prisoners.",0,crowd size=no report,1723505819
BHR12524,2024-02-05,2024,1,Demonstrations,Protests,Peaceful protest,Protesters (Bahrain),,Protesters,,,,Protesters only,,48,Middle East,Bahrain,Capital,,,Sanabis,26.2259,50.5452,1,Bahrain Alyoum,National,"On 5 February 2024, demonstrators held a protest in Sanabis (Capital) to call for the immediate release of all political prisoners.",0,crowd size=no report,1723505819
BHR12526,2024-02-07,2024,1,Demonstrations,Protests,Peaceful protest,Protesters (Bahrain),,Protesters,,,,Protesters only,,48,Middle East,Bahrain,Capital,,,Sanabis,26.2259,50.5452,1,Bahrain Alyoum,National,"On 7 February 2024, demonstrators held a protest in Sanabis (Capital) to call for the immediate release of all political prisoners.",0,crowd size=no report,1723505819
BHR12527,2024-02-08,2024,1,Demonstrations,Protests,Peaceful protest,Protesters (Bahrain),,Protesters,,,,Protesters only,,48,Middle East,Bahrain,Capital,,,Karbabad,26.2303,50.5294,1,ADHRB; Al Wafa; Bahrain Alyoum,Other-National,"On 8 February 2024, demonstrators held a protest in Karbabad (Capital) to commemorate the 6th anniversary of the death of four Shiite men who were allegedly killed by Bahraini security forces while they tried to flee the country by boat.",0,crowd size=no report,1723505819
BHR12528,2024-02-08,2024,1,Demonstrations,Protests,Peaceful protest,Protesters (Bahrain),February 14 Youth Coalition,Protesters,,,,Protesters only,,48,Middle East,Bahrain,Capital,,,Sanabis,26.2259,50.5452,1,14 February Revolution Youth Coalition,Other,"On 8 February 2024, demonstrators, including February 14 Youth Coalition, held a protest in Sanabis (Capital) in solidarity with Bahraini political prisoners.",0,crowd size=no report,1723505819
BHR12529,2024-02-09,2024,1,Demonstrations,Protests,Peaceful protest,Protesters (Bahrain),Bahraini Society Against Normalisation with Zionist Enemy,Protesters,,,,Protesters only,,48,Middle East,Bahrain,Capital,,,Manama - Adliya,26.216,50.5846,1,Bahraini Society Against Normalisation with Zionist Enemy; LuaLua TV,Other-National,"On 9 February 2024, the Bahraini Society Against Normalisation with Zionist Enemy held a large protest outside its headquarters in Manama - Adliya (Capital) in solidarity with the Palestinian people in the context of the latest round of violence in Israel-Palestine.",0,crowd size=large,1723505819
BHR12530,2024-02-09,2024,1,Demonstrations,Protests,Peaceful protest,Protesters (Bahrain),February 14 Youth Coalition,Protesters,,,,Protesters only,,48,Middle East,Bahrain,Capital,,,Karbabad,26.2303,50.5294,1,14 February Revolution Youth Coalition; Bahrain Alyoum; LuaLua TV,Other-National,"On 9 February 2024, demonstrators, including February 14 Youth Coalition, held a protest in Karbabad (Capital) to commemorate the 13th anniversary of the 2011 Bahraini uprising and the 6th anniversary of the death of four Shiite men who were allegedly killed by Bahraini security forces while they tried to flee the country by boat. The protesters also chanted slogans in solidarity with the Palestinian people in the context of the latest round of violence in Israel-Palestine.",0,crowd size=no report,1723505819
BHR12531,2024-02-09,2024,1,Demonstrations,Protests,Peaceful protest,Protesters (Bahrain),February 14 Youth Coalition,Protesters,,,,Protesters only,,48,Middle East,Bahrain,Capital,,,Sanabis,26.2259,50.5452,1,14 February Revolution Youth Coalition; Al Wafa; Bahrain Alyoum,Other-National,"On 9 February 2024, demonstrators, including February 14 Youth Coalition, held a march in Sanabis (Capital) to commemorate the 13th anniversary of the 2011 Bahraini uprising and to commemorate 'martyrs,' including the leader of Kataib Hezbollah militia in Iraq, Abu Baqir al-Saidi, who was killed by a US drone strike in Iraq on 7 February 2024.",0,crowd size=no report,1723505819
BHR12536,2024-02-16,2024,1,Demonstrations,Protests,Peaceful protest,Protesters (Bahrain),Bahraini Society Against Normalisation with Zionist Enemy,Protesters,,,,Protesters only,,48,Middle East,Bahrain,Capital,,,Manama - Adliya,26.216,50.5846,1,Bahrain Alyoum,National,"On 16 February 2024, the Bahraini Society Against Normalisation with Zionist Enemy held a protest outside its headquarters in Manama - Adliya (Capital) in solidarity with the Palestinian people in the context of the latest round of violence in Israel-Palestine. The protesters denounced the normalization of ties with Israel and Bahrain's participation in the US-led anti-Houthi coalition.",0,crowd size=no report,1723505819
BHR12545,2024-02-14,2024,1,Demonstrations,Riots,Violent demonstration,Rioters (Bahrain),February 14 Youth Coalition,Rioters,,,,Rioters only,,48,Middle East,Bahrain,Capital,,,Karbabad,26.2303,50.5294,1,14 February Revolution Youth Coalition,Other,"On 14 February 2024, anti-regime demonstrators, including February 14 Youth Coalition, blocked roads with burning tires in front of Al Saif shopping mall in Karbabad (Capital) to commemorate the 13th anniversary of the 2011 Bahraini uprising.",0,crowd size=no report,1723505819
BHR12552,2024-02-13,2024,1,Demonstrations,Protests,Peaceful protest,Protesters (Bahrain),February 14 Youth Coalition,Protesters,,,,Protesters only,,48,Middle East,Bahrain,Capital,,,Sanabis,26.2259,50.5452,1,14 February Revolution Youth Coalition; Al Wafa,Other,"On 13 February 2024, anti-regime demonstrators, including February 14 Youth Coalition, held a march in Sanabis (Capital) to commemorate the 13th anniversary of the 2011 Bahraini uprising.",0,crowd size=no report,1723505819
BHR12556,2024-02-13,2024,1,Demonstrations,Protests,Peaceful protest,Protesters (Bahrain),February 14 Youth Coalition,Protesters,,,,Protesters only,,48,Middle East,Bahrain,Northern,,,Karranah,26.2292,50.5094,1,14 February Revolution Youth Coalition; Al Wafa; Bahrain Alyoum; LuaLua TV,Other-National,"On 13 February 2024, anti-regime demonstrators, including February 14 Youth Coalition, held a protest in Karranah (Northern) to commemorate the 13th anniversary of the 2011 Bahraini uprising and in solidarity with the Palestinian people in the context of the latest round of violence in Israel-Palestine. The protesters denounced the normalization of ties with Israel and stepped on the Israeli and American flags.",0,crowd size=no report,1723505819
BHR12557,2024-02-12,2024,1,Demonstrations,Protests,Peaceful protest,Protesters (Bahrain),February 14 Youth Coalition,Protesters,,,,Protesters only,,48,Middle East,Bahrain,Capital,,,Al Muqsha,26.2197,50.5231,1,14 February Revolution Youth Coalition; Bahrain Alyoum; LuaLua TV,Other-National,"On 12 February 2024, anti-regime demonstrators, including February 14 Youth Coalition, held a protest in Al Muqsha (Capital) to commemorate the 13th anniversary of the 2011 Bahraini uprising and in solidarity with the Palestinian people in the context of the latest round of violence in Israel-Palestine. The protesters denounced the normalization of ties with Israel and stepped on the Israeli flag.",0,crowd size=no report,1723505819
BHR12559,2024-02-11,2024,1,Demonstrations,Protests,Peaceful protest,Protesters (Bahrain),February 14 Youth Coalition,Protesters,,,,Protesters only,,48,Middle East,Bahrain,Muharraq,,,Samahij,26.28,50.635,1,14 February Revolution Youth Coalition; ADHRB; Bahrain Alyoum; LuaLua TV,Other-National,"On 11 February 2024, anti-regime demonstrators, including February 14 Youth Coalition, held a protest behind the Bahrain International Airport in Samahij (Muharraq) to commemorate the 13th anniversary of the 2011 Bahraini uprising. The protesters raised the Palestinian flag.",0,crowd size=no report,1723505819
BHR12561,2024-02-10,2024,1,Demonstrations,Protests,Peaceful protest,Protesters (Bahrain),February 14 Youth Coalition,Protesters,,,,Protesters only,,48,Middle East,Bahrain,Capital,,,Southern Sehla,26.2019,50.5368,1,14 February Revolution Youth Coalition; Bahrain Alyoum; LuaLua TV,Other-National,"On 10 February 2024, anti-regime demonstrators, including February 14 Youth Coalition, held a large protest in Southern Sehla (Capital) to commemorate the 13th anniversary of the 2011 Bahraini uprising and in solidarity with the Palestinian people in the context of the latest round of violence in Israel-Palestine. The protesters denounced the normalization of ties with Israel and stepped on the Israeli and American flags.",0,crowd size=large,1723505819
BHR12563,2024-02-06,2024,1,Demonstrations,Protests,Peaceful protest,Protesters (Bahrain),,Protesters,,,,Protesters only,,48,Middle East,Bahrain,Capital,,,Sanabis,26.2259,50.5452,1,ADHRB,National,"On 6 February 2024, demonstrators, including families of political prisoners, held a protest in Sanabis (Capital) to call for the immediate release of all political prisoners.",0,crowd size=no report,1723505819
BHR12564,2024-02-17,2024,1,Demonstrations,Protests,Peaceful protest,Protesters (Bahrain),,Protesters,,,,Protesters only,,48,Middle East,Bahrain,Capital,,,Sanabis,26.2259,50.5452,1,Bahrain Alyoum,National,"On 17 February 2024, demonstrators held a protest in Sanabis (Capital) in solidarity with Bahraini political prisoners and to call for their immediate release.",0,crowd size=no report,1723505819
BHR12566,2024-02-18,2024,1,Demonstrations,Protests,Peaceful protest,Protesters (Bahrain),February 14 Youth Coalition,Protesters,,,,Protesters only,,48,Middle East,Bahrain,Capital,,,Sanabis,26.2259,50.5452,1,14 February Revolution Youth Coalition; Bahrain Alyoum,Other-National,"On 18 February 2024, demonstrators, including February 14 Youth Coalition, held a protest in Sanabis (Capital) in solidarity with Bahraini political prisoners and to call for their immediate release.",0,crowd size=no report,1723505819
BHR12567,2024-02-19,2024,1,Demonstrations,Protests,Peaceful protest,Protesters (Bahrain),February 14 Youth Coalition,Protesters,,,,Protesters only,,48,Middle East,Bahrain,Capital,,,Sanabis,26.2259,50.5452,1,14 February Revolution Youth Coalition; ADHRB; Bahrain Alyoum,Other-National,"On 19 February 2024, demonstrators, including February 14 Youth Coalition, held a protest in Sanabis (Capital) in solidarity with Bahraini political prisoners and to call for their immediate release.",0,crowd size=no report,1723505819
BHR12569,2024-02-20,2024,1,Demonstrations,Protests,Peaceful protest,Protesters (Bahrain),February 14 Youth Coalition,Protesters,,,,Protesters only,,48,Middle East,Bahrain,Capital,,,Sanabis,26.2259,50.5452,1,14 February Revolution Youth Coalition; Bahrain Alyoum,Other-National,"On 20 February 2024, demonstrators, including February 14 Youth Coalition, held a protest in Sanabis (Capital) in solidarity with Bahraini political prisoners and to call for their immediate release.",0,crowd size=no report,1723505819
BHR12570,2024-02-21,2024,1,Demonstrations,Protests,Peaceful protest,Protesters (Bahrain),February 14 Youth Coalition,Protesters,,,,Protesters only,,48,Middle East,Bahrain,Capital,,,Sanabis,26.2259,50.5452,1,14 February Revolution Youth Coalition; Bahrain Alyoum,Other-National,"On 21 February 2024, demonstrators, including February 14 Youth Coalition, held a protest in Sanabis (Capital) in solidarity with Bahraini political prisoners and to call for their immediate release.",0,crowd size=no report,1723505819
BHR12571,2024-02-22,2024,1,Demonstrations,Protests,Peaceful protest,Protesters (Bahrain),February 14 Youth Coalition,Protesters,,,,Protesters only,,48,Middle East,Bahrain,Capital,,,Sanabis,26.2259,50.5452,1,14 February Revolution Youth Coalition; Bahrain Alyoum,Other-National,"On 22 February 2024, demonstrators, including February 14 Youth Coalition, held a protest in Sanabis (Capital) in solidarity with Bahraini political prisoners and to call for their immediate release.",0,crowd size=no report,1723505819
BHR12583,2024-03-03,2024,1,Demonstrations,Protests,Peaceful protest,Protesters (Bahrain),February 14 Youth Coalition,Protesters,,,,Protesters only,,48,Middle East,Bahrain,Capital,,,Sanabis,26.2259,50.5452,1,14 February Revolution Youth Coalition; Bahrain Alyoum,Other-National,"On 3 March 2024, demonstrators, including February 14 Youth Coalition, held a protest in Sanabis (Capital) in solidarity with Bahraini political prisoners and to call for their immediate release.",0,crowd size=no report,1723505819
BHR12584,2024-03-04,2024,1,Demonstrations,Protests,Peaceful protest,Protesters (Bahrain),February 14 Youth Coalition,Protesters,,,,Protesters only,,48,Middle East,Bahrain,Capital,,,Sanabis,26.2259,50.5452,1,14 February Revolution Youth Coalition; ADHRB; Bahrain Alyoum,Other-National,"On 4 March 2024, demonstrators, including February 14 Youth Coalition, held a protest in Sanabis (Capital) in solidarity with Bahraini political prisoners and to call for their immediate release.",0,crowd size=no report,1723505819
BHR12585,2024-03-05,2024,1,Demonstrations,Protests,Peaceful protest,Protesters (Bahrain),February 14 Youth Coalition,Protesters,,,,Protesters only,,48,Middle East,Bahrain,Capital,,,Sanabis,26.2259,50.5452,1,14 February Revolution Youth Coalition; ADHRB; Bahrain Alyoum,Other-National,"On 5 March 2024, demonstrators, including February 14 Youth Coalition, held a protest in Sanabis (Capital) in solidarity with Bahraini political prisoners and to call for their immediate release.",0,crowd size=no report,1723505819
BHR12586,2024-03-06,2024,1,Demonstrations,Protests,Peaceful protest,Protesters (Bahrain),,Protesters,,,,Protesters only,,48,Middle East,Bahrain,Capital,,,Sanabis,26.2259,50.5452,1,Bahrain Alyoum,National,"On 6 March 2024, demonstrators held a protest in Sanabis (Capital) in solidarity with Bahraini political prisoners and to call for their immediate release.",0,crowd size=no report,1723505819
BHR12587,2024-03-07,2024,1,Demonstrations,Protests,Peaceful protest,Protesters (Bahrain),February 14 Youth Coalition,Protesters,,,,Protesters only,,48,Middle East,Bahrain,Capital,,,Sanabis,26.2259,50.5452,1,14 February Revolution Youth Coalition; Bahrain Alyoum,Other-National,"On 7 March 2024, demonstrators, including February 14 Youth Coalition, held a protest in Sanabis (Capital) in solidarity with Bahraini political prisoners and to call for their immediate release.",0,crowd size=no report,1723505819
BHR12591,2024-03-15,2024,1,Demonstrations,Protests,Peaceful protest,Protesters (Bahrain),Al Wafa Islamic Party; February 14 Youth Coalition; Islamic Action Society,Protesters,,,,Protesters only,,48,Middle East,Bahrain,Capital,,,Jidd Hafs,26.2167,50.5333,1,14 February Revolution Youth Coalition; Al Wafa; Bahrain Alyoum,Other-National,"On 15 March 2024, Al Wafa Islamic Party, Islamic Action Society, and February 14 Youth Coalition held a protest in front of the house of political detainee Hassan Al Mashimaa in Jidd Hafs (Capital) in solidarity with leading Bahraini activists in prisons and demanding their release.",0,crowd size=no report,1723505819
BHR12592,2024-03-14,2024,1,Demonstrations,Protests,Peaceful protest,Protesters (Bahrain),Labor Group (Bahrain),Protesters,,,,Protesters only,,48,Middle East,Bahrain,Capital,,,Manama,26.2279,50.5857,1,LuaLua TV,National,"On 14 March 2024, demonstrators affected by the 'Khotwa' (Step) Program for Home Projects protested outside the Social Insurance Organization's headquarters in Manama (Capital) against the rejection of their pension requests.",0,crowd size=no report,1723505819
BHR12593,2024-03-11,2024,1,Demonstrations,Protests,Peaceful protest,Protesters (Bahrain),February 14 Youth Coalition,Protesters,,,,Protesters only,,48,Middle East,Bahrain,Capital,,,Sanabis,26.2259,50.5452,1,14 February Revolution Youth Coalition,Other,"On 11 March 2024, demonstrators, including February 14 Youth Coalition, held a protest in Sanabis (Capital) in solidarity with Bahraini political prisoners and to call for their immediate release.",0,crowd size=no report,1723505819
BHR12594,2024-03-12,2024,1,Demonstrations,Protests,Peaceful protest,Protesters (Bahrain),February 14 Youth Coalition,Protesters,,,,Protesters only,,48,Middle East,Bahrain,Capital,,,Sanabis,26.2259,50.5452,1,14 February Revolution Youth Coalition; Bahrain Alyoum,Other-National,"On 12 March 2024, demonstrators, including February 14 Youth Coalition, held a protest in Sanabis (Capital) in solidarity with Bahraini political prisoners and to call for their immediate release.",0,crowd size=no report,1723505819
BHR12595,2024-03-13,2024,1,Demonstrations,Protests,Peaceful protest,Protesters (Bahrain),February 14 Youth Coalition,Protesters,,,,Protesters only,,48,Middle East,Bahrain,Capital,,,Sanabis,26.2259,50.5452,1,14 February Revolution Youth Coalition; Bahrain Alyoum,Other-National,"On 13 March 2024, demonstrators, including February 14 Youth Coalition, held a protest in Sanabis (Capital) in solidarity with Bahraini political prisoners and to call for their immediate release.",0,crowd size=no report,1723505819
BHR12596,2024-03-14,2024,1,Demonstrations,Protests,Peaceful protest,Protesters (Bahrain),,Protesters,,,,Protesters only,,48,Middle East,Bahrain,Capital,,,Sanabis,26.2259,50.5452,1,Bahrain Alyoum,National,"On 14 March 2024, demonstrators held a protest in Sanabis (Capital) in solidarity with Bahraini political prisoners and to call for their immediate release.",0,crowd size=no report,1723505819
BHR12598,2024-03-15,2024,1,Demonstrations,Protests,Peaceful protest,Protesters (Bahrain),Bahraini Society Against Normalisation with Zionist Enemy,Protesters,,,,Protesters only,,48,Middle East,Bahrain,Capital,,,Manama - Adliya,26.216,50.5846,1,Bahraini Society Against Normalisation with Zionist Enemy,Other,"On 15 March 2024, the Bahraini Society Against Normalisation with Zionist Enemy held a protest outside its headquarters in Manama - Adliya (Capital) in solidarity with the Palestinian people in the context of the latest round of violence in Israel-Palestine.",0,crowd size=no report,1723505819
BHR12599,2024-03-19,2024,1,Demonstrations,Protests,Peaceful protest,Protesters (Bahrain),February 14 Youth Coalition,Protesters,,,,Protesters only,,48,Middle East,Bahrain,Capital,,,Sanabis,26.2259,50.5452,1,14 February Revolution Youth Coalition; ADHRB; Bahrain Alyoum,Other-National,"On 19 March 2024, demonstrators, including February 14 Youth Coalition, held a protest in Sanabis (Capital) in solidarity with Bahraini political prisoners and to call for their immediate release.",0,crowd size=no report,1723505819
BHR12600,2024-03-20,2024,1,Demonstrations,Protests,Peaceful protest,Protesters (Bahrain),February 14 Youth Coalition,Protesters,,,,Protesters only,,48,Middle East,Bahrain,Capital,,,Sanabis,26.2259,50.5452,1,14 February Revolution Youth Coalition; Bahrain Alyoum,Other-National,"On 20 March 2024, demonstrators, including February 14 Youth Coalition, held a protest in Sanabis (Capital) in solidarity with Bahraini political prisoners and to call for their immediate release.",0,crowd size=no report,1723505819
BHR12601,2024-03-21,2024,1,Demonstrations,Protests,Peaceful protest,Protesters (Bahrain),February 14 Youth Coalition,Protesters,,,,Protesters only,,48,Middle East,Bahrain,Capital,,,Sanabis,26.2259,50.5452,1,14 February Revolution Youth Coalition; Bahrain Alyoum,Other-National,"On 21 March 2024, demonstrators, including February 14 Youth Coalition, held a protest in Sanabis (Capital) in solidarity with Bahraini political prisoners and to call for their immediate release.",0,crowd size=no report,1723505819
BHR12603,2024-03-16,2024,1,Demonstrations,Protests,Peaceful protest,Protesters (Bahrain),Al Wafa Islamic Party; February 14 Youth Coalition; Islamic Action Society,Protesters,,,,Protesters only,,48,Middle East,Bahrain,Capital,,,Sanabis,26.2259,50.5452,1,14 February Revolution Youth Coalition; Bahrain Alyoum,Other-National,"On 16 March 2024, demonstrators, including February 14 Youth Coalition, Al Wafa Islamic Party, and Islamic Action Society, held a protest outside the houses of political prisoners Abdelhadi Al Mukhodher and Abduljalil al-Singace in Sanabis (Capital) in solidarity with Bahraini political prisoners and to call for their immediate release. The protesters also commemorated the 13th anniversary of the arrest of the 2011 uprising's leaders.",0,crowd size=no report,1723505819
BHR12604,2024-03-17,2024,1,Demonstrations,Protests,Peaceful protest,Protesters (Bahrain),Al Wafa Islamic Party; February 14 Youth Coalition; Islamic Action Society,Protesters,,,,Protesters only,,48,Middle East,Bahrain,Capital,,,Sanabis,26.2259,50.5452,1,14 February Revolution Youth Coalition; Bahrain Alyoum,Other-National,"On 17 March 2024, demonstrators, including February 14 Youth Coalition, Al Wafa Islamic Party, and Islamic Action Society, held a protest in Sanabis (Capital) for the second consecutive day in solidarity with Bahraini political prisoners and to call for their immediate release. The protesters also commemorated the 13th anniversary of the arrest of the 2011 uprising's leaders.",0,crowd size=no report,1723505819
BHR12608,2024-03-18,2024,1,Demonstrations,Protests,Peaceful protest,Protesters (Bahrain),,Protesters,,,,Protesters only,,48,Middle East,Bahrain,Capital,,,Sanabis,26.2259,50.5452,1,Bahrain Alyoum,National,"On 18 March 2024, demonstrators held a protest in Sanabis (Capital) in solidarity with Bahraini political prisoners and to call for their immediate release.",0,crowd size=no report,1723505819
BHR12610,2024-03-24,2024,1,Demonstrations,Protests,Peaceful protest,Protesters (Bahrain),February 14 Youth Coalition,Protesters,,,,Protesters only,,48,Middle East,Bahrain,Capital,,,Karbabad,26.2303,50.5294,1,14 February Revolution Youth Coalition; Bahrain Alyoum; LuaLua TV,Other-National,"On 24 March 2024, anti-regime demonstrators, including February 14 Youth Coalition, held a protest in Karbabad (Capital) to commemorate the 7th anniversary of the death of a young Shiite protester who was killed by Bahraini Police forces in 2017.",0,crowd size=no report,1723505819
BHR12612,2024-03-27,2024,1,Demonstrations,Riots,Violent demonstration,Rioters (Bahrain),February 14 Youth Coalition,Rioters,Police Forces of Bahrain (1999-),,State forces,State forces-Rioters,,48,Middle East,Bahrain,Northern,,,Karranah,26.2292,50.5094,1,14 February Revolution Youth Coalition,Other,"On 27 March 2024, demonstrators, including February 14 Youth Coalition, threw projectiles at security forces in Karranah (Northern) as part of a demonstration to denounce the death of an inmate in Jaw Prison.",0,crowd size=no report,1723505819
BHR12614,2024-03-28,2024,1,Demonstrations,Protests,Peaceful protest,Protesters (Bahrain),February 14 Youth Coalition,Protesters,,,,Protesters only,,48,Middle East,Bahrain,Capital,,,Sanabis,26.2259,50.5452,1,14 February Revolution Youth Coalition; ADHRB; Bahrain Alyoum,Other-National,"On 28 March 2024, demonstrators, including February 14 Youth Coalition, held a protest march in Sanabis (Capital) to denounce the death of an inmate in Jaw Prison.",0,crowd size=no report,1723505819
BHR12616,2024-03-28,2024,1,Demonstrations,Riots,Violent demonstration,Rioters (Bahrain),February 14 Youth Coalition,Rioters,Police Forces of Bahrain (1999-),,State forces,State forces-Rioters,,48,Middle East,Bahrain,Northern,,,Al Qadam,26.2156,50.5192,1,14 February Revolution Youth Coalition,Other,"On 28 March 2024, demonstrators, including February 14 Youth Coalition, threw projectiles at police forces in Al Qadam (Northern) to denounce the death of an inmate in Jaw Prison.",0,crowd size=no report,1723505819
BHR12620,2024-03-29,2024,1,Demonstrations,Protests,Peaceful protest,Protesters (Bahrain),,Protesters,,,,Protesters only,,48,Middle East,Bahrain,Capital,,,Al Daih,26.225,50.5362,1,Bahrain Alyoum,National,"On 29 March 2024, demonstrators held a protest in Al Daih (Capital) in solidarity with the protesters of Jaw prison following the death of a detainee in the prison.",0,crowd size=no report,1723505819
BHR12621,2024-03-29,2024,1,Demonstrations,Protests,Peaceful protest,Protesters (Bahrain),,Protesters,,,,Protesters only,,48,Middle East,Bahrain,Capital,,,Sanabis,26.2259,50.5452,1,Bahrain Alyoum,National,"On 29 March 2024, demonstrators held a protest in Sanabis (Capital) in solidarity with the protesters of Jaw prison following the death of a detainee in the prison.",0,crowd size=no report,1723505819
BHR12627,2024-03-24,2024,1,Demonstrations,Protests,Peaceful protest,Protesters (Bahrain),Bahraini Society Against Normalisation with Zionist Enemy,Protesters,,,,Protesters only,,48,Middle East,Bahrain,Capital,,,Manama - Adliya,26.216,50.5846,1,LuaLua TV,National,"On 24 March 2024, the Bahraini Society Against Normalization with Zionist Enemy held a protest outside its headquarters in Manama - Adliya (Capital) in solidarity with the Palestinian people in the context of the latest round of violence in Israel-Palestine. The protesters denounced the normalization of ties with Israel.",0,crowd size=no report,1723505819
BHR12628,2024-04-01,2024,1,Demonstrations,Protests,Peaceful protest,Protesters (Bahrain),February 14 Youth Coalition,Protesters,,,,Protesters only,,48,Middle East,Bahrain,Capital,,,Manama - Ras Al Ruman,26.2333,50.5833,1,14 February Revolution Youth Coalition; ADHRB,Other-National,"On 1 April 2024, demonstrators, including February 14 Youth Coalition, held a protest march in Manama - Ras Al Ruman (Capital) in solidarity with political detainees and denouncing the 'crimes' committed against them in prisons.",0,crowd size=no report,1723505819
BHR12630,2024-04-03,2024,1,Demonstrations,Protests,Peaceful protest,Protesters (Bahrain),February 14 Youth Coalition,Protesters,,,,Protesters only,,48,Middle East,Bahrain,Capital,,,Manama,26.2279,50.5857,1,14 February Revolution Youth Coalition; Bahrain Alyoum; Bahrain Mirror; LuaLua TV,Other-National,"On 3 April 2024, demonstrators, including February 14 Youth Coalition, protested in Manama (Capital) in solidarity with the Palestinian people and to commemorate International Quds Day. They denounced the normalization of diplomatic ties with Israel and called for cutting them and expelling the Israeli ambassador from Bahrain.",0,crowd size=no report,1723505819
BHR12638,2024-04-04,2024,1,Demonstrations,Protests,Peaceful protest,Protesters (Bahrain),February 14 Youth Coalition,Protesters,,,,Protesters only,,48,Middle East,Bahrain,Capital,,,Bilad al Qadim,26.2117,50.5619,1,14 February Revolution Youth Coalition; Bahrain Alyoum; Bahrain Mirror,Other-National,"On 4 April 2024, demonstrators, including February 14 Youth Coalition, protested in Bilad al Qadim (Capital) to denounce the normalization of diplomatic ties with Israel and to commemorate International Quds Day.",0,crowd size=no report,1723505819
BHR12641,2024-04-04,2024,1,Demonstrations,Protests,Peaceful protest,Protesters (Bahrain),February 14 Youth Coalition,Protesters,,,,Protesters only,,48,Middle East,Bahrain,Capital,,,Karbabad,26.2303,50.5294,1,14 February Revolution Youth Coalition,Other,"On 4 April 2024, demonstrators, including February 14 Youth Coalition, held a protest march in Karbabad (Capital) in solidarity with the Palestine people, to denounce the normalization of diplomatic ties with Israel and commemorate International Quds Day",0,crowd size=no report,1723505819
BHR12644,2024-04-04,2024,1,Demonstrations,Protests,Peaceful protest,Protesters (Bahrain),February 14 Youth Coalition,Protesters,,,,Protesters only,,48,Middle East,Bahrain,Capital,,,Seef,26.2383,50.5386,1,14 February Revolution Youth Coalition; ADHRB; Bahrain Alyoum; Bahrain Mirror; LuaLua TV,Other-National,"On 4 April 2024, families of political prisoners, including February 14 Youth Coalition, staged a sit-in inside the building of the National Institute for Human Rights in Seef (Capital) to call for the immediate release of all political prisoners.",0,crowd size=no report,1723505819
BHR12655,2024-03-29,2024,1,Demonstrations,Riots,Violent demonstration,Rioters (Bahrain),,Rioters,,,,Rioters only,,48,Middle East,Bahrain,Capital,,,Karbabad,26.2303,50.5294,1,ADHRB,National,"On 29 March 2024, demonstrators blocked a road with burning tires in Karbabad (Capital) as part of a demonstration to denounce the death of an inmate in Jaw Prison on 26 March.",0,crowd size=no report,1723505819
BHR12656,2024-03-27,2024,1,Demonstrations,Protests,Peaceful protest,Protesters (Bahrain),,Protesters,,,,Protesters only,,48,Middle East,Bahrain,Capital,,,Sanabis,26.2259,50.5452,1,Bahrain Alyoum,National,"On 27 March 2024, demonstrators held a protest in Sanabis (Capital) in solidarity with the protesters of Jaw prison following the death of a detainee in the prison on 26 March.",0,crowd size=no report,1723505819
BHR12657,2024-03-28,2024,1,Demonstrations,Protests,Peaceful protest,Protesters (Bahrain),,Protesters,,,,Protesters only,,48,Middle East,Bahrain,Capital,,,Seef,26.2383,50.5386,1,ADHRB,National,"On 28 March 2024, families of political prisoners protested in front of the Ombudsman building in Seef (Capital) following the cancellation of prison visits and the communication cut-off with the prisoners. They also denounced the cutting off of water and food supplies to prisoners.",0,crowd size=no report,1723505819
BHR12658,2024-04-05,2024,1,Demonstrations,Protests,Peaceful protest,Protesters (Bahrain),,Protesters,,,,Protesters only,,48,Middle East,Bahrain,Capital,,,Sanabis,26.2259,50.5452,1,Bahrain Alyoum,National,"On 5 April 2024, demonstrators, held a protest in Sanabis (Capital) in solidarity with the Palestinian people and to denounce the normalization of diplomatic ties with Israel and commemorate International Quds Day.",0,crowd size=no report,1723505819
BHR12661,2024-04-07,2024,1,Demonstrations,Protests,Peaceful protest,Protesters (Bahrain),Bahraini Society Against Normalisation with Zionist Enemy,Protesters,,,,Protesters only,,48,Middle East,Bahrain,Capital,,,Manama - Adliya,26.216,50.5846,1,LuaLua TV,National,"On 7 April 2024, the Bahraini Society Against Normalization with Zionist Enemy held a protest in Manama - Adliya (Capital) in solidarity with the Palestinian people and to denounce the normalization of ties with Israel.",0,crowd size=no report,1723505819
BHR12663,2024-04-06,2024,1,Demonstrations,Protests,Peaceful protest,Protesters (Bahrain),February 14 Youth Coalition,Protesters,,,,Protesters only,,48,Middle East,Bahrain,Capital,,,Southern Sehla,26.2019,50.5368,1,14 February Revolution Youth Coalition; Bahrain Alyoum; LuaLua TV,Other-National,"On 6 April 2024, a demonstrators, including February 14 Youth Coalition, held a large protest march in Southern Sehla (Capital) demanding the for release of the political prisoners.",0,crowd size=large,1723505819
BHR12671,2024-04-07,2024,1,Demonstrations,Protests,Peaceful protest,Protesters (Bahrain),February 14 Youth Coalition; Women (Bahrain),Protesters,,,,Protesters only,,48,Middle East,Bahrain,Northern,,,Karranah,26.2292,50.5094,1,14 February Revolution Youth Coalition; Bahrain Alyoum,Other-National,"On 7 April 2024, women demonstrators, including February 14 Youth Coalition, held a protest stand in Karranah (Northern) demanding the release of political prisoners.",0,crowd size=no report,1723505819
BHR12673,2024-04-05,2024,1,Demonstrations,Protests,Peaceful protest,Protesters (Bahrain),,Protesters,,,,Protesters only,,48,Middle East,Bahrain,Capital,,,Karbabad,26.2303,50.5294,1,ADHRB,National,"On 5 April 2024, demonstrators held a protest in Karbabad (Capital) to commemorate International Quds Day, under the slogan 'Flood of the Free'.",0,crowd size=no report,1723505819
BHR12676,2024-04-12,2024,1,Demonstrations,Protests,Peaceful protest,Protesters (Bahrain),,Protesters,,,,Protesters only,,48,Middle East,Bahrain,Muharraq,,,Samahij,26.28,50.635,1,Bahrain Alyoum,National,"On 12 April 2024, families of political detainees demonstrators held a protest in front of the police station of Samahij (Muharraq) calling for the release of all political prisoners.",0,crowd size=no report,1723505819
BHR12677,2024-04-12,2024,1,Demonstrations,Protests,Peaceful protest,Protesters (Bahrain),,Protesters,,,,Protesters only,,48,Middle East,Bahrain,Northern,,,Karranah,26.2292,50.5094,1,Bahrain Alyoum,National,"On 12 April 2024, protesters in Karranah (Northern) raised slogans and demanded the release of detainee Professor Abdul Wahab Husayn.",0,crowd size=no report,1723505819
BHR12682,2024-04-14,2024,1,Demonstrations,Protests,Peaceful protest,Protesters (Bahrain),February 14 Youth Coalition,Protesters,,,,Protesters only,,48,Middle East,Bahrain,Capital,,,Karbabad,26.2303,50.5294,1,14 February Revolution Youth Coalition; Bahrain Alyoum,Other-National,"On 14 April 2024, demonstrators, including February 14 Youth Coalition, held a large protest march in Karbabad (Capital) demanding the release of political detainees.",0,crowd size=large,1723505819
BHR12683,2024-04-15,2024,1,Demonstrations,Protests,Peaceful protest,Protesters (Bahrain),February 14 Youth Coalition,Protesters,,,,Protesters only,,48,Middle East,Bahrain,Capital,,,Karbabad,26.2303,50.5294,1,14 February Revolution Youth Coalition; Bahrain Mirror,Other-National,"On 15 April 2024, demonstrators, including February 14 Youth Coalition, held a large protest in Karbabad (Capital) demanding the release of political detainees.",0,crowd size=large,1723505819
BHR12685,2024-04-19,2024,1,Demonstrations,Protests,Peaceful protest,Protesters (Bahrain),February 14 Youth Coalition,Protesters,,,,Protesters only,,48,Middle East,Bahrain,Capital,,,Al Muqsha,26.2197,50.5231,1,14 February Revolution Youth Coalition; Bahrain Mirror,Other-National,"On 19 April 2024, demonstrators, including February 14 Youth Coalition, held a large protest in Al Muqsha (Capital) to commemorate the deaths of Ahmed and Ali Abbas in prison some years ago and demanding the release of political detainees.",0,crowd size=large,1723505819
BHR12686,2024-03-15,2024,1,Demonstrations,Protests,Peaceful protest,Protesters (Bahrain),,Protesters,,,,Protesters only,,48,Middle East,Bahrain,Capital,,,Sanabis,26.2259,50.5452,1,ADHRB,National,"On 15 March 2024, families of political prisoners held a protest in Sanabis (Capital) to demand the release of the political prisoners in Bahraini prisons.",0,crowd size=no report,1723505819
BHR12689,2024-04-14,2024,1,Demonstrations,Protests,Peaceful protest,Protesters (Bahrain),,Protesters,,,,Protesters only,,48,Middle East,Bahrain,Capital,,,Manama,26.2279,50.5857,1,ADHRB,National,"On 14 April 2024, demonstrators held a protest in Manama (Capital) demanding the release of political detainees.",0,crowd size=no report,1723505819
BHR12691,2024-04-14,2024,1,Demonstrations,Protests,Peaceful protest,Protesters (Bahrain),,Protesters,,,,Protesters only,,48,Middle East,Bahrain,Muharraq,,,Samahij,26.28,50.635,1,Bahrain Alyoum,National,"On 14 April 2024, families of political detainees held a protest in front of the police station in Samahij (Muharraq) demanding the release of political detainees.",0,crowd size=no report,1723505819
BHR12693,2024-04-15,2024,1,Demonstrations,Protests,Peaceful protest,Protesters (Bahrain),,Protesters,,,,Protesters only,,48,Middle East,Bahrain,Capital,,,Sanabis,26.2259,50.5452,1,LuaLua TV,National,"On 15 April 2024, demonstrators held a protest in front of Al Maaridh (Exhibitions) in Sanabis (Capital) demanding the release of political detainees.",0,crowd size=no report,1723505819
BHR12695,2024-04-15,2024,1,Demonstrations,Protests,Peaceful protest,Protesters (Bahrain),February 14 Youth Coalition,Protesters,,,,Protesters only,,48,Middle East,Bahrain,Muharraq,,,Samahij,26.28,50.635,1,14 February Revolution Youth Coalition,Other,"On 15 April 2024, demonstrators, including February 14 Youth Coalition, held a protest in front of the police station in Samahij (Muharraq) demanding the release of political detainees.",0,crowd size=no report,1723505819
BHR12699,2024-04-17,2024,1,Demonstrations,Protests,Peaceful protest,Protesters (Bahrain),February 14 Youth Coalition,Protesters,,,,Protesters only,,48,Middle East,Bahrain,Capital,,,Sanabis,26.2259,50.5452,1,14 February Revolution Youth Coalition,Other,"On 17 April 2024, demonstrators, including February 14 Youth Coalition, held a protest in front of Al Maaridh (Exhibitions) in Sanabis (Capital) demanding the release of political detainees.",0,crowd size=no report,1723505819
BHR12702,2024-04-18,2024,1,Demonstrations,Protests,Peaceful protest,Protesters (Bahrain),February 14 Youth Coalition,Protesters,,,,Protesters only,,48,Middle East,Bahrain,Capital,,,Sanabis,26.2259,50.5452,1,14 February Revolution Youth Coalition; Bahrain Alyoum,Other-National,"On 18 April 2024, demonstrators, including February 14 Youth Coalition, held a protest in front of Al Maaridh (Exhibitions) in Sanabis (Capital) demanding the release of political detainees.",0,crowd size=no report,1723505819
BHR12705,2024-04-19,2024,1,Demonstrations,Protests,Peaceful protest,Protesters (Bahrain),February 14 Youth Coalition,Protesters,,,,Protesters only,,48,Middle East,Bahrain,Capital,,,Sanabis,26.2259,50.5452,1,14 February Revolution Youth Coalition; LuaLua TV,Other-National,"On 19 April 2024, demonstrators, including February 14 Youth Coalition, held a protest in Sanabis (Capital) demanding the release of political detainees.",0,crowd size=no report,1723505819
BHR12706,2024-04-19,2024,1,Demonstrations,Protests,Peaceful protest,Protesters (Bahrain),February 14 Youth Coalition,Protesters,,,,Protesters only,,48,Middle East,Bahrain,Muharraq,,,Al Dair,26.2842,50.6236,1,14 February Revolution Youth Coalition,Other,"On 19 April 2024, demonstrators, including February 14 Youth Coalition, held a protest in Al Dair (Muharraq) demanding the release of political detainees.",0,crowd size=no report,1723505819
BHR12709,2024-04-15,2024,1,Demonstrations,Protests,Peaceful protest,Protesters (Bahrain),,Protesters,,,,Protesters only,,48,Middle East,Bahrain,Capital,,,Manama,26.2279,50.5857,1,ADHRB; Bahrain Mirror; LuaLua TV,National,"On 15 April 2024, families of Jaw Prison political prisoners and those sentenced to death including women held a protest in front of the Council of Ministers in Manama (Capital) demanding the release of political detainees.",0,crowd size=no report,1723505819
BHR12715,2024-04-23,2024,1,Demonstrations,Protests,Peaceful protest,Protesters (Bahrain),February 14 Youth Coalition,Protesters,,,,Protesters only,,48,Middle East,Bahrain,Capital,,,Al Musalla,26.2122,50.5372,1,14 February Revolution Youth Coalition; ADHRB; Bahrain Alyoum,Other-National,"On 23 April 2024, demonstrators, including February 14 Youth Coalition, held a large protest in Al Musalla (Capital) demanding the release of political detainees.",0,crowd size=large,1723505819
BHR12716,2024-04-23,2024,1,Demonstrations,Protests,Peaceful protest,Protesters (Bahrain),February 14 Youth Coalition,Protesters,,,,Protesters only,,48,Middle East,Bahrain,Capital,,,Sanabis,26.2259,50.5452,1,14 February Revolution Youth Coalition; Bahrain Alyoum,Other-National,"On 23 April 2024, demonstrators, including February 14 Youth Coalition, held a protest in front of the police station in Sanabis (Capital) demanding the release of political detainees.",0,crowd size=no report,1723505819
BHR12717,2024-04-23,2024,1,Demonstrations,Protests,Peaceful protest,Protesters (Bahrain),February 14 Youth Coalition,Protesters,,,,Protesters only,,48,Middle East,Bahrain,Muharraq,,,Samahij,26.28,50.635,1,14 February Revolution Youth Coalition; ADHRB; Bahrain Alyoum,Other-National,"On 23 April 2024, families of political detainees, including February 14 Youth Coalition, held a protest in front of the police station in Samahij (Muharraq) demanding the release of political detainees.",0,crowd size=no report,1723505819
BHR12719,2024-04-24,2024,1,Demonstrations,Protests,Peaceful protest,Protesters (Bahrain),February 14 Youth Coalition,Protesters,,,,Protesters only,,48,Middle East,Bahrain,Capital,,,Sanabis,26.2259,50.5452,1,14 February Revolution Youth Coalition; ADHRB; Bahrain Alyoum,Other-National,"On 24 April 2024, demonstrators, including February 14 Youth Coalition, held a protest in front of the police station in Sanabis (Capital) demanding the immediate release of all prisoners.",0,crowd size=no report,1723505819
BHR12721,2024-04-24,2024,1,Demonstrations,Protests,Peaceful protest,Protesters (Bahrain),February 14 Youth Coalition,Protesters,,,,Protesters only,,48,Middle East,Bahrain,Muharraq,,,Samahij,26.28,50.635,1,14 February Revolution Youth Coalition; Bahrain Alyoum,Other-National,"On 24 April 2024, for the second day, families of political detainees, including February 14 Youth Coalition, held a protest in front of the police station in Samahij (Muharraq) demanding the release of political detainees.",0,crowd size=no report,1723505819
BHR12723,2024-04-25,2024,1,Demonstrations,Protests,Peaceful protest,Protesters (Bahrain),February 14 Youth Coalition,Protesters,,,,Protesters only,,48,Middle East,Bahrain,Capital,,,Karbabad,26.2303,50.5294,1,14 February Revolution Youth Coalition; Bahrain Alyoum; Bahrain Mirror; LuaLua TV,Other-National,"On 25 April 2024, demonstrators, including February 14 Youth Coalition, held a large protest in Karbabad (Capital) demanding the release of political detainees.",0,crowd size=large,1723505819
BHR12724,2024-04-26,2024,1,Demonstrations,Protests,Peaceful protest,Protesters (Bahrain),February 14 Youth Coalition,Protesters,,,,Protesters only,,48,Middle East,Bahrain,Capital,,,Al Daih,26.225,50.5362,1,14 February Revolution Youth Coalition; Bahrain Alyoum,Other-National,"On 26 April 2024, demonstrators, including February 14 Youth Coalition, held a large protest in Al Daih (Capital) demanding the release of political detainees.",0,crowd size=large,1723505819
BHR12726,2024-04-26,2024,1,Demonstrations,Protests,Peaceful protest,Protesters (Bahrain),February 14 Youth Coalition,Protesters,,,,Protesters only,,48,Middle East,Bahrain,Capital,,,Sanabis,26.2259,50.5452,1,14 February Revolution Youth Coalition; Bahrain Alyoum,Other-National,"On 26 April 2024, demonstrators, including February 14 Youth Coalition, held a protest in front of the police station in Sanabis (Capital) demanding the release of political detainees.",0,crowd size=no report,1723505819
BHR12731,2024-04-18,2024,1,Demonstrations,Protests,Peaceful protest,Protesters (Bahrain),,Protesters,,,,Protesters only,,48,Middle East,Bahrain,Capital,,,Manama,26.2279,50.5857,1,ADHRB,National,"On 18 April 2024, demonstrators held a protest in Manama (Capital) demanding the release of political detainees.",0,crowd size=no report,1723505819
BHR12732,2024-04-19,2024,1,Demonstrations,Protests,Peaceful protest,Protesters (Bahrain),,Protesters,,,,Protesters only,,48,Middle East,Bahrain,Capital,,,Manama,26.2279,50.5857,1,Bahrain Mirror,National,"On 19 April 2024, demonstrators held a protest in Manama (Capital) to denounce the normalization of diplomatic ties with Israel and called for cutting them.",0,crowd size=no report,1723505819
BHR12741,2024-04-27,2024,1,Demonstrations,Protests,Peaceful protest,Protesters (Bahrain),February 14 Youth Coalition,Protesters,,,,Protesters only,,48,Middle East,Bahrain,Capital,,,Sanabis,26.2259,50.5452,1,14 February Revolution Youth Coalition; Bahrain Alyoum; LuaLua TV,Other-National,"On 27 April 2024, families of political detainees, including February 14 Youth Coalition, held a protest in front of the police station in Sanabis (Capital) demanding the release of political detainees.",0,crowd size=no report,1723505819
BHR12743,2024-04-08,2024,1,Strategic developments,Strategic developments,Other,Government of Bahrain (1999-),,State forces,,,,State forces only,,48,Middle East,Bahrain,Capital,,,Manama,26.2279,50.5857,1,ADHRB; Bahrain Center for Human Rights; Bahrain Mirror; Gulf News (UAE); LuaLua TV; The National (UAE); UNHCR,Other-National,"Other: On 8 April 2024, Bahrain's King issued a royal decree pardoning 1,584 convicts (coded to Manama) (Capital). Some sources claimed that this was the largest royal pardon since the 2001 general amnesty.",0,,1723505819
BHR12744,2024-04-27,2024,1,Demonstrations,Protests,Peaceful protest,Protesters (Bahrain),February 14 Youth Coalition,Protesters,,,,Protesters only,,48,Middle East,Bahrain,Muharraq,,,Samahij,26.28,50.635,1,14 February Revolution Youth Coalition; Bahrain Alyoum,Other-National,"On 27 April 2024, families of political detainees, including February 14 Youth Coalition, held a protest in front of the police station in Samahij (Muharraq) demanding the release of political detainees.",0,crowd size=no report,1723505819
BHR12746,2024-04-28,2024,1,Demonstrations,Protests,Peaceful protest,Protesters (Bahrain),February 14 Youth Coalition,Protesters,,,,Protesters only,,48,Middle East,Bahrain,Capital,,,Al Daih,26.225,50.5362,1,14 February Revolution Youth Coalition,Other,"On 28 April 2024, demonstrators, including February 14 Youth Coalition, held a protest in Al Daih (Capital) demanding the release of political detainees.",0,crowd size=no report,1723505819
BHR12747,2024-04-28,2024,1,Demonstrations,Protests,Peaceful protest,Protesters (Bahrain),February 14 Youth Coalition,Protesters,,,,Protesters only,,48,Middle East,Bahrain,Capital,,,Sanabis,26.2259,50.5452,1,14 February Revolution Youth Coalition; Bahrain Alyoum; LuaLua TV,Other-National,"On 28 April 2024, for the second consecutive day, families of political detainees, including February 14 Youth Coalition, held a protest in front of Al Maaridh police station in Sanabis (Capital) demanding the release of political detainees.",0,crowd size=no report,1723505819
BHR12750,2024-04-28,2024,1,Demonstrations,Protests,Peaceful protest,Protesters (Bahrain),February 14 Youth Coalition,Protesters,,,,Protesters only,,48,Middle East,Bahrain,Muharraq,,,Samahij,26.28,50.635,1,14 February Revolution Youth Coalition; LuaLua TV,Other-National,"On 28 April 2024, for the second consecutive day, families of political detainees, including February 14 Youth Coalition, held a protest in front of the police station in Samahij (Muharraq) demanding the release of political detainees.",0,crowd size=no report,1723505819
BHR12753,2024-04-29,2024,1,Demonstrations,Protests,Peaceful protest,Protesters (Bahrain),February 14 Youth Coalition,Protesters,,,,Protesters only,,48,Middle East,Bahrain,Capital,,,Sanabis,26.2259,50.5452,1,14 February Revolution Youth Coalition; ADHRB; Bahrain Alyoum,Other-National,"On 29 April 2024, for the third consecutive day, families of political detainees, including February 14 Youth Coalition, held a protest in front of Al Maaridh police station in Sanabis (Capital) demanding the release of political detainees.",0,crowd size=no report,1723505819
BHR12755,2024-04-30,2024,1,Demonstrations,Protests,Peaceful protest,Protesters (Bahrain),February 14 Youth Coalition,Protesters,,,,Protesters only,,48,Middle East,Bahrain,Muharraq,,,Samahij,26.28,50.635,1,14 February Revolution Youth Coalition,Other,"On 30 April 2024, families of political detainees, including February 14 Youth Coalition, held a protest in front of the police station in Samahij (Muharraq) demanding the release of political detainees.",0,crowd size=no report,1723505819
BHR12762,2024-05-03,2024,1,Demonstrations,Protests,Peaceful protest,Protesters (Bahrain),February 14 Youth Coalition,Protesters,,,,Protesters only,,48,Middle East,Bahrain,Capital,,,Jidd Hafs,26.2167,50.5333,2,14 February Revolution Youth Coalition; ADHRB; Bahrain Alyoum,Other-National,"On 3 May 2024, demonstrators, including February 14 Youth Coalition, held a large protest march starting from Sanabis and ending in Jidd Hafs (Capital) in solidarity with Bahraini political prisoners and to call for their immediate release.",0,crowd size=large,1723505819
BHR12765,2024-05-02,2024,1,Demonstrations,Riots,Violent demonstration,Rioters (Bahrain),February 14 Youth Coalition,Rioters,,,,Rioters only,,48,Middle East,Bahrain,Capital,,,Sanabis,26.2259,50.5452,1,14 February Revolution Youth Coalition,Other,"On 2 May 2024, demonstrators, including February 14 Youth Coalition, blocked a road with fire in Sanabis (Capital) to denounce the assault of demonstrators by Bahraini forces in front of Jaw Prison.",0,crowd size=no report,1723505819
BHR12774,2024-04-28,2024,1,Demonstrations,Protests,Peaceful protest,Protesters (Bahrain),,Protesters,,,,Protesters only,,48,Middle East,Bahrain,Capital,,,Manama,26.2279,50.5857,1,ADHRB,National,"On 28 April 2024, families of political detainees held a protest in front of the police station in Manama (Capital) demanding the release of political detainees.",0,crowd size=no report,1723505819
BHR12775,2024-04-29,2024,1,Demonstrations,Protests,Peaceful protest,Protesters (Bahrain),,Protesters,,,,Protesters only,,48,Middle East,Bahrain,Capital,,,Manama,26.2279,50.5857,1,ADHRB; LuaLua TV,National,"On 29 April 2024, demonstrators including women held a protest in front of the Council of Ministers in Manama (Capital) demanding the release of political detainees.",0,crowd size=no report,1723505819
BHR12777,2024-05-04,2024,1,Demonstrations,Protests,Peaceful protest,Protesters (Bahrain),February 14 Youth Coalition,Protesters,,,,Protesters only,,48,Middle East,Bahrain,Capital,,,Sanabis,26.2259,50.5452,1,14 February Revolution Youth Coalition; Bahrain Alyoum,Other-National,"On 4 May 2024, demonstrators, including February 14 Youth Coalition, held a protest in front of the police station in Sanabis (Capital) demanding the release of political detainees.",0,crowd size=no report,1723505819
BHR12778,2024-05-04,2024,1,Demonstrations,Protests,Peaceful protest,Protesters (Bahrain),February 14 Youth Coalition,Protesters,,,,Protesters only,,48,Middle East,Bahrain,Northern,,,Karranah,26.2292,50.5094,1,14 February Revolution Youth Coalition; Bahrain Alyoum,Other-National,"On 4 May 2024, demonstrators, including February 14 Youth Coalition, held a protest in Karranah (Northern) demanding the release of political detainees.",0,crowd size=no report,1723505819
BHR12781,2024-05-07,2024,1,Demonstrations,Protests,Peaceful protest,Protesters (Bahrain),Labor Group (Bahrain),Protesters,,,,Protesters only,,48,Middle East,Bahrain,Capital,,,Manama,26.2279,50.5857,1,LuaLua TV,National,"On 7 May 2024, members of the 'Khotwa' (Step) Program protested in front of the Social Insurance Organization's headquarters in Manama (Capital) calling on authorities to intervene and provide them with a solution to their pension requests.",0,crowd size=no report,1723505819
BHR12782,2024-05-07,2024,1,Demonstrations,Protests,Peaceful protest,Protesters (Bahrain),February 14 Youth Coalition,Protesters,,,,Protesters only,,48,Middle East,Bahrain,Capital,,,Sanabis,26.2259,50.5452,1,14 February Revolution Youth Coalition; ADHRB; Bahrain Alyoum,Other-National,"On 7 May 2024, families of political detainees, including February 14 Youth Coalition, held a protest in front of Al Maaridh police station in Sanabis (Capital) demanding the release of political detainees.",0,crowd size=no report,1723505819
BHR12790,2024-05-10,2024,1,Demonstrations,Protests,Peaceful protest,Protesters (Bahrain),February 14 Youth Coalition,Protesters,,,,Protesters only,,48,Middle East,Bahrain,Capital,,,Bilad al Qadim,26.2117,50.5619,1,14 February Revolution Youth Coalition; ADHRB; Bahrain Alyoum,Other-National,"On 10 May 2024, demonstrators, including February 14 Youth Coalition, held a large protest in Bilad al Qadim (Capital) demanding the release of political detainees.",0,crowd size=large,1723505819
BHR12791,2024-05-10,2024,1,Demonstrations,Protests,Peaceful protest,Protesters (Bahrain),Bahraini Society Against Normalisation with Zionist Enemy,Protesters,,,,Protesters only,,48,Middle East,Bahrain,Capital,,,Manama - Adliya,26.216,50.5846,1,Bahraini Society Against Normalisation with Zionist Enemy,Other,"On 10 May 2024, the Bahraini Society Against Normalization with Zionist Enemy held a protest in Manama - Adliya (Capital) in solidarity with the Palestinian people and to denounce the normalization of ties with Israel.",0,crowd size=no report,1723505819
BHR12797,2024-05-11,2024,1,Demonstrations,Protests,Peaceful protest,Protesters (Bahrain),February 14 Youth Coalition,Protesters,,,,Protesters only,,48,Middle East,Bahrain,Capital,,,Sanabis,26.2259,50.5452,1,14 February Revolution Youth Coalition; Bahrain Alyoum,Other-National,"On 11 May 2024, demonstrators, including February 14 Youth Coalition, held a protest in Sanabis (Capital) demanding the release of political detainees.",0,crowd size=no report,1723505819
BHR12800,2024-05-12,2024,1,Demonstrations,Protests,Peaceful protest,Protesters (Bahrain),,Protesters,,,,Protesters only,,48,Middle East,Bahrain,Capital,,,Manama,26.2279,50.5857,1,Bahrain Mirror; LuaLua TV,National,"On 12 May 2024, a number of detainees released as part of the recently issued royal pardon staged a sit-in in front of the Housing Authority in Manama (Capital) demanding for the return of housing allowances.",0,crowd size=no report,1723505819
BHR12802,2024-05-13,2024,1,Demonstrations,Protests,Peaceful protest,Protesters (Bahrain),,Protesters,,,,Protesters only,,48,Middle East,Bahrain,Capital,,,Sanabis,26.2259,50.5452,1,Bahrain Alyoum,National,"On 13 May 2024, demonstrators held a protest in Sanabis (Capital) demanding the release of political detainees.",0,crowd size=no report,1723505819
BHR12804,2024-05-13,2024,1,Demonstrations,Protests,Protest with intervention,Protesters (Bahrain),Labor Group (Bahrain),Protesters,Police Forces of Bahrain (1999-),,State forces,State forces-Protesters,,48,Middle East,Bahrain,Capital,,,Manama,26.2279,50.5857,1,ADHRB; Bahrain Mirror,National,"On 13 May 2024, demonstrators affected by the 'Khotwa' (Step) Program for Home Projects held a protest outside the Social Insurance Organization's headquarters in Manama (Capital) demanding to speed up the completion of retirement and pension procedures. The police forces arrested them and released them the next day after they signed pledges not to protest again.",0,crowd size=no report,1753969827
BHR12806,2024-05-16,2024,1,Demonstrations,Riots,Violent demonstration,Rioters (Bahrain),February 14 Youth Coalition,Rioters,,,,Rioters only,,48,Middle East,Bahrain,Capital,,,Sanabis,26.2259,50.5452,1,14 February Revolution Youth Coalition,Other,"On 16 May 2024, anti-regime demonstrators, including February 14 Youth Coalition, blocked the road with burning tires in front of Al Maaridh police station in Sanabis (Capital) as part of a demonstration tribute to 'martyr' Ali Faisal who died in anti-regime demonstrations in 2014.",0,crowd size=no report,1723505819
BHR12809,2024-05-17,2024,1,Demonstrations,Protests,Peaceful protest,Protesters (Bahrain),Bahraini Society Against Normalisation with Zionist Enemy,Protesters,,,,Protesters only,,48,Middle East,Bahrain,Capital,,,Manama - Adliya,26.216,50.5846,1,ADHRB; Bahrain Alyoum; Bahraini Society Against Normalisation with Zionist Enemy,Other-National,"On 17 May 2024, the Bahraini Society Against Normalization with Zionist Enemy held a protest outside its headquarters in Manama - Adliya (Capital) in solidarity with the Palestinian people and to denounce the normalization of ties with Israel.",0,crowd size=no report,1723505819
BHR12812,2024-05-17,2024,1,Demonstrations,Protests,Peaceful protest,Protesters (Bahrain),February 14 Youth Coalition,Protesters,,,,Protesters only,,48,Middle East,Bahrain,Muharraq,,,Al Dair,26.2842,50.6236,1,14 February Revolution Youth Coalition,Other,"On 17 May 2024, demonstrators, including February 14 Youth Coalition, held a protest in Al Dair (Muharraq) demanding the release of political detainees.",0,crowd size=no report,1723505819
BHR12814,2024-05-17,2024,1,Demonstrations,Protests,Peaceful protest,Protesters (Bahrain),February 14 Youth Coalition,Protesters,,,,Protesters only,,48,Middle East,Bahrain,Northern,,,Karranah,26.2292,50.5094,1,14 February Revolution Youth Coalition; ADHRB,Other-National,"On 17 May 2024, demonstrators, including February 14 Youth Coalition, held a protest in Karranah (Northern) demanding the release of political detainees.",0,crowd size=no report,1723505819
BHR12817,2024-05-18,2024,1,Demonstrations,Protests,Peaceful protest,Protesters (Bahrain),February 14 Youth Coalition,Protesters,,,,Protesters only,,48,Middle East,Bahrain,Capital,,,Sanabis,26.2259,50.5452,1,14 February Revolution Youth Coalition; Bahrain Alyoum; LuaLua TV,Other-National,"On 18 May 2024, demonstrators, including February 14 Youth Coalition, held a protest in Sanabis (Capital) demanding the release of political detainees.",0,crowd size=no report,1723505819
BHR12819,2024-05-21,2024,1,Demonstrations,Protests,Peaceful protest,Protesters (Bahrain),February 14 Youth Coalition,Protesters,,,,Protesters only,,48,Middle East,Bahrain,Capital,,,Sanabis,26.2259,50.5452,1,14 February Revolution Youth Coalition; ADHRB,Other-National,"On 21 May 2024, demonstrators, including February 14 Youth Coalition, held a protest in Sanabis (Capital) demanding the release of political detainees.",0,crowd size=no report,1723505819
BHR12827,2024-05-17,2024,1,Demonstrations,Protests,Peaceful protest,Protesters (Bahrain),,Protesters,,,,Protesters only,,48,Middle East,Bahrain,Capital,,,Az Zinj,26.2153,50.5642,1,ADHRB,National,"On 17 May 2024, demonstrators held a protest in Az Zinj (Capital). Police forces prevented the protesters from reaching the main street by blocking the street. There was no physical interaction. The reason behind the demonstration was not reported.",0,crowd size=no report,1723505819
BHR12830,2024-06-10,2024,1,Demonstrations,Protests,Protest with intervention,Protesters (Bahrain),February 14 Youth Coalition,Protesters,Police Forces of Bahrain (1999-),,State forces,State forces-Protesters,,48,Middle East,Bahrain,Capital,,,Sanabis,26.2259,50.5452,1,14 February Revolution Youth Coalition; ADHRB; Bahrain Alyoum; Bahrain Center for Human Rights,Other-National,"On 10 June 2024, demonstrators, including February 14 Youth Coalition, held a protest in front of the police station in Sanabis (Capital) demanding the release of political detainees. The police forces surrounded the demonstrators and arrested 80.",0,crowd size=no report,1753969827
BHR12832,2024-06-14,2024,1,Demonstrations,Protests,Peaceful protest,Protesters (Bahrain),Bahraini Society Against Normalisation with Zionist Enemy,Protesters,,,,Protesters only,,48,Middle East,Bahrain,Capital,,,Manama - Adliya,26.216,50.5846,1,Bahraini Society Against Normalisation with Zionist Enemy; LuaLua TV,Other-National,"On 14 June 2024, the Bahraini Society Against Normalization with Zionist Enemy held a protest in 7th October square in Manama - Adliya (Capital) in solidarity with the Palestinian people and to denounce the normalization of ties with Israel.",0,crowd size=no report,1723505819
BHR12834,2024-06-15,2024,1,Strategic developments,Strategic developments,Other,Government of Bahrain (1999-),,State forces,,,,State forces only,,48,Middle East,Bahrain,Capital,,,Manama,26.2279,50.5857,1,14 February Revolution Youth Coalition; ADHRB; Bahrain Alyoum; Bahrain Center for Human Rights; Bahrain Mirror; Bahrain News Agency; LuaLua TV,Other-National,"Other: On 15 June 2024, Bahrain's King issued a royal decree pardoning 545 convicts (coded to Manama) (Capital) on the occasion of Eid al-Adha. According to certain sources, the decree encompassed only 5 of the estimated 556 remaining political detainees.",0,,1723505819
BHR12835,2024-06-16,2024,1,Demonstrations,Protests,Peaceful protest,Protesters (Bahrain),February 14 Youth Coalition,Protesters,,,,Protesters only,,48,Middle East,Bahrain,Muharraq,,,Samahij,26.28,50.635,1,14 February Revolution Youth Coalition; Bahrain Alyoum; LuaLua TV,Other-National,"On 16 June 2024, demonstrators, including February 14 Youth Coalition, held a protest in Samahij (Muharraq) in solidarity with the Palestinian people in Gaza and denouncing the hosting of the Israeli interim Chief of Staff and demanding the release of political detainees.",0,crowd size=no report,1723505819
BHR12836,2024-06-19,2024,1,Demonstrations,Protests,Peaceful protest,Protesters (Bahrain),February 14 Youth Coalition,Protesters,,,,Protesters only,,48,Middle East,Bahrain,Capital,,,Southern Sehla,26.2019,50.5368,1,14 February Revolution Youth Coalition; ADHRB,Other-National,"On 19 June 2024, demonstrators, including February 14 Youth Coalition, held a protest in Southern Sehla (Capital) demanding the release of political detainees.",0,crowd size=no report,1723505819
BHR12838,2024-06-20,2024,1,Demonstrations,Protests,Peaceful protest,Protesters (Bahrain),,Protesters,,,,Protesters only,,48,Middle East,Bahrain,Capital,,,Seef,26.2383,50.5386,1,ADHRB; Bahrain Alyoum; Bahrain Mirror,National,"On 20 June 2024, families of political prisoners staged two sit-ins in front of the building of the National Institute for Human Rights and of the Ombudsman building in Seef (Capital) to call for the immediate release of all political prisoners.",0,crowd size=no report,1723505819
BHR12840,2024-06-21,2024,1,Demonstrations,Protests,Peaceful protest,Protesters (Bahrain),Bahraini Society Against Normalisation with Zionist Enemy,Protesters,,,,Protesters only,,48,Middle East,Bahrain,Capital,,,Manama - Adliya,26.216,50.5846,1,Bahraini Society Against Normalisation with Zionist Enemy; LuaLua TV,Other-National,"On 21 June 2024, the Bahraini Society Against Normalization with Zionist Enemy held a protest outside its headquarters in Manama - Adliya (Capital) in solidarity with the Palestinian people in the context of the latest round of violence in Gaza and to denounce the normalization of ties with Israel.",0,crowd size=no report,1723505819
BHR12846,2024-05-27,2024,1,Demonstrations,Protests,Protest with intervention,Protesters (Bahrain),February 14 Youth Coalition,Protesters,Police Forces of Bahrain (1999-),,State forces,State forces-Protesters,,48,Middle East,Bahrain,Capital,,,Bilad al Qadim,26.2117,50.5619,1,14 February Revolution Youth Coalition; Bahrain Alyoum; Bahrain Mirror,Other-National,"On 27 May 2024, demonstrators, including February 14 Youth Coalition, held a large protest in Bilad al Qadim (Capital) in solidarity with the Palestinian people and to denounce the Israeli 'crimes' in the context of the latest round of violence in Rafah. Bahraini police forces intervened to disperse the protest and chased the protesters to arrest them.",0,crowd size=large,1753969827
BHR12847,2024-05-31,2024,1,Demonstrations,Riots,Violent demonstration,Rioters (Bahrain),February 14 Youth Coalition,Rioters,,,,Rioters only,,48,Middle East,Bahrain,Capital,,,Bilad al Qadim,26.2117,50.5619,1,14 February Revolution Youth Coalition,Other,"On 31 May 2024, demonstrators, including February 14 Youth Coalition, set tires on fire and blocked a road in Bilad al Qadim (Capital) as part of a demonstration tribute to 'martyrs' Sadiq Thamer and Jaafar Sultan who were executed by the Saudi regime in May 2023.",0,crowd size=no report,1723505819
BHR12848,2024-06-03,2024,1,Demonstrations,Protests,Peaceful protest,Protesters (Bahrain),,Protesters,,,,Protesters only,,48,Middle East,Bahrain,Capital,,,Jidd Hafs,26.2167,50.5333,1,ADHRB,National,"On 3 June 2024, demonstrators held a protest stand in front of Al Hashimi complex in Jidd Hafs (Capital) in solidarity with the prisoners.",0,crowd size=no report,1723505819
BHR12849,2024-05-27,2024,1,Demonstrations,Protests,Protest with intervention,Protesters (Bahrain),February 14 Youth Coalition,Protesters,Police Forces of Bahrain (1999-),,State forces,State forces-Protesters,,48,Middle East,Bahrain,Capital,,,Manama,26.2279,50.5857,1,14 February Revolution Youth Coalition; ADHRB; Bahrain Alyoum; Bahrain Mirror,Other-National,"On 27 May 2024, dozens of demonstrators, including February 14 Youth Coalition, held a protest near the US Embassy in the west part of Manama (Capital) in solidarity with the Palestinian people and to denounce the Israeli 'crimes' in the context of the latest round of violence in Rafah. Bahraini police forces intervened and dispersed the protest.",0,crowd size=dozens,1753969827
BHR12850,2024-05-27,2024,1,Demonstrations,Protests,Peaceful protest,Protesters (Bahrain),,Protesters,,,,Protesters only,,48,Middle East,Bahrain,Capital,,,Manama,26.2279,50.5857,1,ADHRB; LuaLua TV,National,"On 27 May 2024, a number of detainees released as part of the recently issued royal pardon staged a sit-in in front of the Housing Authority in Manama (Capital) demanding for the return of housing allowances.",0,crowd size=no report,1723505819
BHR12851,2024-05-31,2024,1,Demonstrations,Protests,Peaceful protest,Protesters (Bahrain),Bahrain Human Rights Society; Bahraini Society Against Normalisation with Zionist Enemy,Protesters,,,,Protesters only,,48,Middle East,Bahrain,Capital,,,Manama,26.2279,50.5857,1,Bahrain Alyoum; Bahrain Mirror; Bahraini Society Against Normalisation with Zionist Enemy,Other-National,"On 31 May 2024, the Bahraini Society Against Normalization with Zionist Enemy and Bahrain Human Rights Society in addition to 20 other societies held a large protest in Manama (Capital) in solidarity with the Palestinian people and to denounce the Israeli 'crimes' in the context of the latest round of violence in Rafah. They also denounced the normalization of diplomatic ties with Israel.",0,crowd size=large,1723505819
BHR12852,2024-05-25,2024,1,Demonstrations,Protests,Peaceful protest,Protesters (Bahrain),Bahraini Society Against Normalisation with Zionist Enemy,Protesters,,,,Protesters only,,48,Middle East,Bahrain,Capital,,,Manama - Adliya,26.216,50.5846,1,LuaLua TV,National,"On 25 May 2024, the Bahraini Society Against Normalization with Zionist Enemy held a protest outside its headquarters in Manama - Adliya (Capital) in solidarity with the Palestinian people and to denounce the normalization of ties with Israel.",0,crowd size=no report,1723505819
BHR12853,2024-05-25,2024,1,Demonstrations,Protests,Peaceful protest,Protesters (Bahrain),February 14 Youth Coalition,Protesters,,,,Protesters only,,48,Middle East,Bahrain,Capital,,,Sanabis,26.2259,50.5452,1,14 February Revolution Youth Coalition; ADHRB; Bahrain Alyoum,Other-National,"On 25 May 2024, demonstrators, including February 14 Youth Coalition, held a protest in Sanabis (Capital) demanding the release of political detainees.",0,crowd size=no report,1723505819
BHR12854,2024-05-27,2024,1,Demonstrations,Protests,Peaceful protest,Protesters (Bahrain),February 14 Youth Coalition,Protesters,,,,Protesters only,,48,Middle East,Bahrain,Capital,,,Sanabis,26.2259,50.5452,1,14 February Revolution Youth Coalition; Bahrain Alyoum,Other-National,"On 27 May 2024, demonstrators, including February 14 Youth Coalition, held a protest in Sanabis (Capital) under the slogan 'Martyrs on the Path of the Mahdi' to demand the recovery of the bodies of the executed 'martyrs' in Saudi Arabia.",0,crowd size=no report,1723505819
BHR12855,2024-05-31,2024,1,Demonstrations,Protests,Peaceful protest,Protesters (Bahrain),February 14 Youth Coalition,Protesters,,,,Protesters only,,48,Middle East,Bahrain,Capital,,,Sanabis,26.2259,50.5452,1,14 February Revolution Youth Coalition; Bahrain Alyoum,Other-National,"On 31 May 2024, demonstrators, including February 14 Youth Coalition, held a large protest in Sanabis (Capital) in solidarity with the Palestinian people and to denounce the Israeli 'crimes' in the context of the latest round of violence in Rafah. They also denounced the normalization of diplomatic ties with Israel.",0,crowd size=large,1723505819
BHR12856,2024-06-01,2024,1,Demonstrations,Protests,Peaceful protest,Protesters (Bahrain),February 14 Youth Coalition,Protesters,,,,Protesters only,,48,Middle East,Bahrain,Capital,,,Sanabis,26.2259,50.5452,1,14 February Revolution Youth Coalition,Other,"On 1 June 2024, demonstrators, including February 14 Youth Coalition, held a large protest in Sanabis (Capital) demanding the release of political detainees.",0,crowd size=large,1723505819
BHR12857,2024-06-03,2024,1,Demonstrations,Protests,Peaceful protest,Protesters (Bahrain),,Protesters,,,,Protesters only,,48,Middle East,Bahrain,Capital,,,Sanabis,26.2259,50.5452,1,ADHRB; Bahrain Alyoum,National,"On 3 June 2024, demonstrators held a protest in Sanabis (Capital) demanding the release of political detainees.",0,crowd size=no report,1723505819
BHR12858,2024-06-06,2024,1,Demonstrations,Riots,Violent demonstration,Rioters (Bahrain),February 14 Youth Coalition,Rioters,,,,Rioters only,,48,Middle East,Bahrain,Capital,,,Sanabis,26.2259,50.5452,1,14 February Revolution Youth Coalition,Other,"On 6 June 2024, demonstrators, including February 14 Youth Coalition, blocked the road with burning tires in Sanabis (Capital) as part of a demonstration tribute to 'martyrs' of the 2014 demonstrations.",0,crowd size=no report,1723505819
BHR12859,2024-06-08,2024,1,Demonstrations,Protests,Peaceful protest,Protesters (Bahrain),February 14 Youth Coalition,Protesters,,,,Protesters only,,48,Middle East,Bahrain,Capital,,,Sanabis,26.2259,50.5452,1,14 February Revolution Youth Coalition; Bahrain Alyoum,Other-National,"On 8 June 2024, demonstrators, including February 14 Youth Coalition, held a protest in front of the police station in Sanabis (Capital) demanding the release of political detainees.",0,crowd size=no report,1723505819
BHR12861,2024-06-14,2024,1,Demonstrations,Protests,Peaceful protest,Protesters (Bahrain),February 14 Youth Coalition,Protesters,,,,Protesters only,,48,Middle East,Bahrain,Capital,,,Sanabis,26.2259,50.5452,1,14 February Revolution Youth Coalition; Bahrain Alyoum; LuaLua TV,Other-National,"On 14 June 2024, demonstrators, including February 14 Youth Coalition, held a protest in Sanabis (Capital) in solidarity with the Palestinian people in Gaza and denouncing the hosting of Israel's Chief of Staff in Bahrain and demanding the release of the political prisoners.",0,crowd size=no report,1723505819
BHR12865,2024-05-27,2024,1,Demonstrations,Protests,Peaceful protest,Protesters (Bahrain),February 14 Youth Coalition,Protesters,,,,Protesters only,,48,Middle East,Bahrain,Muharraq,,,Al Muharraq,26.2572,50.6119,1,14 February Revolution Youth Coalition,Other,"On 27 May 2024, demonstrators, including February 14 Youth Coalition, held a large protest in Al Muharraq (Muharraq) in solidarity with the Palestinian people and to denounce the Israeli 'crimes' in the context of the latest round of violence in Rafah.",0,crowd size=large,1723505819
BHR12866,2024-06-13,2024,1,Demonstrations,Protests,Peaceful protest,Protesters (Bahrain),February 14 Youth Coalition,Protesters,,,,Protesters only,,48,Middle East,Bahrain,Muharraq,,,Samahij,26.28,50.635,1,14 February Revolution Youth Coalition,Other,"On 13 June 2024, demonstrators, including February 14 Youth Coalition, held a protest in Samahij (Muharraq) in solidarity with the Palestinian people and demanding the release of political detainees.",0,crowd size=no report,1723505819
BHR12882,2024-06-22,2024,1,Demonstrations,Protests,Peaceful protest,Protesters (Bahrain),February 14 Youth Coalition,Protesters,,,,Protesters only,,48,Middle East,Bahrain,Capital,,,Sanabis,26.2259,50.5452,1,14 February Revolution Youth Coalition; ADHRB; Bahrain Alyoum,Other-National,"On 22 June 2024, demonstrators, including February 14 Youth Coalition, held a protest in Sanabis (Capital) in solidarity with the Palestinian people and demanding the release of all political prisoners.",0,crowd size=no report,1723505819
BHR12885,2024-06-23,2024,1,Demonstrations,Protests,Peaceful protest,Protesters (Bahrain),February 14 Youth Coalition,Protesters,,,,Protesters only,,48,Middle East,Bahrain,Muharraq,,,Samahij,26.28,50.635,1,14 February Revolution Youth Coalition,Other,"On 23 June 2024, demonstrators, including February 14 Youth Coalition, held a protest march in Samahij (Muharraq) to demand the release of political prisoners.",0,crowd size=no report,1723505819
BHR12887,2024-06-28,2024,1,Demonstrations,Protests,Peaceful protest,Protesters (Bahrain),February 14 Youth Coalition,Protesters,,,,Protesters only,,48,Middle East,Bahrain,Capital,,,Karbabad,26.2303,50.5294,1,14 February Revolution Youth Coalition; ADHRB; Bahrain Alyoum,Other-National,"On 28 June 2024, demonstrators, including February 14 Youth Coalition, held a large protest in Karbabad (Capital) in solidarity with the Palestinian people and demanding the release of all political prisoners.",0,crowd size=large,1723505819
BHR12893,2024-07-01,2024,1,Demonstrations,Protests,Peaceful protest,Protesters (Bahrain),,Protesters,,,,Protesters only,,48,Middle East,Bahrain,Capital,,,Sanabis,26.2259,50.5452,1,ADHRB; Bahrain Alyoum,National,"On 1 July 2024, the families of political prisoners held a protest in Sanabis (Capital) demanding the release of political prisoners.",0,crowd size=no report,1723505819
BHR12896,2024-07-04,2024,1,Demonstrations,Protests,Peaceful protest,Protesters (Bahrain),February 14 Youth Coalition,Protesters,,,,Protesters only,,48,Middle East,Bahrain,Capital,,,Sanabis,26.2259,50.5452,1,14 February Revolution Youth Coalition; ADHRB; Bahrain Alyoum,Other-National,"On 4 July 2024, demonstrators, including February 14 Youth Coalition, held a protest in Sanabis (Capital) demanding the release of political prisoners.",0,crowd size=no report,1723505819
BHR12899,2024-07-05,2024,1,Demonstrations,Protests,Peaceful protest,Protesters (Bahrain),Bahraini Society Against Normalisation with Zionist Enemy,Protesters,,,,Protesters only,,48,Middle East,Bahrain,Capital,,,Manama - Adliya,26.216,50.5846,1,ADHRB; Bahraini Society Against Normalisation with Zionist Enemy,Other-National,"On 5 July 2024, the Bahraini Society Against Normalization with Zionist Enemy held a protest outside its headquarters in Manama - Adliya (Capital) in solidarity with the Palestinian people in the context of the latest round of violence in Gaza and to denounce the normalization of ties with Israel.",0,crowd size=no report,1723505819
BHR12900,2024-07-12,2024,1,Demonstrations,Protests,Peaceful protest,Protesters (Bahrain),Bahraini Society Against Normalisation with Zionist Enemy,Protesters,,,,Protesters only,,48,Middle East,Bahrain,Capital,,,Manama - Adliya,26.216,50.5846,1,ADHRB; Bahraini Society Against Normalisation with Zionist Enemy,Other-National,"On 12 July 2024, the Bahraini Society Against Normalization with Zionist Enemy held a protest in front of its headquarters in Manama - Adliya (Capital) in solidarity with the Palestinian people and to denounce the normalization of ties with Israel.",0,crowd size=no report,1723505819
BHR12904,2024-06-24,2024,1,Demonstrations,Protests,Peaceful protest,Protesters (Bahrain),,Protesters,,,,Protesters only,,48,Middle East,Bahrain,Capital,,,Manama,26.2279,50.5857,1,ADHRB,National,"On 24 June 2024, recently released prisoners staged a sit-in in front of Qudaibiya Palace in Manama (Capital) demanding their housing rights.",0,crowd size=no report,1723505819
BHR12905,2024-07-06,2024,1,Demonstrations,Protests,Peaceful protest,Protesters (Bahrain),,Protesters,,,,Protesters only,,48,Middle East,Bahrain,Capital,,,Al Muqsha,26.2197,50.5231,1,ADHRB,National,"On 6 July 2024, demonstrators held a protest in Al Muqsha town (Capital) in solidarity with political prisoners.",0,crowd size=no report,1723505819
BHR12907,2024-07-13,2024,1,Demonstrations,Protests,Peaceful protest,Protesters (Bahrain),February 14 Youth Coalition,Protesters,,,,Protesters only,,48,Middle East,Bahrain,Capital,,,Manama,26.2279,50.5857,1,14 February Revolution Youth Coalition; LuaLua TV,Other-National,"On 13 July 2024, thousands of demonstrators, including February 14 Youth Coalition, held a protest in Manama (Capital) on the occasion of Ashura, chanting revolutionary slogans and denouncing the normalization of ties with Israeli forces and 'Israeli crimes' in the context of the latest round of violence in Gaza.",0,crowd size=thousands,1723505819
BHR12912,2024-07-19,2024,1,Demonstrations,Protests,Peaceful protest,Protesters (Bahrain),,Protesters,,,,Protesters only,,48,Middle East,Bahrain,Capital,,,Al Daih,26.225,50.5362,1,LuaLua TV,National,"On 19 July 2024, demonstrators held a protest in Al Daih (Capital) in solidarity with political prisoners and to demand their release.",0,crowd size=no report,1723505819
BHR12914,2024-07-19,2024,1,Demonstrations,Protests,Peaceful protest,Protesters (Bahrain),February 14 Youth Coalition,Protesters,,,,Protesters only,,48,Middle East,Bahrain,Capital,,,Sanabis,26.2259,50.5452,1,14 February Revolution Youth Coalition; Bahrain Alyoum; LuaLua TV,Other-National,"On 19 July 2024, demonstrators, including February 14 Youth Coalition, held a protest in Sanabis (Capital) in solidarity with political prisoners and to demand their release.",0,crowd size=no report,1723505819
BHR12916,2024-07-19,2024,1,Demonstrations,Protests,Peaceful protest,Protesters (Bahrain),,Protesters,,,,Protesters only,,48,Middle East,Bahrain,Muharraq,,,Samahij,26.28,50.635,1,Bahrain Alyoum; LuaLua TV,National,"On 19 July 2024, demonstrators held a protest in Samahij (Muharraq) in solidarity with political prisoners and to demand their release.",0,crowd size=no report,1723505819
BHR12925,2024-07-19,2024,1,Demonstrations,Protests,Peaceful protest,Protesters (Bahrain),February 14 Youth Coalition,Protesters,,,,Protesters only,,48,Middle East,Bahrain,Northern,,,Karranah,26.2292,50.5094,1,14 February Revolution Youth Coalition; LuaLua TV,Other-National,"On 19 July 2024, demonstrators, including February 14 Youth Coalition, held a protest in Karranah (Northern) in solidarity with political prisoners and to demand their release.",0,crowd size=no report,1723505819
BHR12937,2024-07-24,2024,1,Demonstrations,Protests,Peaceful protest,Protesters (Bahrain),February 14 Youth Coalition,Protesters,,,,Protesters only,,48,Middle East,Bahrain,Capital,,,Sanabis,26.2259,50.5452,1,14 February Revolution Youth Coalition; Bahrain Alyoum,Other-National,"On 24 July 2024, for the third consecutive day, demonstrators, including February 14 Youth Coalition, held a protest stand in Sanabis (Capital) demanding the release of political prisoners.",0,crowd size=no report,1723505819
BHR12938,2024-07-22,2024,1,Demonstrations,Protests,Peaceful protest,Protesters (Bahrain),,Protesters,,,,Protesters only,,48,Middle East,Bahrain,Capital,,,Sanabis,26.2259,50.5452,1,Bahrain Alyoum,National,"On 22 July 2024, demonstrators held a protest stand in Sanabis (Capital) demanding the release of political prisoners.",0,crowd size=no report,1723505819
BHR12940,2024-07-26,2024,1,Demonstrations,Protests,Peaceful protest,Protesters (Bahrain),February 14 Youth Coalition,Protesters,,,,Protesters only,,48,Middle East,Bahrain,Capital,,,Sanabis,26.2259,50.5452,1,14 February Revolution Youth Coalition; Bahrain Alyoum,Other-National,"On 26 July 2024, demonstrators, including February 14 Youth Coalition, held a protest march in Sanabis (Capital) in solidarity with the political detainees, demanding their release. The demonstration was part of a wider action that day to denounce alleged mistreatment of prisoners in Jaw Prison.",0,crowd size=no report,1723505819
BHR12941,2024-07-26,2024,1,Demonstrations,Protests,Peaceful protest,Protesters (Bahrain),,Protesters,,,,Protesters only,,48,Middle East,Bahrain,Muharraq,,,Al Dair,26.2842,50.6236,1,Bahrain Alyoum,National,"On 26 July 2024, demonstrators held a protest in Al Dair (Muharraq) demanding the release of all political prisoners. The demonstration was part of a wider action that day to denounce alleged mistreatment of prisoners in Jaw Prison.",0,crowd size=no report,1723505819
BHR12942,2024-07-24,2024,1,Demonstrations,Protests,Peaceful protest,Protesters (Bahrain),February 14 Youth Coalition,Protesters,,,,Protesters only,,48,Middle East,Bahrain,Capital,,,Bilad al Qadim,26.2117,50.5619,1,14 February Revolution Youth Coalition; LuaLua TV,Other-National,"On 24 July 2024, demonstrators, including February 14 Youth Coalition, held a protest in Bilad al Qadim (Capital) in solidarity with the political detainees, demanding their release.",0,crowd size=no report,1723505819
BHR12943,2024-07-21,2024,1,Demonstrations,Protests,Peaceful protest,Protesters (Iraq),Bahraini Society Against Normalisation with Zionist Enemy,Protesters,,,,Protesters only,,48,Middle East,Bahrain,Capital,,,Manama - Adliya,26.216,50.5846,1,Bahraini Society Against Normalisation with Zionist Enemy; LuaLua TV,Other-National,"On 21 July 2024, the Bahraini Society Against Normalization with Zionist Enemy held a protest in front of its headquarters in Manama - Adliya (Capital) in solidarity with the Palestinian people and to denounce the normalization of ties with Israel. Demonstrators demanded the expulsion of the Israeli ambassador and to boycott of the products of companies that support the 'Zionist enemy'.",0,crowd size=no report,1723505819
BHR12945,2024-07-16,2024,1,Demonstrations,Protests,Peaceful protest,Protesters (Bahrain),,Protesters,,,,Protesters only,,48,Middle East,Bahrain,Capital,,,Manama,26.2279,50.5857,1,ADHRB,National,"On 16 July 2024, demonstrators held a protest in Manama (Capital) in solidarity with the political detainees, demanding their release.",0,crowd size=no report,1723505819
BHR12949,2024-07-23,2024,1,Demonstrations,Protests,Peaceful protest,Protesters (Bahrain),,Protesters,,,,Protesters only,,48,Middle East,Bahrain,Capital,,,Sanabis,26.2259,50.5452,1,Bahrain Alyoum,National,"On 23 July 2024, for the second consecutive day, demonstrations held a protest stand in Sanabis (Capital) demanding the release of political prisoners.",0,crowd size=no report,1723505819
BHR12950,2024-07-23,2024,1,Demonstrations,Protests,Peaceful protest,Protesters (Bahrain),February 14 Youth Coalition,Protesters,,,,Protesters only,,48,Middle East,Bahrain,Capital,,,Seef,26.2383,50.5386,1,14 February Revolution Youth Coalition; Bahrain Alyoum; Bahrain Center for Human Rights; LuaLua TV,Other-National,"On 23 July 2024, families of political prisoners, including February 14 Youth Coalition, staged two sit-ins in front of the building of the National Institute for Human Rights and the Ombudsman building in Seef (Capital) demanding that authorities address the lack of services in Jaw prison including electricity and water outages as the prisoners are suffering due to the lack of services.",0,crowd size=no report,1723505819
BHR12952,2024-07-25,2024,1,Demonstrations,Protests,Peaceful protest,Protesters (Bahrain),,Protesters,,,,Protesters only,,48,Middle East,Bahrain,Capital,,,Sanabis,26.2259,50.5452,1,Bahrain Alyoum,National,"On 25 July 2024, for the fourth consecutive day, demonstrations held a protest stand in Sanabis (Capital) demanding the release of political prisoners.",0,crowd size=no report,1723505819
BHR12955,2024-07-26,2024,1,Demonstrations,Protests,Peaceful protest,Protesters (Bahrain),,Protesters,,,,Protesters only,,48,Middle East,Bahrain,Muharraq,,,Samahij,26.28,50.635,1,AhlulBayt News Agency; Bahrain Alyoum,National-Regional,"On 26 July 2024, demonstrators held a protest in Samahij (Muharraq) in solidarity with the political detainees, demanding their release. The demonstration was part of a wider action that day to denounce alleged mistreatment of prisoners in Jaw Prison.",0,crowd size=no report,1723505819
BHR12958,2024-07-26,2024,1,Demonstrations,Protests,Peaceful protest,Protesters (Bahrain),,Protesters,,,,Protesters only,,48,Middle East,Bahrain,Northern,,,Karranah,26.2292,50.5094,1,Bahrain Alyoum,National,"On 26 July 2024, demonstrators held a protest in Karranah (Northern) in solidarity with the political detainees, demanding their release. The demonstration was part of a wider action that day to denounce alleged mistreatment of prisoners in Jaw Prison.",0,crowd size=no report,1723505819
BHR12966,2024-07-27,2024,1,Demonstrations,Protests,Peaceful protest,Protesters (Bahrain),February 14 Youth Coalition,Protesters,,,,Protesters only,,48,Middle East,Bahrain,Capital,,,Al Muqsha,26.2197,50.5231,1,14 February Revolution Youth Coalition,Other,"On 27 July 2024, demonstrators, including February 14 Youth Coalition, held a large protest in Al Muqsha (Capital) demanding the immediate release of all prisoners and improve their conditions inside prisons.",0,crowd size=large,1723505819
BHR12967,2024-07-27,2024,1,Demonstrations,Protests,Peaceful protest,Protesters (Bahrain),,Protesters,,,,Protesters only,,48,Middle East,Bahrain,Capital,,,Sanabis,26.2259,50.5452,1,Al Wafa; Bahrain Alyoum,Other-National,"On 27 July 2024, demonstrators held a large protest march in Sanabis (Capital) under the slogan 'Lovers of Martyrdom' coinciding with the fifth anniversary of the execution of two 'martyrs' and to demand the immediate release of prisoners in Bahraini prisons.",0,crowd size=large,1723505819
BHR12969,2024-07-28,2024,1,Demonstrations,Protests,Peaceful protest,Protesters (Bahrain),February 14 Youth Coalition,Protesters,,,,Protesters only,,48,Middle East,Bahrain,Capital,,,Sanabis,26.2259,50.5452,1,14 February Revolution Youth Coalition; Bahrain Alyoum,Other-National,"On 28 July 2024, demonstrators, including February 14 Youth Coalition, held a protest stand in Sanabis (Capital) demanding the release of political prisoners.",0,crowd size=no report,1723505819
BHR12970,2024-07-28,2024,1,Demonstrations,Protests,Peaceful protest,Protesters (Bahrain),,Protesters,,,,Protesters only,,48,Middle East,Bahrain,Capital,,,Seef,26.2383,50.5386,1,ADHRB; Twitter,New media-National,"On 28 July 2024, families of political prisoners staged two sit-ins in front of the building of the National Institute for Human Rights and of the Ombudsman building in Seef (Capital) against the lack of services in Jaw prison including electricity and water outages as the prisoners were suffering due to the lack of services.",0,crowd size=no report,1723505819
BHR12971,2024-07-28,2024,1,Demonstrations,Riots,Violent demonstration,Rioters (Bahrain),February 14 Youth Coalition,Rioters,,,,Rioters only,,48,Middle East,Bahrain,Northern,,,Karranah,26.2292,50.5094,1,14 February Revolution Youth Coalition,Other,"On 28 July 2024, demonstrators, including February 14 Youth Coalition, cut the road with burning tires in Karranah (Northern) as part of a demonstration in solidarity with the political detainees, demanding their release.",0,crowd size=no report,1723505819
BHR12972,2024-07-30,2024,1,Demonstrations,Riots,Violent demonstration,Rioters (Bahrain),February 14 Youth Coalition,Rioters,,,,Rioters only,,48,Middle East,Bahrain,Northern,,,Karranah,26.2292,50.5094,1,14 February Revolution Youth Coalition,Other,"On 30 July 2024, demonstrators, including February 14 Youth Coalition, cut the road with burning tires in Karranah (Northern) as part of a demonstration in solidarity with the political detainees, demanding their release.",0,crowd size=no report,1723505819
BHR12973,2024-07-31,2024,1,Demonstrations,Protests,Peaceful protest,Protesters (Bahrain),,Protesters,,,,Protesters only,,48,Middle East,Bahrain,Capital,,,Sanabis,26.2259,50.5452,1,Bahrain Alyoum,National,"On 31 July 2024, demonstrators held a protest stand in Sanabis (Capital) demanding the release of political prisoners.",0,crowd size=no report,1723505819
BHR12974,2024-07-31,2024,1,Demonstrations,Protests,Peaceful protest,Protesters (Bahrain),,Protesters,,,,Protesters only,,48,Middle East,Bahrain,Capital,,,Seef,26.2383,50.5386,1,Bahrain Alyoum,National,"On 31 July 2024, families of political prisoners staged a sit-in in front of the building of the National Institute for Human Rights and of the Ombudsman building in Seef (Capital) demanding the disclosure of the status of their sons who have been detained in prison, noting the difficulty of obtaining information due to limited communication and visits, which have persisted for up to four months.",0,crowd size=no report,1723505819
BHR12975,2024-08-01,2024,1,Demonstrations,Protests,Peaceful protest,Protesters (Bahrain),February 14 Youth Coalition,Protesters,,,,Protesters only,,48,Middle East,Bahrain,Capital,,,Sanabis,26.2259,50.5452,1,14 February Revolution Youth Coalition; Bahrain Alyoum,Other-National,"On 1 August 2024, demonstrators, including February 14 Youth Coalition, held a protest march in Sanabis (Capital) demanding the release of political prisoners.",0,crowd size=no report,1723505820
BHR12981,2024-08-03,2024,1,Demonstrations,Protests,Peaceful protest,Protesters (Bahrain),Bahraini Society Against Normalisation with Zionist Enemy,Protesters,,,,Protesters only,,48,Middle East,Bahrain,Muharraq,,,As Sayh,26.2732,50.5973,1,Bahraini Society Against Normalisation with Zionist Enemy; LuaLua TV,Other-National,"On 3 August 2024, hundreds of demonstrators, including the Bahraini Society Against Normalization with Zionist Enemy, held a protest in As Sayh (Muharraq) in solidarity with the Palestinian people and denouncing the normalization of ties with Israel. They also denounced the assassination of the head of the political bureau of Hamas, Ismail Haniyeh, in Iran by Israel.",0,crowd size=hundreds,1723505820
BHR12982,2024-08-04,2024,1,Demonstrations,Riots,Violent demonstration,Rioters (Bahrain),February 14 Youth Coalition,Rioters,Police Forces of Bahrain (1999-),,State forces,State forces-Rioters,,48,Middle East,Bahrain,Northern,,,Karranah,26.2292,50.5094,1,14 February Revolution Youth Coalition,Other,"On 4 August 2024, demonstrators, including February 14 Youth Coalition, threw projectiles at security forces in Karranah (Northern) as part of a demonstration in solidarity with the political detainees, demanding their release.",0,crowd size=no report,1723505820
BHR12983,2024-08-05,2024,1,Demonstrations,Riots,Violent demonstration,Rioters (Bahrain),February 14 Youth Coalition,Rioters,,,,Rioters only,,48,Middle East,Bahrain,Capital,,,Al Akr,26.1431,50.6103,1,14 February Revolution Youth Coalition,Other,"On 5 August 2024, demonstrators, including February 14 Youth Coalition, blocked a road with burning tires in Al Akr (Capital) as part of a demonstration in solidarity with the political prisoners, demanding their release.",0,crowd size=no report,1723505820
BHR12984,2024-08-06,2024,1,Demonstrations,Protests,Peaceful protest,Protesters (Bahrain),February 14 Youth Coalition,Protesters,,,,Protesters only,,48,Middle East,Bahrain,Capital,,,Sanabis,26.2259,50.5452,1,14 February Revolution Youth Coalition; Bahrain Alyoum,Other-National,"On 6 August 2024, demonstrators, including February 14 Youth Coalition, held a protest stand in Sanabis (Capital) demanding the release of political prisoners.",0,crowd size=no report,1723505820
BHR12985,2024-08-09,2024,1,Demonstrations,Protests,Peaceful protest,Protesters (Bahrain),February 14 Youth Coalition,Protesters,,,,Protesters only,,48,Middle East,Bahrain,Capital,,,Karbabad,26.2303,50.5294,1,14 February Revolution Youth Coalition,Other,"On 9 August 2024, demonstrators, including February 14 Youth Coalition, held a protest in Karbabad (Capital) in solidarity with political detainees and to show support for the Palestinian people and to denounce 'Israeli crimes' in the context of the latest round of violence in Gaza. Demonstrators also called for the release of political prisoners.",0,crowd size=no report,1723505820
BHR12986,2024-08-09,2024,1,Demonstrations,Protests,Peaceful protest,Protesters (Bahrain),February 14 Youth Coalition,Protesters,,,,Protesters only,,48,Middle East,Bahrain,Capital,,,Sanabis,26.2259,50.5452,1,14 February Revolution Youth Coalition,Other,"On 9 August 2024, demonstrators, including February 14 Youth Coalition, held a protest in Sanabis (Capital) in solidarity with political detainees and to show support for the Palestinian people and to denounce 'Israeli crimes' in the context of the latest round of violence in Gaza. Demonstrators also called for the release of political prisoners.",0,crowd size=no report,1723505820
BHR12988,2024-08-09,2024,1,Demonstrations,Protests,Peaceful protest,Protesters (Bahrain),February 14 Youth Coalition,Protesters,,,,Protesters only,,48,Middle East,Bahrain,Northern,,,Al Malikiyah,26.098,50.4866,1,14 February Revolution Youth Coalition,Other,"On 9 August 2024, demonstrators, including February 14 Youth Coalition, held a protest in Al Malikiyah (Northern) in solidarity with political detainees and to show support for the Palestinian people and to denounce 'Israeli crimes' in the context of the latest round of violence in Gaza. Demonstrators also called for the release of political prisoners.",0,crowd size=no report,1723505820
BHR12991,2024-08-09,2024,1,Demonstrations,Protests,Peaceful protest,Protesters (Bahrain),Women (Bahrain),Protesters,,,,Protesters only,,48,Middle East,Bahrain,Northern,,,Demistan,26.1264,50.4811,1,Bahrain Alyoum,National,"On 9 August 2024, women demonstrators held a protest in Demistan (Northern) demanding the release of political detainees.",0,crowd size=no report,1723505820
BHR12992,2024-08-03,2024,1,Demonstrations,Protests,Peaceful protest,Protesters (Bahrain),,Protesters,,,,Protesters only,,48,Middle East,Bahrain,Capital,,,Sanabis,26.2259,50.5452,1,Bahrain Alyoum,National,"On 3 August 2024, demonstrators held a protest stand in Sanabis (Capital) demanding the release of political prisoners.",0,crowd size=no report,1723505820
BHR12990,2024-08-09,2024,1,Demonstrations,Protests,Peaceful protest,Protesters (Bahrain),Bahraini Society Against Normalisation with Zionist Enemy,Protesters,,,,Protesters only,,48,Middle East,Bahrain,Capital,,,Manama - Adliya,26.216,50.5846,1,Bahraini Society Against Normalisation with Zionist Enemy; LuaLua TV,Other-National,"On 9 August 2024, the Bahraini Society Against Normalization with Zionist Enemy held a protest in front of its headquarters in Manama - Adliya (Capital) in solidarity with the Palestinian people and to denounce the normalization of ties with Israel.",0,crowd size=no report,1724105982
BHR12987,2024-08-09,2024,1,Demonstrations,Protests,Peaceful protest,Protesters (Bahrain),February 14 Youth Coalition; Muslim Group (Bahrain),Protesters,,,,Protesters only,,48,Middle East,Bahrain,Northern,,,Al Diraz,26.2181,50.4706,1,14 February Revolution Youth Coalition; Bahrain Alyoum,Other-National,"On 9 August 2024, demonstrators, including February 14 Youth Coalition, held a large protest after Friday prayers inside the Al Imam Sadiq Mosque which was followed by a march from the mosque in Al Diraz (Northern) in solidarity with political detainees and to show support for the Palestinian people and to denounce 'Israeli crimes' in the context of the latest round of violence in Gaza. Demonstrators also called for the release of political prisoners.",0,crowd size=large,1724105983
BHR12890,2024-07-05,2024,1,Demonstrations,Protests,Peaceful protest,Protesters (Bahrain),February 14 Youth Coalition; Muslim Group (Bahrain),Protesters,,,,Protesters only,,48,Middle East,Bahrain,Northern,,,Al Diraz,26.2181,50.4706,1,14 February Revolution Youth Coalition; ADHRB; Bahrain Alyoum; LuaLua TV,Other-National,"On 5 July 2024, demonstrators, including February 14 Youth Coalition, held a large protest after Friday prayers inside the Al Imam Sadiq Mosque which was followed by a march from the mosque in Al Diraz (Northern) to show support for the Palestinian people and to denounce 'Israeli crimes' in the context of the latest round of violence in Gaza. Demonstrators also called for cutting diplomatic ties with Israel and for the release of the political prisoners.",0,crowd size=large,1724105983
BHR12994,2024-08-10,2024,1,Demonstrations,Protests,Peaceful protest,Protesters (Bahrain),February 14 Youth Coalition,Protesters,,,,Protesters only,,48,Middle East,Bahrain,Northern,,,Al Diraz,26.2181,50.4706,1,14 February Revolution Youth Coalition; Bahrain Alyoum,Other-National,"On 10 August 2024, demonstrators, including February 14 Youth Coalition, held a protest in Al Diraz (Northern) in solidarity with the Palestinian people in Gaza and demanding the release of political prisoners.",0,crowd size=no report,1724113680
BHR12995,2024-08-15,2024,1,Demonstrations,Riots,Violent demonstration,Rioters (Bahrain),February 14 Youth Coalition,Rioters,,,,Rioters only,,48,Middle East,Bahrain,Capital,,,Al Akr,26.1431,50.6103,1,14 February Revolution Youth Coalition,Other,"On 15 August 2024, demonstrators, including February 14 Youth Coalition, blocked a road with burning tires in Al Akr (Capital) as part of a demonstration in solidarity with the political prisoners, demanding their release.",0,crowd size=no report,1724113680
BHR12996,2024-08-13,2024,1,Demonstrations,Protests,Peaceful protest,Protesters (Bahrain),February 14 Youth Coalition,Protesters,,,,Protesters only,,48,Middle East,Bahrain,Capital,,,Sanabis,26.2259,50.5452,1,14 February Revolution Youth Coalition; Bahrain Alyoum,Other-National,"On 13 August 2024, demonstrations, including February 14 Youth Coalition, held a protest stand in Sanabis (Capital) demanding the release of political prisoners.",0,crowd size=no report,1724113680
BHR12997,2024-08-16,2024,1,Demonstrations,Protests,Peaceful protest,Protesters (Bahrain),February 14 Youth Coalition; Muslim Group (Bahrain),Protesters,,,,Protesters only,,48,Middle East,Bahrain,Northern,,,Al Diraz,26.2181,50.4706,1,14 February Revolution Youth Coalition; LuaLua TV,Other-National,"On 16 August 2024, demonstrators, including February 14 Youth Coalition, held a large protest after Friday prayers inside the Al Imam Sadiq Mosque which was followed by a march from the mosque in Al Diraz (Northern) in solidarity with political detainees and to show support for the Palestinian people and to denounce 'Israeli crimes' in the context of the latest round of violence in Gaza. Demonstrators also called for the release of political prisoners.",0,crowd size=large,1724113680
BHR12998,2024-08-16,2024,1,Demonstrations,Protests,Peaceful protest,Protesters (Bahrain),February 14 Youth Coalition; Women (Bahrain),Protesters,,,,Protesters only,,48,Middle East,Bahrain,Northern,,,Demistan,26.1264,50.4811,1,14 February Revolution Youth Coalition; Bahrain Alyoum,Other-National,"On 16 August 2024, women demonstrators, including February 14 Youth Coalition, held a protest in Demistan (Northern) demanding the release of political detainees.",0,crowd size=no report,1724113680
BHR12999,2024-08-10,2024,1,Demonstrations,Protests,Peaceful protest,Protesters (Bahrain),,Protesters,,,,Protesters only,,48,Middle East,Bahrain,Capital,,,Sanabis,26.2259,50.5452,1,Bahrain Alyoum,National,"On 10 August 2024, demonstrators held a protest stand in Sanabis (Capital) demanding the release of political prisoners.",0,crowd size=no report,1724113680
BHR12993,2024-08-16,2024,1,Demonstrations,Protests,Peaceful protest,Protesters (Bahrain),Bahraini Society Against Normalisation with Zionist Enemy,Protesters,,,,Protesters only,,48,Middle East,Bahrain,Capital,,,Manama - Adliya,26.216,50.5846,1,Bahraini Society Against Normalisation with Zionist Enemy; LuaLua TV,Other-National,"On 16 August 2024, the Bahraini Society Against Normalization with Zionist Enemy held a protest in front of its headquarters in Manama - Adliya (Capital) in solidarity with the Palestinian people and to denounce the normalization of ties with Israel.",0,crowd size=no report,1724706551
BHR13000,2024-08-23,2024,1,Demonstrations,Protests,Peaceful protest,Protesters (Bahrain),February 14 Youth Coalition; Muslim Group (Bahrain),Protesters,,,,Protesters only,,48,Middle East,Bahrain,Northern,,,Al Diraz,26.2181,50.4706,1,14 February Revolution Youth Coalition; LuaLua TV,Other-National,"On 23 August 2024, demonstrators, including February 14 Youth Coalition, held a large protest after Friday prayers inside the Al Imam Sadiq Mosque which was followed by a march from the mosque in Al Diraz (Northern) in solidarity with political detainees and to show support for the Palestinian people and to denounce 'Israeli crimes' in the context of the latest round of violence in Gaza. Demonstrators also called for the release of political prisoners.",0,crowd size=no report,1724714023
BHR13001,2024-08-23,2024,1,Demonstrations,Protests,Peaceful protest,Protesters (Bahrain),February 14 Youth Coalition; Women (Bahrain),Protesters,,,,Protesters only,,48,Middle East,Bahrain,Northern,,,Demistan,26.1264,50.4811,1,14 February Revolution Youth Coalition; Bahrain Alyoum,Other-National,"On 23 August 2024, women demonstrators, including February 14 Youth Coalition, held a protest in Demistan (Northern) demanding the release of political detainees.",0,crowd size=no report,1724714023
BHR13002,2024-08-23,2024,1,Demonstrations,Protests,Peaceful protest,Protesters (Bahrain),Bahraini Society Against Normalisation with Zionist Enemy,Protesters,,,,Protesters only,,48,Middle East,Bahrain,Capital,,,Manama - Adliya,26.216,50.5846,1,Bahraini Society Against Normalisation with Zionist Enemy,Other,"On 23 August 2024, the Bahraini Society Against Normalization with Zionist Enemy held a protest in front of its headquarters in Manama - Adliya (Capital) in solidarity with the Palestinian people and to denounce the normalization of ties with Israel.",0,crowd size=no report,1724714023
BHR12544,2024-02-14,2024,1,Political violence; Demonstrations,Protests,Excessive force against protesters,Protesters (Bahrain),February 14 Youth Coalition,Protesters,Police Forces of Bahrain (1999-),,State forces,State forces-Protesters,Civilian targeting,48,Middle East,Bahrain,Capital,,,Al Daih,26.225,50.5362,1,14 February Revolution Youth Coalition; ADHRB; AhlulBayt News Agency; Al Wafa; Bahrain Alyoum; Bahrain Mirror; LuaLua TV,Other-National,"On 14 February 2024, anti-regime demonstrators, including February 14 Youth Coalition, held a large protest in Al Daih (Capital) to commemorate the 13th anniversary of the 2011 Bahraini uprising. Bahraini police forces intervened by firing live bullets (target unclear) to disperse the protest. The police detained at least 10 protesters.",0,crowd size=large,1754409470
BHR12640,2024-04-01,2024,1,Demonstrations,Protests,Protest with intervention,Protesters (Bahrain),February 14 Youth Coalition,Protesters,Police Forces of Bahrain (1999-),,State forces,State forces-Protesters,,48,Middle East,Bahrain,Northern,,,Al Qadam,26.2156,50.5192,1,14 February Revolution Youth Coalition; Bahrain Alyoum; LuaLua TV,Other-National,"On 1 April 2024, hundreds of protesters, including February 14 Youth Coalition, held a protest march in Al Qadam (Northern) in solidarity with political detainees in Jaw Prison. Security forces intervened using tear gas and shot rubber bullets at demonstrators to disperse them.",0,crowd size=hundreds,1753969827
BHR12734,2024-04-24,2024,1,Political violence; Demonstrations,Protests,Excessive force against protesters,Protesters (Bahrain),Prisoners (Bahrain),Protesters,Police Forces of Bahrain (1999-) Prison Guards,,State forces,State forces-Protesters,Civilian targeting,48,Middle East,Bahrain,Southern,,,Jaw Prison,25.9916,50.6165,1,14 February Revolution Youth Coalition; Bahrain Alyoum; Bahrain Mirror,Other-National,"On 24 April 2024, prisoners of Ward 3 of Building 5 in Jaw Prison held a sit-in in the corridor of the ward of the prison (Southern) demanding the release of political prisoners. Bahraini prison security forces severely beat up 3 demonstrators and brought them back to their cell. Prisoners were injured, no casualties.",0,crowd size=no report,1754409470
BHR13006,2024-08-30,2024,1,Demonstrations,Protests,Peaceful protest,Protesters (Bahrain),February 14 Youth Coalition; Muslim Group (Bahrain),Protesters,,,,Protesters only,,48,Middle East,Bahrain,Northern,,,Al Diraz,26.2181,50.4706,1,14 February Revolution Youth Coalition; LuaLua TV,Other-National,"On 30 August 2024, demonstrators, including February 14 Youth Coalition, held a large protest after Friday prayers inside the Al Imam Sadiq Mosque which was followed by a march from the mosque in Al Diraz (Northern) in solidarity with political detainees and to show support for the Palestinian people and to denounce 'Israeli crimes' in the context of the latest round of violence in Gaza. Demonstrators also called for the release of political prisoners.",0,crowd size=large,1725317866
BHR13007,2024-08-30,2024,1,Demonstrations,Protests,Peaceful protest,Protesters (Bahrain),February 14 Youth Coalition,Protesters,,,,Protesters only,,48,Middle East,Bahrain,Northern,,,Bu Quwa,26.2047,50.52,1,14 February Revolution Youth Coalition,Other,"On 30 August 2024, demonstrators, including February 14 Youth Coalition, held a protest in Bu Quwa (Northern) demanding the release of political detainees.",0,crowd size=no report,1725317866
BHR13005,2024-08-26,2024,1,Demonstrations,Riots,Violent demonstration,Rioters (Bahrain),February 14 Youth Coalition,Rioters,,,,Rioters only,,48,Middle East,Bahrain,Capital,,,Al Akr,26.1431,50.6103,1,14 February Revolution Youth Coalition,Other,"On 26 August 2024, for the second consecutive day, demonstrators, including the February 14 Youth Coalition, blocked a road with burning tires in Al Akr (Capital) to demand the release of all political prisoners.",0,crowd size=no report,1725317868
BHR13004,2024-08-25,2024,1,Demonstrations,Riots,Violent demonstration,Rioters (Bahrain),February 14 Youth Coalition,Rioters,,,,Rioters only,,48,Middle East,Bahrain,Capital,,,Al Akr,26.1431,50.6103,1,14 February Revolution Youth Coalition,Other,"On 25 August 2024, demonstrators, including February 14 Youth Coalition, blocked a road with burning tires in Al Akr (Capital) as a part of a demonstration to demand the release of all political prisoners.",0,crowd size=no report,1725317868
BHR13003,2024-08-24,2024,1,Demonstrations,Riots,Violent demonstration,Rioters (Bahrain),February 14 Youth Coalition,Rioters,,,,Rioters only,,48,Middle East,Bahrain,Northern,,,Karzakkan,26.1156,50.4819,1,14 February Revolution Youth Coalition,Other,"On 24 August 2024, demonstrators, including February 14 Youth Coalition, blocked a street with burning tires in Karzakkan (Northern) as a part of a demonstration to demand the release of all political prisoners.",0,crowd size=no report,1725317869
BHR13008,2024-09-06,2024,1,Demonstrations,Protests,Peaceful protest,Protesters (Bahrain),Bahraini Society Against Normalisation with Zionist Enemy,Protesters,,,,Protesters only,,48,Middle East,Bahrain,Northern,,,Sar,26.1942,50.4819,1,Bahraini Society Against Normalisation with Zionist Enemy,Other,"On 6 September 2024, demonstrators, including Bahraini Society Against Normalization with Zionist Enemy, held a protest stand in Sar (Northern) in solidarity with the Palestinian people and to denounce the normalization of ties with Israel.",0,crowd size=no report,1725924046
BHR13009,2024-09-01,2024,1,Demonstrations,Protests,Peaceful protest,Protesters (Bahrain),February 14 Youth Coalition,Protesters,,,,Protesters only,,48,Middle East,Bahrain,Northern,,,Bu Quwa,26.2047,50.52,1,14 February Revolution Youth Coalition,Other,"On 1 September 2024, demonstrators, including February 14 Youth Coalition, held a protest in Bu Quwa (Northern) demanding the release of political detainees.",0,crowd size=no report,1725924046
BHR13014,2024-09-13,2024,1,Demonstrations,Protests,Peaceful protest,Protesters (Bahrain),February 14 Youth Coalition,Protesters,,,,Protesters only,,48,Middle East,Bahrain,Northern,,,Barbar,26.2294,50.4806,1,14 February Revolution Youth Coalition,Other,"On 13 September 2024, demonstrators, including February 14 Youth Coalition, held a protest march in Barbar (Northern) in solidarity with the political detainees, demanding their release. The demonstrators also expressed support for the Palestinian people.",0,crowd size=no report,1726526021
BHR13015,2024-09-13,2024,1,Demonstrations,Protests,Peaceful protest,Protesters (Bahrain),February 14 Youth Coalition; Muslim Group (Bahrain),Protesters,,,,Protesters only,,48,Middle East,Bahrain,Northern,,,Al Diraz,26.2181,50.4706,1,14 February Revolution Youth Coalition; LuaLua TV,Other-National,"On 13 September 2024, demonstrators, including February 14 Youth Coalition, held a large protest after Friday prayers inside the Al Imam Sadiq Mosque which was followed by a march from the mosque in Al Diraz (Northern) in solidarity with political detainees and to show support for the Palestinian people and to denounce 'Israeli crimes' in the context of the latest round of violence in Gaza. Demonstrators also called for the release of political prisoners.",0,crowd size=large,1726526021
BHR13016,2024-09-11,2024,1,Demonstrations,Riots,Violent demonstration,Rioters (Bahrain),February 14 Youth Coalition,Rioters,,,,Rioters only,,48,Middle East,Bahrain,Capital,,,Al Akr,26.1431,50.6103,1,14 February Revolution Youth Coalition,Other,"On 11 September 2024, demonstrators, including February 14 Youth Coalition, blocked a road with burning tires in Al Akr (Capital) as a part of a demonstration to demand the release of all political prisoners.",0,crowd size=no report,1726526021
BHR13017,2024-09-13,2024,1,Demonstrations,Riots,Violent demonstration,Rioters (Bahrain),February 14 Youth Coalition,Rioters,,,,Rioters only,,48,Middle East,Bahrain,Northern,,,Jannusan,26.2305,50.4947,1,14 February Revolution Youth Coalition,Other,"On 13 September 2024, demonstrators, including February 14 Youth Coalition, blocked the street with burning tires in Jannusan (Northern) as a part of a demonstration in solidarity with political prisoners in Bahraini prisons demanding their unconditional release. They also demonstrated in support of Palestinians and to denounce the normalization of diplomatic ties with Israel",0,crowd size=no report,1726526021
BHR13018,2024-09-18,2024,1,Demonstrations,Protests,Peaceful protest,Protesters (Bahrain),February 14 Youth Coalition,Protesters,,,,Protesters only,,48,Middle East,Bahrain,Capital,,,Tubli,26.1869,50.5494,1,14 February Revolution Youth Coalition; Bahrain Alyoum,Other-National,"On 18 September 2024, demonstrators, including the February 14 Youth Coalition, held a protest in Tubli (Capital) in solidarity with the Palestinian and Lebanon people and demanded the release of political prisoners.",0,crowd size=no report,1727134513
BHR13011,2024-09-12,2024,1,Demonstrations,Protests,Peaceful protest,Protesters (Bahrain),February 14 Youth Coalition,Protesters,,,,Protesters only,,48,Middle East,Bahrain,Capital,,,Sanabis,26.2259,50.5452,1,14 February Revolution Youth Coalition; ADHRB; Al Wefaq National Islamic Society; Bahrain Alyoum,Other-New media,"On 12 September 2024, demonstrators, including February 14 Youth Coalition, held a protest in Sanabis (Capital) in solidarity with the Palestinian people and denounced the normalization of diplomatic ties with Israel.",0,crowd size=no report,1727730471
BHR13012,2024-09-12,2024,1,Demonstrations,Protests,Peaceful protest,Protesters (Bahrain),February 14 Youth Coalition,Protesters,,,,Protesters only,,48,Middle East,Bahrain,Northern,,,Al Diraz,26.2181,50.4706,1,14 February Revolution Youth Coalition; ADHRB; Al Wefaq National Islamic Society; Bahrain Alyoum,Other-New media,"On 12 September 2024, demonstrators, including February 14 Youth Coalition, held a large protest in Al Diraz (Northern) in solidarity with the political prisoners and the Palestinian people in Gaza and denounced the normalization of diplomatic ties with Israel. They also demanding the release of political prisoners.",0,crowd size=large,1727730471
BHR13019,2024-09-20,2024,1,Demonstrations,Protests,Peaceful protest,Protesters (Bahrain),,Protesters,,,,Protesters only,,48,Middle East,Bahrain,Northern,,,Al Diraz,26.2181,50.4706,1,ADHRB; AhlulBayt News Agency; Duraz Youth,New media-National,"On 20 September 2024, demonstrators held a large protest after Friday prayers in Al Diraz (Northern) in solidarity to show support for the Hezbollah movement in Lebanon, and to support Palestinians in Gaza and to denounce 'Israeli crimes' in the context of the latest round of violence in Gaza.",0,crowd size=large,1727730471
BHR13020,2024-09-23,2024,1,Demonstrations,Riots,Violent demonstration,Rioters (Bahrain),February 14 Youth Coalition,Rioters,,,,Rioters only,,48,Middle East,Bahrain,Capital,,,Sanad,26.1503,50.5819,1,14 February Revolution Youth Coalition,Other,"On 23 September 2024, demonstrators, including February 14 Youth Coalition, blocked the road with burning tires in Sanad (Capital) as part of a demonstration in solidarity with the Lebanese people and to denounce 'Israeli crimes' in the context of the latest round of violence in Lebanon and Gaza and to denounce the normalization of diplomatic ties with Israel.",0,crowd size=no report,1727907784
BHR13025,2024-09-25,2024,1,Demonstrations,Protests,Peaceful protest,Protesters (Bahrain),February 14 Youth Coalition,Protesters,,,,Protesters only,,48,Middle East,Bahrain,Northern,,,Al Malikiyah,26.098,50.4866,1,14 February Revolution Youth Coalition,Other,"On 25 September 2024, demonstrators, including February 14 Youth Coalition, held a protest and blocked an unspecified road in Al Malikiyah (Northern) in solidarity with the Lebanese people and to denounce 'Israeli crimes' in the context of the latest round of violence in Lebanon and Gaza and to denounce the normalization of diplomatic ties with Israel.",0,crowd size=no report,1727907784
BHR13010,2024-09-06,2024,1,Demonstrations,Protests,Peaceful protest,Protesters (Bahrain),February 14 Youth Coalition; Shiite Muslim Group (Bahrain),Protesters,,,,Protesters only,,48,Middle East,Bahrain,Northern,,,Al Diraz,26.2181,50.4706,1,14 February Revolution Youth Coalition; Al Wefaq National Islamic Society; LuaLua TV,Other-New media,"On 6 September 2024, demonstrators, including February 14 Youth Coalition, held a large protest after Friday prayers inside the Al Imam Sadiq Mosque which was followed by a march from the mosque in Al Diraz (Northern) in solidarity with political detainees and to show support for the Palestinian people and to denounce 'Israeli crimes' in the context of the latest round of violence in Gaza. Demonstrators also called for the release of political prisoners and carried portraits of Ayatollah Issa Qassim.",0,crowd size=large,1728335035
BHR13013,2024-09-13,2024,1,Demonstrations,Protests,Peaceful protest,Protesters (Bahrain),February 14 Youth Coalition,Protesters,,,,Protesters only,,48,Middle East,Bahrain,Northern,,,As Sahlah,26.2039,50.5345,1,14 February Revolution Youth Coalition; ADHRB; Al Maqsha Network; LuaLua TV,Other-New media,"On 13 September 2024, demonstrators, including February 14 Youth Coalition, held a large protest in As Sahlah (Northern) in solidarity with the political prisoners and the Palestinian people in Gaza and called for the release of political prisoners.",0,crowd size=large,1728335035
BHR12860,2024-06-14,2024,1,Demonstrations,Riots,Violent demonstration,Rioters (Bahrain),February 14 Youth Coalition,Rioters,,,,Rioters only,,48,Middle East,Bahrain,Capital,,,Sanabis,26.2259,50.5452,1,14 February Revolution Youth Coalition,Other,"On 14 June 2024, demonstrators, including February 14 Youth Coalition, blocked the road with burning tires in Sanabis (Capital) as part of a demonstration in solidarity with the Palestinian people in Gaza and the Resistance in Lebanon.",0,crowd size=no report,1728339515
BHR13027,2024-09-29,2024,1,Demonstrations,Protests,Peaceful protest,Protesters (Bahrain),February 14 Youth Coalition,Protesters,,,,Protesters only,,48,Middle East,Bahrain,Capital,,,Al Akr,26.1431,50.6103,1,14 February Revolution Youth Coalition,Other,"On 29 September 2024, demonstrators, including the February 14 Youth Coalition, held a protest in Al Akr (Capital) denouncing the assassination of Hasan Nasrullah the general secretary of Lebanese Hezbollah by Israel.",0,crowd size=no report,1728358478
BHR13028,2024-10-02,2024,1,Demonstrations,Riots,Violent demonstration,Rioters (Bahrain),February 14 Youth Coalition,Rioters,,,,Rioters only,,48,Middle East,Bahrain,Capital,,,Al Akr,26.1431,50.6103,1,14 February Revolution Youth Coalition,Other,"On 2 October 2024, demonstrators including February 14 Youth Coalition, blocked the road with burning tires in Al Akr (Capital) as part of a demonstration to denounce the assassination of Hasan Nasrullah the general secretary of Lebanese Hezbollah by Israel.",0,crowd size=no report,1728358478
BHR13029,2024-10-01,2024,1,Demonstrations,Protests,Peaceful protest,Protesters (Bahrain),February 14 Youth Coalition,Protesters,,,,Protesters only,,48,Middle East,Bahrain,Capital,,,Al Maamir,26.1333,50.6086,1,14 February Revolution Youth Coalition,Other,"On 1 October 2024, demonstrators, including the February 14 Youth Coalition, held a protest in Al Maamir (Capital) denouncing the assassination of Hasan Nasrullah the general secretary of Lebanese Hezbollah by Israel.",0,crowd size=no report,1728358478
BHR13031,2024-09-28,2024,1,Demonstrations,Protests,Peaceful protest,Protesters (Bahrain),February 14 Youth Coalition,Protesters,,,,Protesters only,,48,Middle East,Bahrain,Capital,,,Al Musalla,26.2122,50.5372,1,14 February Revolution Youth Coalition,Other,"On 28 September 2024, demonstrators, including the February 14 Youth Coalition, held a protest in Al Musalla (Capital) denouncing the assassination of Hasan Nasrullah the general secretary of Lebanese Hezbollah by Israel.",0,crowd size=no report,1728358478
BHR13033,2024-09-30,2024,1,Demonstrations,Protests,Peaceful protest,Protesters (Bahrain),February 14 Youth Coalition,Protesters,,,,Protesters only,,48,Middle East,Bahrain,Capital,,,Al Musalla,26.2122,50.5372,1,14 February Revolution Youth Coalition; Al Wafa; Bahrain Alyoum,Other-National,"On 30 September 2024, for the third consecutive day, demonstrators, including the February 14 Youth Coalition, held a protest in Al Musalla (Capital) denouncing the assassination of Hasan Nasrullah the general secretary of Lebanese Hezbollah by Israel. Police used tear gas to disperse the protesters.",0,crowd size=no report,1728358478
BHR13034,2024-10-01,2024,1,Demonstrations,Protests,Peaceful protest,Protesters (Bahrain),February 14 Youth Coalition,Protesters,,,,Protesters only,,48,Middle East,Bahrain,Capital,,,Al Musalla,26.2122,50.5372,1,14 February Revolution Youth Coalition,Other,"On 1 October 2024, for the fourth consecutive day, demonstrators, including the February 14 Youth Coalition, held a protest in Al Musalla (Capital) denouncing the assassination of Hasan Nasrullah the general secretary of Lebanese Hezbollah by Israel.",0,crowd size=no report,1728358478
BHR13036,2024-09-28,2024,1,Demonstrations,Protests,Protest with intervention,Protesters (Bahrain),February 14 Youth Coalition,Protesters,Police Forces of Bahrain (1999-),,State forces,State forces-Protesters,,48,Middle East,Bahrain,Capital,,,Bilad al Qadim,26.2117,50.5619,1,14 February Revolution Youth Coalition; Al Wafa,Other,"On 28 September 2024, demonstrators, including the February 14 Youth Coalition, held a protest in Bilad al Qadim (Capital) denouncing the assassination of Hasan Nasrullah the general secretary of Lebanese Hezbollah by Israel. Police forces intervened to suppress the demonstration.",0,crowd size=no report,1753969827
BHR13037,2024-09-28,2024,1,Demonstrations,Protests,Peaceful protest,Protesters (Bahrain),February 14 Youth Coalition,Protesters,,,,Protesters only,,48,Middle East,Bahrain,Capital,,,Karbabad,26.2303,50.5294,1,14 February Revolution Youth Coalition,Other,"On 28 September 2024, demonstrators, including the February 14 Youth Coalition, held a protest in Karbabad (Capital) denouncing the assassination of Hasan Nasrullah the general secretary of Lebanese Hezbollah by Israel.",0,crowd size=no report,1728358478
BHR13038,2024-09-29,2024,1,Demonstrations,Protests,Peaceful protest,Protesters (Bahrain),February 14 Youth Coalition,Protesters,,,,Protesters only,,48,Middle East,Bahrain,Capital,,,Mahazzah,26.169,50.626,1,14 February Revolution Youth Coalition,Other,"On 29 September 2024, demonstrators, including the February 14 Youth Coalition, held a protest in Mahazzah (Capital) denouncing the assassination of Hasan Nasrullah the general secretary of Lebanese Hezbollah by Israel.",0,crowd size=no report,1728358478
BHR13040,2024-10-03,2024,2,Strategic developments,Strategic developments,Arrests,Police Forces of Bahrain (1999-),,State forces,Civilians (Bahrain),,Civilians,State forces-Civilians,,48,Middle East,Bahrain,Capital,,,Manama,26.2279,50.5857,3,LuaLua TV,National,"Around 3 October 2024 (as reported), Bahraini police forces arrested more than 61 persons across Bahrain after they participated in demonstrations over the past few days in solidarity with the Palestinian people and Lebanon, and on charges of 'glorifying' Hassan Nasrallah the general secretary of Lebanese Hezbollah and insulting Israel (coded to capital Manama).",0,,1728358478
BHR13041,2024-08-08,2024,1,Demonstrations,Protests,Peaceful protest,Protesters (Bahrain),,Protesters,,,,Protesters only,,48,Middle East,Bahrain,Capital,,,Sanabis,26.2259,50.5452,1,Bahrain Alyoum,National,"On 8 August 2024, demonstrators held a protest stand in Sanabis (Capital) demanding the release of political prisoners.",0,crowd size=no report,1728358478
BHR13044,2024-10-03,2024,1,Demonstrations,Protests,Peaceful protest,Protesters (Bahrain),February 14 Youth Coalition,Protesters,,,,Protesters only,,48,Middle East,Bahrain,Capital,,,Sanabis,26.2259,50.5452,1,14 February Revolution Youth Coalition,Other,"On 3 October 2024, demonstrators, including the February 14 Youth Coalition, held a protest in Sanabis (Capital) denouncing the assassination of Hasan Nasrullah the general secretary of Lebanese Hezbollah by Israel.",0,crowd size=no report,1728358478
BHR13046,2024-09-28,2024,1,Demonstrations,Protests,Peaceful protest,Protesters (Bahrain),February 14 Youth Coalition,Protesters,,,,Protesters only,,48,Middle East,Bahrain,Muharraq,,,Al Dair,26.2842,50.6236,1,14 February Revolution Youth Coalition,Other,"On 28 September 2024, demonstrators, including the February 14 Youth Coalition, held a protest in Al Dair (Muharraq) denouncing the assassination of Hasan Nasrullah the general secretary of Lebanese Hezbollah by Israel.",0,crowd size=no report,1728358478
BHR13047,2024-09-29,2024,1,Demonstrations,Protests,Peaceful protest,Protesters (Bahrain),February 14 Youth Coalition,Protesters,,,,Protesters only,,48,Middle East,Bahrain,Muharraq,,,Samahij,26.28,50.635,1,14 February Revolution Youth Coalition,Other,"On 29 September 2024, for the second consecutive day, demonstrators, including February 14 Youth Coalition, held a protest in Samahij (Muharraq) denouncing the assassination of Hasan Nasrullah the general secretary of Lebanese Hezbollah by Israel.",0,crowd size=no report,1728358478
BHR13048,2024-09-28,2024,1,Demonstrations,Protests,Peaceful protest,Protesters (Bahrain),,Protesters,,,,Protesters only,,48,Middle East,Bahrain,Northern,,,Aali,26.1619,50.5164,1,Al Wafa,Other,"On 28 September 2024, demonstrators held a protest in Aali (Northern) denouncing the assassination of Hasan Nasrullah the general secretary of Lebanese Hezbollah by Israel.",0,crowd size=no report,1728358478
BHR13050,2024-10-03,2024,1,Demonstrations,Protests,Peaceful protest,Protesters (Bahrain),February 14 Youth Coalition,Protesters,,,,Protesters only,,48,Middle East,Bahrain,Northern,,,Aali,26.1619,50.5164,1,14 February Revolution Youth Coalition,Other,"On 3 October 2024, demonstrators, including February 14 Youth Coalition, held a protest in Aali (Northern) denouncing the assassination of Hasan Nasrullah the general secretary of Lebanese Hezbollah by Israel.",0,crowd size=no report,1728358478
BHR13053,2024-09-29,2024,1,Demonstrations,Protests,Peaceful protest,Protesters (Bahrain),February 14 Youth Coalition,Protesters,,,,Protesters only,,48,Middle East,Bahrain,Northern,,,Al Diraz,26.2181,50.4706,1,14 February Revolution Youth Coalition; Al Wafa; LuaLua TV,Other-National,"On 29 September 2024, demonstrators, including the February 14 Youth Coalition, held a protest in Al Diraz (Northern) denouncing the assassination of Hasan Nasrullah the general secretary of Lebanese Hezbollah by Israel.",0,crowd size=no report,1728358478
BHR13056,2024-09-28,2024,1,Demonstrations,Protests,Peaceful protest,Protesters (Bahrain),February 14 Youth Coalition,Protesters,,,,Protesters only,,48,Middle East,Bahrain,Northern,,,Al Malikiyah,26.098,50.4866,1,14 February Revolution Youth Coalition,Other,"On 28 September 2024, demonstrators, including the February 14 Youth Coalition, held a protest in Al Malikiyah (Northern) denouncing the assassination of Hasan Nasrullah the general secretary of Lebanese Hezbollah by Israel.",0,crowd size=no report,1728358478
BHR13058,2024-09-29,2024,1,Demonstrations,Protests,Peaceful protest,Protesters (Bahrain),,Protesters,,,,Protesters only,,48,Middle East,Bahrain,Northern,,,As Sahlah,26.2039,50.5345,1,LuaLua TV,National,"On 29 September 2024, for the second consecutive day, demonstrators held a protest in As Sahlah (Northern) denouncing the assassination of Hasan Nasrullah the general secretary of Lebanese Hezbollah by Israel.",0,crowd size=no report,1728358478
BHR13061,2024-09-28,2024,1,Demonstrations,Protests,Peaceful protest,Protesters (Bahrain),February 14 Youth Coalition,Protesters,,,,Protesters only,,48,Middle East,Bahrain,Northern,,,Barbar,26.2294,50.4806,1,14 February Revolution Youth Coalition,Other,"On 28 September 2024, demonstrators, including the February 14 Youth Coalition, held a protest in Barbar (Northern) denouncing the assassination of Hasan Nasrullah the general secretary of Lebanese Hezbollah by Israel.",0,crowd size=no report,1728358478
BHR13065,2024-09-29,2024,1,Demonstrations,Riots,Violent demonstration,Rioters (Bahrain),February 14 Youth Coalition,Rioters,,,,Rioters only,,48,Middle East,Bahrain,Northern,,,Bu Quwa,26.2047,50.52,1,14 February Revolution Youth Coalition,Other,"On 29 September 2024, demonstrators, including February 14 Youth Coalition, blocked the road with burning tires in Bu Quwa (Northern) as part of a demonstration to denounce the assassination of Hasan Nasrullah the general secretary of Lebanese Hezbollah by Israel.",0,crowd size=no report,1728358478
BHR13066,2024-09-29,2024,1,Demonstrations,Protests,Peaceful protest,Protesters (Bahrain),,Protesters,,,,Protesters only,,48,Middle East,Bahrain,Northern,,,Bu Quwa,26.2047,50.52,1,Bahrain Alyoum,National,"On 29 September 2024, for the second consecutive day, demonstrators, held a protest in Bu Quwa (Northern) denouncing the assassination of Hasan Nasrullah the general secretary of Lebanese Hezbollah by Israel.",0,crowd size=no report,1728358478
BHR13067,2024-09-30,2024,1,Demonstrations,Protests,Peaceful protest,Protesters (Bahrain),,Protesters,,,,Protesters only,,48,Middle East,Bahrain,Northern,,,Bu Quwa,26.2047,50.52,1,Al Wafa,Other,"On 30 September 2024, for the third consecutive day, demonstrators held a protest in Bu Quwa (Northern) denouncing the assassination of Hasan Nasrullah the general secretary of Lebanese Hezbollah by Israel.",0,crowd size=no report,1728358478
BHR13068,2024-10-01,2024,1,Demonstrations,Protests,Peaceful protest,Protesters (Bahrain),,Protesters,,,,Protesters only,,48,Middle East,Bahrain,Northern,,,Bu Quwa,26.2047,50.52,1,Al Wafa,Other,"On 1 October 2024, for the fourth consecutive day, demonstrators, held a protest in Bu Quwa (Northern) denouncing the assassination of Hasan Nasrullah the general secretary of Lebanese Hezbollah by Israel.",0,crowd size=no report,1728358478
BHR13071,2024-09-29,2024,1,Demonstrations,Protests,Peaceful protest,Protesters (Bahrain),,Protesters,,,,Protesters only,,48,Middle East,Bahrain,Northern,,,Karranah,26.2292,50.5094,1,LuaLua TV,National,"On 29 September 2024, demonstrators held a protest in Karranah (Northern) denouncing the assassination of Hasan Nasrullah the general secretary of Lebanese Hezbollah by Israel.",0,crowd size=no report,1728358478
BHR13072,2024-09-30,2024,1,Demonstrations,Protests,Peaceful protest,Protesters (Bahrain),February 14 Youth Coalition,Protesters,,,,Protesters only,,48,Middle East,Bahrain,Northern,,,Karranah,26.2292,50.5094,1,14 February Revolution Youth Coalition,Other,"On 30 September 2024, for the second consecutive day, demonstrators, including the February 14 Youth Coalition, held a protest in Karranah (Northern) denouncing the assassination of Hasan Nasrullah the general secretary of Lebanese Hezbollah by Israel.",0,crowd size=no report,1728358478
BHR13073,2024-10-04,2024,1,Demonstrations,Protests,Peaceful protest,Protesters (Bahrain),,Protesters,,,,Protesters only,,48,Middle East,Bahrain,Northern,,,Karranah,26.2292,50.5094,1,LuaLua TV,National,"On 4 October 2024, demonstrators held a protest in Karranah (Northern) denouncing the US and Israel.",0,crowd size=no report,1728358478
BHR13077,2024-09-29,2024,1,Demonstrations,Riots,Violent demonstration,Rioters (Bahrain),February 14 Youth Coalition,Rioters,,,,Rioters only,,48,Middle East,Bahrain,Southern,,,Riffa,26.13,50.555,1,14 February Revolution Youth Coalition,Other,"On 29 September 2024, demonstrators, including February 14 Youth Coalition, blocked the road with burning tires in Riffa (Southern) as part of a demonstration to denounce the assassination of Hasan Nasrullah the general secretary of Lebanese Hezbollah by Israel.",0,crowd size=no report,1728358478
BHR13021,2024-09-23,2024,1,Demonstrations,Protests,Peaceful protest,Protesters (Bahrain),February 14 Youth Coalition,Protesters,,,,Protesters only,,48,Middle East,Bahrain,Northern,,,Abu Saybi,26.2175,50.5069,1,14 February Revolution Youth Coalition; ADHRB; Bahrain Alyoum,Other-National,"On 23 September 2024, demonstrators, including February 14 Youth Coalition, held a large protest in Abu Saybi (Northern) in solidarity with the Lebanese people and to denounce 'Israeli crimes' in the context of the latest round of violence in Lebanon and Gaza and to denounce the normalization of diplomatic ties with Israel.",0,crowd size=large,1728954640
BHR13022,2024-09-23,2024,1,Demonstrations,Protests,Peaceful protest,Protesters (Bahrain),February 14 Youth Coalition,Protesters,,,,Protesters only,,48,Middle East,Bahrain,Northern,,,Al Diraz,26.2181,50.4706,1,14 February Revolution Youth Coalition; ADHRB; Bahrain Alyoum; LuaLua TV,Other-National,"On 23 September 2024, demonstrators, including February 14 Youth Coalition, held a protest in Al Diraz (Northern) in solidarity with Lebanon, to support Palestinians in Gaza, and to denounce 'Israeli crimes' in the context of the latest round of violence in Lebanon and Gaza.",0,crowd size=no report,1728954640
BHR13023,2024-09-25,2024,1,Demonstrations,Protests,Peaceful protest,Protesters (Bahrain),February 14 Youth Coalition,Protesters,,,,Protesters only,,48,Middle East,Bahrain,Capital,,,Sanabis,26.2259,50.5452,1,14 February Revolution Youth Coalition; ADHRB; Bahrain Alyoum,Other-National,"On 25 September 2024, demonstrators, including February 14 Youth Coalition, held a protest in Sanabis (Capital) in solidarity with the Lebanese people and to denounce 'Israeli crimes' in the context of the latest round of violence in Lebanon and Gaza.",0,crowd size=no report,1728954640
BHR13024,2024-09-25,2024,1,Demonstrations,Protests,Peaceful protest,Protesters (Bahrain),February 14 Youth Coalition,Protesters,,,,Protesters only,,48,Middle East,Bahrain,Muharraq,,,Samahij,26.28,50.635,1,14 February Revolution Youth Coalition; ADHRB; Bahrain Alyoum,Other-National,"On 25 September 2024, demonstrators, including February 14 Youth Coalition, held a protest in Samahij (Muharraq) in solidarity with Lebanon, to support Palestinians in Gaza, and to denounce 'Israeli crimes' in the context of the latest round of violence in Lebanon and Gaza.",0,crowd size=no report,1728954640
BHR13042,2024-09-27,2024,1,Demonstrations,Protests,Peaceful protest,Protesters (Bahrain),,Protesters,,,,Protesters only,,48,Middle East,Bahrain,Capital,,,Sanabis,26.2259,50.5452,1,ADHRB; Bahrain Alyoum,National,"On 27 September 2024, demonstrators held a protest in Sanabis (Capital) in solidarity with the Palestinian and Lebanon people and denounced 'Israeli crimes' in the context of the latest round of violence in Lebanon and Gaza. Demonstrators also denounced the normalization of diplomatic ties with Israel and called for cutting them.",0,crowd size=no report,1728954640
BHR13026,2024-09-27,2024,1,Demonstrations,Protests,Peaceful protest,Protesters (Bahrain),February 14 Youth Coalition,Protesters,,,,Protesters only,,48,Middle East,Bahrain,Northern,,,Al Diraz,26.2181,50.4706,1,14 February Revolution Youth Coalition; ADHRB; Al Wefaq National Islamic Society; Bahrain Alyoum; LuaLua TV,Other-New media,"On 27 September 2024, demonstrators, including February 14 Youth Coalition, held a protest after Friday prayers in Al Diraz (Northern) in solidarity with the Lebanese people, to support Palestinians in Gaza, and to denounce 'Israeli crimes' in the context of the latest round of violence in Lebanon and Gaza.",0,crowd size=large,1728954640
BHR13039,2024-09-28,2024,1,Demonstrations,Protests,Peaceful protest,Protesters (Bahrain),February 14 Youth Coalition,Protesters,,,,Protesters only,,48,Middle East,Bahrain,Capital,,,Manama,26.2279,50.5857,1,14 February Revolution Youth Coalition; ADHRB; Bahrain Alyoum,Other-National,"On 28 September 2024, demonstrators, including the February 14 Youth Coalition, held a protest in Manama (Capital) denouncing the assassination of Hasan Nasrullah the general secretary of Lebanese Hezbollah by Israel.",0,crowd size=no report,1728954640
BHR13055,2024-09-28,2024,1,Demonstrations,Protests,Peaceful protest,Protesters (Bahrain),February 14 Youth Coalition,Protesters,,,,Protesters only,,48,Middle East,Bahrain,Northern,,,Al Hamalah,26.1433,50.4594,1,14 February Revolution Youth Coalition; ADHRB; Al Wafa,Other-National,"On 28 September 2024, demonstrators, including the February 14 Youth Coalition, held a protest in Al Hamalah (Northern) denouncing the assassination of Hasan Nasrullah the general secretary of Lebanese Hezbollah by Israel.",0,crowd size=no report,1728954640
BHR13057,2024-09-28,2024,1,Demonstrations,Protests,Peaceful protest,Protesters (Bahrain),February 14 Youth Coalition,Protesters,,,,Protesters only,,48,Middle East,Bahrain,Northern,,,As Sahlah,26.2039,50.5345,1,14 February Revolution Youth Coalition; ADHRB; Al Wafa; Bahrain Alyoum; LuaLua TV,Other-National,"On 28 September 2024, demonstrators, including the February 14 Youth Coalition, held a protest in As Sahlah (Northern) denouncing the assassination of Hasan Nasrullah the general secretary of Lebanese Hezbollah by Israel.",0,crowd size=no report,1728954640
BHR13060,2024-09-28,2024,1,Demonstrations,Protests,Peaceful protest,Protesters (Bahrain),February 14 Youth Coalition,Protesters,,,,Protesters only,,48,Middle East,Bahrain,Northern,,,Bani Jamrah,26.2097,50.4597,1,14 February Revolution Youth Coalition; ADHRB; Bahrain Alyoum,Other-National,"On 28 September 2024, demonstrators, including the February 14 Youth Coalition, held a protest in Bani Jamrah (Northern) denouncing the assassination of Hasan Nasrullah the general secretary of Lebanese Hezbollah by Israel.",0,crowd size=no report,1728954640
BHR13064,2024-09-28,2024,1,Demonstrations,Protests,Peaceful protest,Protesters (Bahrain),February 14 Youth Coalition,Protesters,,,,Protesters only,,48,Middle East,Bahrain,Northern,,,Bu Quwa,26.2047,50.52,1,14 February Revolution Youth Coalition; ADHRB; Al Wafa; Bahrain Alyoum,Other-National,"On 28 September 2024, demonstrators, including the February 14 Youth Coalition, held a protest in Bu Quwa (Northern) denouncing the assassination of Hasan Nasrullah the general secretary of Lebanese Hezbollah by Israel.",0,crowd size=no report,1728954640
BHR13074,2024-09-28,2024,1,Demonstrations,Protests,Protest with intervention,Protesters (Bahrain),February 14 Youth Coalition,Protesters,Police Forces of Bahrain (1999-),,State forces,State forces-Protesters,,48,Middle East,Bahrain,Northern,,,Karzakkan,26.1156,50.4819,1,14 February Revolution Youth Coalition; ADHRB; Al Wafa; Bahrain Alyoum,Other-National,"On 28 September 2024, demonstrators, including the February 14 Youth Coalition, held a protest in Karzakkan (Northern) denouncing the assassination of Hasan Nasrullah the general secretary of Lebanese Hezbollah by Israel. Security forces repressed the protest and riot police forces arrested a young protester.",0,crowd size=no report,1753969827
BHR13032,2024-09-29,2024,1,Demonstrations,Protests,Peaceful protest,Protesters (Bahrain),February 14 Youth Coalition,Protesters,,,,Protesters only,,48,Middle East,Bahrain,Capital,,,Al Musalla,26.2122,50.5372,1,14 February Revolution Youth Coalition; ADHRB; Al Wafa; Al Wefaq National Islamic Society,Other-New media,"On 29 September 2024, for the second consecutive day, demonstrators, including the February 14 Youth Coalition, held a protest in Al Musalla (Capital) denouncing the assassination of Hasan Nasrullah the general secretary of Lebanese Hezbollah by Israel. Police used tear gas to disperse the protesters.",0,crowd size=no report,1728954640
BHR13043,2024-09-29,2024,1,Demonstrations,Protests,Protest with intervention,Protesters (Bahrain),February 14 Youth Coalition,Protesters,Police Forces of Bahrain (1999-),,State forces,State forces-Protesters,,48,Middle East,Bahrain,Capital,,,Sanabis,26.2259,50.5452,1,14 February Revolution Youth Coalition; ADHRB; Al Wafa; Al Wefaq National Islamic Society,Other-New media,"On 29 September 2024, for the second consecutive day, demonstrators, including the February 14 Youth Coalition, held a protest in Sanabis (Capital) denouncing the assassination of Hasan Nasrullah the general secretary of Lebanese Hezbollah by Israel. Police used tear gas to disperse the protesters.",0,crowd size=no report,1753969827
BHR13049,2024-09-29,2024,1,Demonstrations,Protests,Peaceful protest,Protesters (Bahrain),February 14 Youth Coalition,Protesters,,,,Protesters only,,48,Middle East,Bahrain,Northern,,,Aali,26.1619,50.5164,1,14 February Revolution Youth Coalition; ADHRB; Al Wefaq National Islamic Society,Other-New media,"On 29 September 2024, for the second consecutive day, demonstrators, including February 14 Youth Coalition, held a protest in Aali (Northern) denouncing the assassination of Hasan Nasrullah the general secretary of Lebanese Hezbollah by Israel.",0,crowd size=no report,1728954640
BHR13051,2024-09-29,2024,1,Demonstrations,Protests,Protest with intervention,Protesters (Bahrain),February 14 Youth Coalition,Protesters,Police Forces of Bahrain (1999-),,State forces,State forces-Protesters,,48,Middle East,Bahrain,Northern,,,Abu Saybi,26.2175,50.5069,1,14 February Revolution Youth Coalition; ADHRB; Al Wefaq National Islamic Society,Other-New media,"On 29 September 2024, demonstrators, including the February 14 Youth Coalition, held a protest in Abu Saybi (Northern) denouncing the assassination of Hasan Nasrullah the general secretary of Lebanese Hezbollah by Israel. Police forces intervened to suppress the demonstration using tear gas canisters.",0,crowd size=no report,1753969827
BHR13062,2024-09-29,2024,1,Demonstrations,Protests,Peaceful protest,Protesters (Bahrain),February 14 Youth Coalition,Protesters,,,,Protesters only,,48,Middle East,Bahrain,Northern,,,Barbar,26.2294,50.4806,1,14 February Revolution Youth Coalition; ADHRB; Al Wefaq National Islamic Society,Other-New media,"On 29 September 2024, for the second consecutive day, demonstrators, including the February 14 Youth Coalition, held a protest in Barbar (Northern) denouncing the assassination of Hasan Nasrullah the general secretary of Lebanese Hezbollah by Israel.",0,crowd size=no report,1728954640
BHR13069,2024-09-29,2024,1,Demonstrations,Protests,Peaceful protest,Protesters (Bahrain),,Protesters,,,,Protesters only,,48,Middle East,Bahrain,Northern,,,Buri,26.1514,50.4975,1,ADHRB; Al Wefaq National Islamic Society,New media-National,"On 29 September 2024, demonstrations took place in Buri (Northern) to denounce the assassination of Hasan Nasrullah the general secretary of Lebanese Hezbollah by Israel.",0,crowd size=no report,1728954640
BHR13059,2024-09-30,2024,1,Demonstrations,Protests,Peaceful protest,Protesters (Bahrain),February 14 Youth Coalition,Protesters,,,,Protesters only,,48,Middle East,Bahrain,Northern,,,As Sahlah,26.2039,50.5345,1,14 February Revolution Youth Coalition; ADHRB; Al Wafa; Bahrain Alyoum; LuaLua TV,Other-National,"On 30 September 2024, for the third consecutive day, demonstrators, including the February 14 Youth Coalition, held a protest in As Sahlah (Northern) denouncing the assassination of Hasan Nasrullah the general secretary of Lebanese Hezbollah by Israel.",0,crowd size=no report,1728954640
BHR13030,2024-10-04,2024,1,Demonstrations,Protests,Peaceful protest,Protesters (Bahrain),February 14 Youth Coalition,Protesters,,,,Protesters only,,48,Middle East,Bahrain,Capital,,,Al Maamir,26.1333,50.6086,1,14 February Revolution Youth Coalition; ADHRB; Al Wafa; Bahrain Alyoum,Other-National,"On 4 October 2024, demonstrators, including the February 14 Youth Coalition, held a protest in Al Maamir (Capital) in solidarity with Palestine and Lebanon people and to denounce Israel 'crimes' in Lebanon in the context of the latest round of violence between Israel and Hezbollah.",0,crowd size=no report,1728954640
BHR13035,2024-10-04,2024,1,Demonstrations,Protests,Peaceful protest,Protesters (Bahrain),,Protesters,,,,Protesters only,,48,Middle East,Bahrain,Capital,,,Al Musalla,26.2122,50.5372,1,ADHRB; Al Wefaq National Islamic Society; LuaLua TV,New media-National,"On 4 October 2024, demonstrators held a protest in Al Musalla (Capital) in support of the 'Islamic resistance' against Israel and to condemn US support for Israel.",0,crowd size=no report,1728954640
BHR13045,2024-10-04,2024,1,Demonstrations,Protests,Peaceful protest,Protesters (Bahrain),February 14 Youth Coalition,Protesters,,,,Protesters only,,48,Middle East,Bahrain,Capital,,,Sanabis,26.2259,50.5452,1,14 February Revolution Youth Coalition; ADHRB; Al Wafa; Bahrain Alyoum,Other-National,"On 4 October 2024, for the second consecutive day, demonstrators, including the February 14 Youth Coalition, held a protest in Sanabis (Capital) denouncing the assassination of Hasan Nasrullah the general secretary of Lebanese Hezbollah by Israel.",0,crowd size=no report,1728954640
BHR13052,2024-10-04,2024,1,Demonstrations,Protests,Peaceful protest,Protesters (Bahrain),February 14 Youth Coalition,Protesters,,,,Protesters only,,48,Middle East,Bahrain,Northern,,,Abu Saybi,26.2175,50.5069,1,14 February Revolution Youth Coalition; ADHRB; Al Wafa,Other-National,"On 4 October 2024, demonstrators, including the February 14 Youth Coalition, held a protest in Abu Saybi (Northern) denouncing the assassination of Hasan Nasrullah the general secretary of Lebanese Hezbollah by Israel and to denounce Israel 'crimes' in Lebanon in the context of the latest round of violence between Israel and Hezbollah.",0,crowd size=no report,1728954640
BHR13063,2024-10-04,2024,1,Demonstrations,Protests,Peaceful protest,Protesters (Bahrain),February 14 Youth Coalition,Protesters,,,,Protesters only,,48,Middle East,Bahrain,Northern,,,Barbar,26.2294,50.4806,1,14 February Revolution Youth Coalition; ADHRB; Bahrain Alyoum,Other-National,"On 4 October 2024, demonstrators, including the February 14 Youth Coalition, held a protest in Barbar (Northern) denouncing the assassination of Hasan Nasrullah the general secretary of Lebanese Hezbollah by Israel and to denounce Israel 'crimes' in Lebanon in the context of the latest round of violence between Israel and Hezbollah.",0,crowd size=no report,1728954640
BHR13070,2024-10-04,2024,1,Demonstrations,Protests,Peaceful protest,Protesters (Bahrain),February 14 Youth Coalition,Protesters,,,,Protesters only,,48,Middle East,Bahrain,Northern,,,Jannusan,26.2305,50.4947,1,14 February Revolution Youth Coalition; ADHRB; Bahrain Alyoum,Other-National,"On 4 October 2024, demonstrators, including the February 14 Youth Coalition, held a protest in Jannusan (Northern) denouncing the assassination of Hasan Nasrullah the general secretary of Lebanese Hezbollah by Israel and to denounce Israel 'crimes' in Lebanon in the context of the latest round of violence between Israel and Hezbollah.",0,crowd size=no report,1728954640
BHR13080,2024-09-30,2024,1,Demonstrations,Protests,Peaceful protest,Protesters (Bahrain),,Protesters,,,,Protesters only,,48,Middle East,Bahrain,Capital,,,Manama,26.2279,50.5857,1,ADHRB; Ras Rumman Youth Movement,New media-National,"On 30 September 2024, demonstrators held a protest in front of the Israeli embassy in Manama (Capital) calling for an end to Bahrain's normalization with Israel and condemning the assassination of Hezbollah's Secretary-General Hasan Nasrallah.",0,crowd size=no report,1728963284
BHR13084,2024-10-04,2024,1,Demonstrations,Protests,Peaceful protest,Protesters (Bahrain),,Protesters,,,,Protesters only,,48,Middle East,Bahrain,Northern,,,Bu Quwa,26.2047,50.52,1,ADHRB; Al Wafa; Al Wefaq National Islamic Society,Other-New media,"On 4 October 2024, demonstrators held a protest in Bu Quwa (Northern) denouncing the assassination of Hasan Nasrullah the general secretary of Lebanese Hezbollah by Israel.",0,crowd size=no report,1728963284
BHR13085,2024-10-05,2024,1,Demonstrations,Protests,Peaceful protest,Protesters (Bahrain),February 14 Youth Coalition,Protesters,,,,Protesters only,,48,Middle East,Bahrain,Capital,,,Karbabad,26.2303,50.5294,1,14 February Revolution Youth Coalition; ADHRB; Al Wafa; Al Wefaq National Islamic Society,Other-New media,"On 5 October 2024, demonstrators, including the February 14 Youth Coalition, held a protest in Karbabad (Capital) denouncing the assassination of Hasan Nasrullah the general secretary of Lebanese Hezbollah by Israel.",0,crowd size=no report,1728963284
BHR13086,2024-10-07,2024,1,Demonstrations,Protests,Peaceful protest,Protesters (Bahrain),February 14 Youth Coalition,Protesters,,,,Protesters only,,48,Middle East,Bahrain,Northern,,,Abu Saybi,26.2175,50.5069,1,14 February Revolution Youth Coalition,Other,"On 7 October 2024, demonstrators, including February 14 Youth Coalition, held a protest march in Abu Saybi (Northern) in solidarity with Palestinians and in support of the Hamas 'Al Aqsa Flood' Operation against Israel in the context of the latest round of violence in Israel-Palestine.",0,crowd size=no report,1728963284
BHR13087,2024-10-08,2024,1,Demonstrations,Riots,Violent demonstration,Rioters (Bahrain),February 14 Youth Coalition,Rioters,,,,Rioters only,,48,Middle East,Bahrain,Capital,,,Al Maamir,26.1333,50.6086,1,14 February Revolution Youth Coalition,Other,"On 8 October 2024, demonstrators, including February 14 Youth Coalition, blocked the road with burning tires in Al Maamir (Capital) as part of a demonstration to denounce the assassination of Hasan Nasrullah the general secretary of Lebanese Hezbollah by Israel.",0,crowd size=no report,1728963284
BHR13088,2024-10-08,2024,1,Demonstrations,Riots,Violent demonstration,Rioters (Bahrain),February 14 Youth Coalition,Rioters,,,,Rioters only,,48,Middle East,Bahrain,Capital,,,Al Muqsha,26.2197,50.5231,1,14 February Revolution Youth Coalition,Other,"On 8 October 2024, demonstrators, including February 14 Youth Coalition, blocked the road by throwing projectiles in Al Muqsha (Capital) as part of a demonstration to denounce the assassination of Hasan Nasrullah the general secretary of Lebanese Hezbollah by Israel.",0,crowd size=no report,1728963284
BHR13090,2024-10-10,2024,1,Demonstrations,Riots,Violent demonstration,Rioters (Bahrain),February 14 Youth Coalition,Rioters,,,,Rioters only,,48,Middle East,Bahrain,Southern,,,Nuwaidrat,26.1347,50.5975,1,14 February Revolution Youth Coalition,Other,"On 10 October 2024, demonstrators, including February 14 Youth Coalition, blocked the road with burning tires in Nuwaidrat (Southern) as part of a demonstration to denounce the assassination of Hasan Nasrullah the general secretary of Lebanese Hezbollah by Israel.",0,crowd size=no report,1728963284
BHR13078,2024-09-24,2024,1,Demonstrations,Protests,Peaceful protest,Protesters (Bahrain),,Protesters,,,,Protesters only,,48,Middle East,Bahrain,Northern,,,Abu Saybi,26.2175,50.5069,1,ADHRB; Al Wefaq National Islamic Society,New media-National,"On 24 September 2024, demonstrators, held a protest in Abu Saybi (Northern) in solidarity with Lebanon people and to denounce Israel 'crimes' in Lebanon in the context of the latest round of violence between Israel and Hezbollah.",0,crowd size=no report,1729545353
BHR13079,2024-09-27,2024,1,Demonstrations,Protests,Peaceful protest,Protesters (Bahrain),,Protesters,,,,Protesters only,,48,Middle East,Bahrain,Northern,,,Karzakkan,26.1156,50.4819,1,ADHRB; Bahrain Alyoum,National,"On 27 September 2024, demonstrators held a protest in Karzakkan (Northern) in solidarity with Palestinians and Lebanese people, and to condemn Israeli actions in the lates round of violence in Palestine and Lebanon. Protests also condemned the Bahraini government's normalization of relations with Israel.",0,crowd size=no report,1729545353
BHR13081,2024-09-30,2024,1,Demonstrations,Protests,Peaceful protest,Protesters (Bahrain),,Protesters,,,,Protesters only,,48,Middle East,Bahrain,Northern,,,Aali,26.1619,50.5164,1,ADHRB; Twitter,New media-National,"On 30 September 2024, demonstrators, held a protest in Aali (Northern) calling for an end to Bahrain's normalization with Israel and condemning the assassination of Hezbollah's Secretary-General Hasan Nasrallah.",0,crowd size=no report,1729545353
BHR13092,2024-10-11,2024,1,Demonstrations,Protests,Protest with intervention,Protesters (Bahrain),February 14 Youth Coalition,Protesters,Police Forces of Bahrain (1999-),,State forces,State forces-Protesters,,48,Middle East,Bahrain,Northern,,,Al Diraz,26.2181,50.4706,1,14 February Revolution Youth Coalition; ADHRB; Al Wefaq National Islamic Society; Bahrain Alyoum; Bahrain Center for Human Rights; Duraz Mirror; LuaLua TV; Raids Monitoring Network; SALAM DHR,Other-New media,"On 11 October 2024, demonstrators, including February 14 Youth Coalition, protested in front of Al Imam Sadiq Mosque in Al Diraz (Northern) to denounce the assassination of Hasan Nasrullah the general secretary of Lebanese Hezbollah by Israel, in solidarity with Palestinians and Lebanese people as well as 'resistance' groups, and to condemn Israeli actions in the latest round of violence in Palestine and Lebanon. Bahraini police forces deployed in front of the mosque, surrounded the area, and deployed a drone to monitor them, and dispersed the protest by firing rubber-coated bullets, tear gas cannisters, and sound bombs.",0,crowd size=no report,1753969827
BHR13093,2024-10-11,2024,1,Demonstrations,Protests,Peaceful protest,Protesters (Bahrain),,Protesters,,,,Protesters only,,48,Middle East,Bahrain,Northern,,,Barbar,26.2294,50.4806,1,ADHRB; Bahrain Alyoum,National,"On 11 October 2024, demonstrators protested in Barbar (Northern) to denounce the assassination of Hasan Nasrullah the general secretary of Lebanese Hezbollah by Israel, in solidarity with Palestinians and Lebanese people, and to condemn Israeli actions in the latest round of violence in Palestine and Lebanon.",0,crowd size=no report,1729545353
BHR13094,2024-10-11,2024,1,Demonstrations,Protests,Peaceful protest,Protesters (Bahrain),February 14 Youth Coalition,Protesters,,,,Protesters only,,48,Middle East,Bahrain,Northern,,,Bu Quwa,26.2047,50.52,1,14 February Revolution Youth Coalition; ADHRB; Twitter,Other-New media,"On 11 October 2024, demonstrators, including February 14 Youth Coalition, protested in Bu Quwa (Northern) to denounce the assassination of Hasan Nasrullah the general secretary of Lebanese Hezbollah by Israel, in solidarity with Palestinians and Lebanese people, and to condemn Israeli actions in the latest round of violence in Palestine and Lebanon.",0,crowd size=no report,1729545353
BHR13091,2024-10-11,2024,1,Demonstrations,Protests,Peaceful protest,Protesters (Bahrain),February 14 Youth Coalition,Protesters,,,,Protesters only,,48,Middle East,Bahrain,Northern,,,Abu Saybi,26.2175,50.5069,1,14 February Revolution Youth Coalition; ADHRB; Al Wefaq National Islamic Society,Other-New media,"On 11 October 2024, demonstrators, including February 14 Youth Coalition, protested in Abu Saybi (Northern) to denounce the assassination of Hasan Nasrullah the general secretary of Lebanese Hezbollah by Israel, in solidarity with Palestinians and Lebanese people, and to condemn Israeli actions in the latest round of violence in Palestine and Lebanon.",0,crowd size=no report,1729545353
BHR12989,2024-08-09,2024,1,Demonstrations,Riots,Violent demonstration,Rioters (Bahrain),February 14 Youth Coalition,Rioters,Police Forces of Bahrain (1999-),,State forces,State forces-Rioters,,48,Middle East,Bahrain,Southern,,,Nuwaidrat,26.1347,50.5975,1,14 February Revolution Youth Coalition,Other,"On 9 August 2024, demonstrators, including February 14 Youth Coalition, held a demonstration in Nuwaidrat (Southern) in solidarity with political detainees and to show support for the Palestinian people and to denounce 'Israeli crimes' in the context of the latest round of violence in Gaza. Demonstrators also called for the release of political prisoners. According to source, demonstrators engaged with 'regime mercenaries' violently, likely refering to Bahraini police forces.",0,crowd size=no report,1729592842
BHR13095,2024-10-12,2024,1,Demonstrations,Protests,Peaceful protest,Protesters (Bahrain),February 14 Youth Coalition,Protesters,,,,Protesters only,,48,Middle East,Bahrain,Muharraq,,,Samahij,26.28,50.635,1,14 February Revolution Youth Coalition; ADHRB; Duraz Mirror; LuaLua TV,Other-New media,"On 12 October 2024, demonstrators, including February 14 Youth Coalition, held a protest in Samahij (Muharraq) denouncing the arrest of Sheikh Ali Al Sadadi and showing support for Gaza and Lebanon people.",0,crowd size=no report,1729592842
BHR13096,2024-10-12,2024,1,Demonstrations,Protests,Peaceful protest,Protesters (Bahrain),February 14 Youth Coalition,Protesters,,,,Protesters only,,48,Middle East,Bahrain,Capital,,,Karbabad,26.2303,50.5294,1,14 February Revolution Youth Coalition; ADHRB; Al Wefaq National Islamic Society; Bahrain Alyoum; LuaLua TV,Other-New media,"On 12 October 2024, demonstrators, including February 14 Youth Coalition, held a large protest march in Karbabad (Capital) denouncing the arrest of Sheikh Ali Al Sadadi and showing support for Gaza and Lebanon people.",0,crowd size=large,1729592842
BHR13097,2024-10-12,2024,1,Demonstrations,Protests,Peaceful protest,Protesters (Bahrain),February 14 Youth Coalition,Protesters,,,,Protesters only,,48,Middle East,Bahrain,Northern,,,Sadad,26.0828,50.4897,1,14 February Revolution Youth Coalition; ADHRB; Al Wefaq National Islamic Society; Bahrain Alyoum; LuaLua TV,Other-New media,"On 12 October 2024, demonstrators, including February 14 Youth Coalition, held a protest in Sadad (Northern) denouncing the arrest of Sheikh Ali Al Sadadi and showing support for Gaza and Lebanon people.",0,crowd size=no report,1729592842
BHR13098,2024-10-13,2024,1,Demonstrations,Protests,Peaceful protest,Protesters (Bahrain),February 14 Youth Coalition,Protesters,,,,Protesters only,,48,Middle East,Bahrain,Capital,,,Sanabis,26.2259,50.5452,1,14 February Revolution Youth Coalition; ADHRB; Al Wefaq National Islamic Society,Other-New media,"On 13 October 2024, demonstrators, including February 14 Youth Coalition, held a protest in Sanabis (Capital) denouncing the arrest of Sheikh Ali Al Sadadi and showing support for Gaza and Lebanon people.",0,crowd size=no report,1729592842
BHR13099,2024-10-13,2024,1,Demonstrations,Protests,Peaceful protest,Protesters (Bahrain),February 14 Youth Coalition,Protesters,,,,Protesters only,,48,Middle East,Bahrain,Northern,,,Abu Saybi,26.2175,50.5069,1,14 February Revolution Youth Coalition; ADHRB; Al Wefaq National Islamic Society,Other-New media,"On 13 October 2024, demonstrators, including February 14 Youth Coalition, held a protest in Abu Saybi (Northern) denouncing the arrest of Sheikh Ali Al Sadadi and showing support for Gaza and Lebanon people.",0,crowd size=no report,1729592842
BHR13105,2024-10-18,2024,1,Demonstrations,Protests,Peaceful protest,Protesters (Bahrain),February 14 Youth Coalition,Protesters,,,,Protesters only,,48,Middle East,Bahrain,Northern,,,Jannusan,26.2305,50.4947,1,14 February Revolution Youth Coalition,Other,"On 18 October 2024, demonstrators, including February 14 Youth Coalition, held a protest in Jannusan (Northern) in solidarity with the arrested Sheikh Ali Al Sadadi, and to show support to the Palestine and Lebanon people.",0,crowd size=no report,1729592842
BHR13107,2024-10-18,2024,1,Demonstrations,Protests,Peaceful protest,Protesters (Bahrain),February 14 Youth Coalition,Protesters,,,,Protesters only,,48,Middle East,Bahrain,Northern,,,Ash Shakhurah,26.2147,50.5069,1,14 February Revolution Youth Coalition,Other,"On 18 October 2024, demonstrators, including February 14 Youth Coalition, held a protest in Ash Shakhurah (Northern) in solidarity with the arrested Sheikh Ali Al Sadadi, and to show support to the Palestine and Lebanon people.",0,crowd size=no report,1729592842
BHR13114,2024-10-13,2024,1,Demonstrations,Riots,Violent demonstration,Rioters (Bahrain),February 14 Youth Coalition,Rioters,,,,Rioters only,,48,Middle East,Bahrain,Muharraq,,,Al Dair,26.2842,50.6236,1,14 February Revolution Youth Coalition,Other,"On 13 October 2024, demonstrators, including February 14 Youth Coalition, blocked the road with burning tires in Al Dair (Muharraq) as part of a demonstration in solidarity with the Lebanese people and to denounce 'Israeli crimes' in the context of the latest round of violence in Lebanon and Gaza and to denounce the normalization of diplomatic ties with Israel.",0,crowd size=no report,1729592842
BHR13115,2024-10-14,2024,1,Demonstrations,Riots,Violent demonstration,Rioters (Bahrain),February 14 Youth Coalition,Rioters,,,,Rioters only,,48,Middle East,Bahrain,Northern,,,Bu Quwa,26.2047,50.52,1,14 February Revolution Youth Coalition,Other,"On 14 October 2024, demonstrators, including February 14 Youth Coalition, blocked the road with burning tires in Bu Quwa (Northern) as part of a demonstration in solidarity with the Lebanese people and to denounce 'Israeli crimes' in the context of the latest round of violence in Lebanon and Gaza and to denounce the normalization of diplomatic ties with Israel.",0,crowd size=no report,1729592842
BHR13119,2024-10-03,2024,1,Demonstrations,Protests,Peaceful protest,Protesters (Bahrain),,Protesters,,,,Protesters only,,48,Middle East,Bahrain,Northern,,,Bu Quwa,26.2047,50.52,1,ADHRB; Al Wefaq National Islamic Society,New media-National,"On 3 October 2024, demonstrators held a protest in Bu Quwa (Northern) denouncing the assassination of Hasan Nasrullah the general secretary of Lebanese Hezbollah by Israel.",0,crowd size=no report,1729592842
BHR13120,2024-10-11,2024,1,Demonstrations,Protests,Peaceful protest,Protesters (Bahrain),,Protesters,,,,Protesters only,,48,Middle East,Bahrain,Northern,,,Ash Shakhurah,26.2147,50.5069,1,ADHRB,National,"On 11 October 2024, demonstrators protested in Ash Shakhurah (Northern) to denounce the assassination of Hasan Nasrullah the general secretary of Lebanese Hezbollah by Israel.",0,crowd size=no report,1729592842
BHR13121,2024-10-11,2024,1,Demonstrations,Protests,Peaceful protest,Protesters (Bahrain),,Protesters,,,,Protesters only,,48,Middle East,Bahrain,Muharraq,,,Al Dair,26.2842,50.6236,1,ADHRB,National,"On 11 October 2024, demonstrators protested in Al Dair (Muharraq) to denounce the assassination of Hasan Nasrullah the general secretary of Lebanese Hezbollah by Israel, in solidarity with Palestinians and Lebanese people, and to condemn Israeli actions in the latest round of violence in Palestine and Lebanon.",0,crowd size=no report,1729592842
BHR13123,2024-10-13,2024,1,Demonstrations,Protests,Peaceful protest,Protesters (Bahrain),,Protesters,,,,Protesters only,,48,Middle East,Bahrain,Northern,,,Karzakkan,26.1156,50.4819,1,ADHRB,National,"On 13 October 2024, demonstrators held a protest in Karzakkan (Northern) denouncing the arrest of Sheikh Ali Al Sadadi and showing support for Gaza and Lebanon people.",0,crowd size=no report,1729592842
BHR13125,2024-10-13,2024,1,Demonstrations,Protests,Peaceful protest,Protesters (Bahrain),,Protesters,,,,Protesters only,,48,Middle East,Bahrain,Muharraq,,,Samahij,26.28,50.635,1,ADHRB,National,"On 13 October 2024, demonstrators held a protest in Samahij (Muharraq) denouncing the arrest of Sheikh Ali Al Sadadi and showing support for Gaza and Lebanon people.",0,crowd size=no report,1729592842
BHR13126,2024-10-13,2024,1,Demonstrations,Protests,Peaceful protest,Protesters (Bahrain),,Protesters,,,,Protesters only,,48,Middle East,Bahrain,Northern,,,Ash Shakhurah,26.2147,50.5069,1,ADHRB,National,"On 13 October 2024, demonstrators held a protest in Ash Shakhurah (Northern) denouncing the arrest of Sheikh Ali Al Sadadi and showing support for Gaza and Lebanon people.",0,crowd size=no report,1729592842
BHR13127,2024-10-13,2024,1,Demonstrations,Protests,Peaceful protest,Protesters (Bahrain),,Protesters,,,,Protesters only,,48,Middle East,Bahrain,Northern,,,Al Diraz,26.2181,50.4706,1,ADHRB,National,"On 13 October 2024, demonstrators held a protest in Al Diraz (Northern) denouncing the arrest of Sheikh Ali Al Sadadi and showing support for Gaza and Lebanon people.",0,crowd size=no report,1729592842
BHR12768,2024-05-02,2024,1,Demonstrations,Protests,Protest with intervention,Protesters (Bahrain),February 14 Youth Coalition; Women (Bahrain),Protesters,Police Forces of Bahrain (1999-),,State forces,State forces-Protesters,,48,Middle East,Bahrain,Southern,,,Jaw Prison,25.9916,50.6165,1,14 February Revolution Youth Coalition; ADHRB; Bahrain Alyoum; Bahrain Center for Human Rights; Bahrain Mirror; GardaWorld; LuaLua TV,Other-National,"On 2 May 2024, demonstrators, including February 14 Youth Coalition, protested in front of Jaw Prison (Southern) demanding the release of political detainees. Bahraini police intervened and used violence to disperse the protesters, including assaulting women protesters. Several protesters were detained by the police and were released later.",0,crowd size=no report,1753969827
BHR12929,2024-07-26,2024,1,Demonstrations,Protests,Peaceful protest,Protesters (Bahrain),February 14 Youth Coalition; Muslim Group (Bahrain),Protesters,,,,Protesters only,,48,Middle East,Bahrain,Northern,,,Al Diraz,26.2181,50.4706,1,14 February Revolution Youth Coalition; ADHRB; AhlulBayt News Agency; Bahrain Alyoum; GardaWorld; LuaLua TV; Twitter,Other-New media,"On 26 July 2024, demonstrators, including February 14 Youth Coalition, held a large protest after Friday prayers inside the Al Imam Sadiq Mosque which was followed by a march from the mosque in Al Diraz (Northern) in solidarity with political detainees and to show support for the Palestinian people and to denounce 'Israeli crimes' in the context of the latest round of violence in Gaza. Demonstrators also called for cutting diplomatic ties with Israel and for the release of political prisoners.",0,crowd size=large,1729632973
BHR12939,2024-07-26,2024,1,Demonstrations,Protests,Protest with intervention,Protesters (Bahrain),,Protesters,Police Forces of Bahrain (1999-),,State forces,State forces-Protesters,,48,Middle East,Bahrain,Capital,,,Karbabad,26.2303,50.5294,1,AhlulBayt News Agency; Bahrain Mirror; GardaWorld; LuaLua TV,Other-National,"On 26 July 2024, demonstrators held a protest in Karbabad (Capital) in solidarity with the political detainees, demanding their release. The demonstration was part of a wider action that day to denounce alleged mistreatment of prisoners in Jaw Prison. Security forces dispersed the protest and arrested a protester.",0,crowd size=no report,1753969827
BHR12951,2024-07-24,2024,1,Demonstrations,Protests,Peaceful protest,Protesters (Bahrain),February 14 Youth Coalition,Protesters,,,,Protesters only,,48,Middle East,Bahrain,Northern,,,Aali,26.1619,50.5164,1,14 February Revolution Youth Coalition; Bahrain Alyoum; GardaWorld; LuaLua TV,Other-National,"On 24 July 2024, demonstrators, including February 14 Youth Coalition, held a protest in Aali (Northern) demanding the release of political prisoners.",0,crowd size=no report,1729632973
BHR12953,2024-07-26,2024,1,Demonstrations,Protests,Peaceful protest,Protesters (Bahrain),,Protesters,,,,Protesters only,,48,Middle East,Bahrain,Capital,,,Bilad al Qadim,26.2117,50.5619,1,ADHRB; Bahrain Alyoum; Bilad al Qadim Media Network; GardaWorld; LuaLua TV,Other-Subnational,"On 26 July 2024, demonstrators held a protest in Bilad al Qadim (Capital) in solidarity with the political detainees, demanding their release. The demonstration was part of a wider action that day to denounce alleged mistreatment of prisoners in Jaw Prison.",0,crowd size=no report,1729632973
BHR12956,2024-07-26,2024,1,Demonstrations,Protests,Peaceful protest,Protesters (Bahrain),February 14 Youth Coalition,Protesters,,,,Protesters only,,48,Middle East,Bahrain,Northern,,,Al Markh,26.2103,50.4733,1,14 February Revolution Youth Coalition; GardaWorld,Other,"On 26 July 2024, demonstrators, including February 14 Youth Coalition, held a protest in Al Markh (Northern) in solidarity with the political detainees, demanding their release. The demonstration was part of a wider action that day to denounce alleged mistreatment of prisoners in Jaw Prison.",0,crowd size=no report,1729632973
BHR12959,2024-07-26,2024,1,Demonstrations,Protests,Peaceful protest,Protesters (Bahrain),Al Wafa Islamic Party; February 14 Youth Coalition,Protesters,,,,Protesters only,,48,Middle East,Bahrain,Northern,,,Karzakkan,26.1156,50.4819,1,14 February Revolution Youth Coalition; GardaWorld,Other,"On 26 July 2024, demonstrators, including February 14 Youth Coalition, Al Wafa Islamic Party, held a protest in Karzakkan (Northern) in solidarity with the political detainees, demanding their release. The demonstration was part of a wider action that day to denounce alleged mistreatment of prisoners in Jaw Prison.",0,crowd size=no report,1729632973
BHR12962,2024-07-26,2024,1,Demonstrations,Protests,Peaceful protest,Protesters (Bahrain),,Protesters,,,,Protesters only,,48,Middle East,Bahrain,Capital,,,Al Daih,26.225,50.5362,1,ADHRB; GardaWorld; LuaLua TV; Mayadeen Al Wefaq,Other-National,"On 26 July 2024, demonstrators held a protest in Al Daih (Capital) in solidarity with the political detainees, demanding their release. The demonstration was part of a wider action that day to denounce alleged mistreatment of prisoners in Jaw Prison.",0,crowd size=no report,1729632973
BHR12963,2024-07-26,2024,1,Demonstrations,Protests,Peaceful protest,Protesters (Bahrain),,Protesters,,,,Protesters only,,48,Middle East,Bahrain,Capital,,,Al Maamir,26.1333,50.6086,1,ADHRB; GardaWorld; LuaLua TV; Maamir Voice,Other-Subnational,"On 26 July 2024, demonstrators held a protest in Al Maamir (Capital) in solidarity with the political detainees, demanding their release. The demonstration was part of a wider action that day to denounce alleged mistreatment of prisoners in Jaw Prison.",0,crowd size=no report,1729632973
BHR12965,2024-07-26,2024,1,Demonstrations,Protests,Peaceful protest,Protesters (Bahrain),,Protesters,,,,Protesters only,,48,Middle East,Bahrain,Northern,,,Al Qadam,26.2156,50.5192,1,GardaWorld; LuaLua TV,Other-National,"On 26 July 2024, demonstrators held a protest in Al Qadam (Northern) in solidarity with the political detainees, demanding their release. The demonstration was part of a wider action that day to denounce alleged mistreatment of prisoners in Jaw Prison.",0,crowd size=no report,1729632973
BHR13111,2024-10-18,2024,1,Demonstrations,Protests,Peaceful protest,Protesters (Bahrain),February 14 Youth Coalition,Protesters,,,,Protesters only,,48,Middle East,Bahrain,Northern,,,Sar,26.1942,50.4819,1,ADHRB; Ahrar Abu Saiba; Bahrain Alyoum,New media-National,"On 18 October 2024, demonstrators, including February 14 Youth Coalition, held a large protest march in Sar (Northern) in solidarity with the arrested Sheikh Ali Al Sadadi, and to show support to the Palestine and the people of Lebanon.",0,crowd size=large,1730151783
BHR13101,2024-10-14,2024,1,Demonstrations,Protests,Peaceful protest,Protesters (Bahrain),February 14 Youth Coalition,Protesters,,,,Protesters only,,48,Middle East,Bahrain,Northern,,,Sar,26.1942,50.4819,1,14 February Revolution Youth Coalition; ADHRB; Bahrain Alyoum; LuaLua TV; Twitter,Other-New media,"On 14 October 2024, demonstrators, including February 14 Youth Coalition, held a large protest march in Sar (Northern) denouncing the arrest of Sheikh Ali Al Sadadi and showing support for Gaza and the people of Lebanon.",0,crowd size=large,1730151784
BHR13100,2024-10-14,2024,1,Demonstrations,Protests,Peaceful protest,Protesters (Bahrain),February 14 Youth Coalition,Protesters,,,,Protesters only,,48,Middle East,Bahrain,Capital,,,Al Muqsha,26.2197,50.5231,1,14 February Revolution Youth Coalition; ADHRB; Al Maqsha Network,Other-New media,"On 14 October 2024, demonstrators, including February 14 Youth Coalition, held a protest in Al Muqsha (Capital) denouncing the arrest of Sheikh Ali Al Sadadi and showing support for Gaza and the people of Lebanon.",0,crowd size=no report,1730151784
BHR13102,2024-10-15,2024,1,Demonstrations,Protests,Peaceful protest,Protesters (Bahrain),February 14 Youth Coalition,Protesters,,,,Protesters only,,48,Middle East,Bahrain,Northern,,,Barbar,26.2294,50.4806,1,14 February Revolution Youth Coalition; ADHRB; Bahrain Alyoum,Other-National,"On 15 October 2024, demonstrators, including February 14 Youth Coalition, held a protest in Barbar (Northern) denouncing the arrest of Sheikh Ali Al Sadadi and showing support for Gaza and the people of Lebanon.",0,crowd size=no report,1730151784
BHR13103,2024-10-16,2024,1,Demonstrations,Protests,Peaceful protest,Protesters (Bahrain),February 14 Youth Coalition,Protesters,,,,Protesters only,,48,Middle East,Bahrain,Capital,,,Sitrah,26.1547,50.6206,1,14 February Revolution Youth Coalition; ADHRB; Bahrain Alyoum; Mayadeen Al Wefaq,Other-National,"On 16 October 2024, demonstrators, including February 14 Youth Coalition, held a protest in Sitrah (Capital) denouncing the arrest of Sheikh Ali Al Sadadi and showing support for Gaza and the people of Lebanon.",0,crowd size=no report,1730151784
BHR13104,2024-10-17,2024,1,Demonstrations,Protests,Peaceful protest,Protesters (Bahrain),February 14 Youth Coalition,Protesters,,,,Protesters only,,48,Middle East,Bahrain,Northern,,,Al Diraz,26.2181,50.4706,1,14 February Revolution Youth Coalition; ADHRB; Al Wefaq National Islamic Society; Bahrain Alyoum,Other-New media,"On 17 October 2024, demonstrators, including February 14 Youth Coalition, held a protest in Al Diraz (Northern) denouncing the arrest of Sheikh Ali Al Sadadi and showing support for Gaza and the people of Lebanon.",0,crowd size=no report,1730151784
BHR13112,2024-10-18,2024,1,Demonstrations,Protests,Peaceful protest,Protesters (Bahrain),February 14 Youth Coalition; Bahraini Society Against Normalisation with Zionist Enemy,Protesters,,,,Protesters only,,48,Middle East,Bahrain,Capital,,,Manama - Adliya,26.216,50.5846,1,14 February Revolution Youth Coalition; ADHRB; Bahraini Society Against Normalisation with Zionist Enemy,Other-National,"On 18 October 2024, demonstrators, including February 14 Youth Coalition and the Bahraini Society Against Normalization with Zionist Enemy, held a protest stand in the '7th October' square in Manama - Adliya (Capital) chanting slogans mourning the assassinated Hamas leader Yahya Sinwar and in solidarity stand with Gaza and Lebanon.",0,crowd size=no report,1730151784
BHR13106,2024-10-18,2024,1,Demonstrations,Protests,Peaceful protest,Protesters (Bahrain),February 14 Youth Coalition,Protesters,,,,Protesters only,,48,Middle East,Bahrain,Northern,,,Barbar,26.2294,50.4806,1,14 February Revolution Youth Coalition; ADHRB; Sada al Bahrain,Other-National,"On 18 October 2024, demonstrators, including February 14 Youth Coalition, held a protest in Barbar (Northern) in solidarity with the arrested Sheikh Ali Al Sadadi, and to show support to the Palestine and the people of Lebanon.",0,crowd size=no report,1730151784
BHR13110,2024-10-18,2024,1,Demonstrations,Protests,Peaceful protest,Protesters (Bahrain),February 14 Youth Coalition,Protesters,,,,Protesters only,,48,Middle East,Bahrain,Muharraq,,,Samahij,26.28,50.635,1,14 February Revolution Youth Coalition; ADHRB,Other-National,"On 18 October 2024, demonstrators, including February 14 Youth Coalition, held a protest in Samahij (Muharraq) in solidarity with the arrested Sheikh Ali Al Sadadi, and to show support to the Palestine and the people of Lebanon.",0,crowd size=no report,1730151784
BHR13108,2024-10-18,2024,1,Demonstrations,Protests,Peaceful protest,Protesters (Bahrain),February 14 Youth Coalition,Protesters,,,,Protesters only,,48,Middle East,Bahrain,Northern,,,Karranah,26.2292,50.5094,1,14 February Revolution Youth Coalition; ADHRB; Al Wefaq National Islamic Society,Other-New media,"On 18 October 2024, demonstrators, including February 14 Youth Coalition, held a protest in Karranah (Northern) in solidarity with the arrested Sheikh Ali Al Sadadi, and to show support to the Palestine and the people of Lebanon.",0,crowd size=no report,1730151784
BHR13116,2024-10-18,2024,1,Demonstrations,Protests,Protest with intervention,Protesters (Bahrain),February 14 Youth Coalition,Protesters,Police Forces of Bahrain (1999-),,State forces,State forces-Protesters,,48,Middle East,Bahrain,Northern,,,Abu Saybi,26.2175,50.5069,1,14 February Revolution Youth Coalition; ADHRB; Al Wefaq National Islamic Society,Other-New media,"On 18 October 2024, demonstrators, including February 14 Youth Coalition, held a protest in Abu Saybi (Northern) in solidarity with the arrested Sheikh Ali Al Sadadi, and to show support to the Palestine and the people of Lebanon. Police forces intervened and stopped the protest by 'attacking' protesters, resulting in injuries. The severity of the police intervention is unclear.",0,crowd size=no report,1753969827
BHR13129,2024-10-13,2024,1,Strategic developments,Strategic developments,Arrests,Police Forces of Bahrain (1999-),,State forces,Civilians (Bahrain),Shiite Muslim Group (Bahrain),Civilians,State forces-Civilians,,48,Middle East,Bahrain,Northern,,,Al Diraz,26.2181,50.4706,1,14 February Revolution Youth Coalition; ADHRB; Bahrain Alyoum; Bahrain Center for Human Rights; Bahrain Mirror; Duraz Mirror; LuaLua TV; Twitter,Other-New media,"On 13 October 2024, Bahraini police forces arrested Sheikh Ali Al Sadadi, a prominent preacher of the Shiite Imam Al Sadiq Mosque in Al Diraz (Northern). According to opposition sources, he was arrested on charge of delivering a sermon in which he expressed solidarity with Gaza and Lebanon. His arrest caused protests across Bahrain. He was released on 20 October.",0,,1730180163
BHR13132,2024-10-20,2024,1,Demonstrations,Protests,Peaceful protest,Protesters (Bahrain),February 14 Youth Coalition,Protesters,,,,Protesters only,,48,Middle East,Bahrain,Muharraq,,,Al Muharraq,26.2572,50.6119,1,14 February Revolution Youth Coalition,Other,"On 20 October 2024, demonstrators, including February 14 Youth Coalition, held a protest in Al Muharraq (Muharraq) in solidarity with Palestinians and against Israeli operations in Gaza and Lebanon, and to denounce the normalization of diplomatic ties with Israel.",0,crowd size=no report,1730180163
BHR13136,2024-10-18,2024,1,Demonstrations,Protests,Peaceful protest,Protesters (Bahrain),,Protesters,,,,Protesters only,,48,Middle East,Bahrain,Muharraq,,,Al Muharraq,26.2572,50.6119,1,ADHRB; Al Wefaq National Islamic Society,New media-National,"On 18 October 2024, demonstrators held a protest march in Al Muharraq (Muharraq) in solidarity with the Lebanese and Palestinian people and political prisoners in Bahrain.",0,crowd size=no report,1730180163
BHR13137,2024-10-19,2024,1,Demonstrations,Protests,Peaceful protest,Protesters (Bahrain),February 14 Youth Coalition,Protesters,,,,Protesters only,,48,Middle East,Bahrain,Capital,,,Bilad al Qadim,26.2117,50.5619,1,14 February Revolution Youth Coalition; ADHRB; Al Wefaq National Islamic Society; Bahrain Alyoum; Sada al Bahrain,Other-New media,"On 19 October 2024, demonstrators, including February 14 Youth Coalition, held a protest in Bilad al Qadim (Capital) condemning the arrest of Sheikh Ali Al Sadadi, and expressing solidarity with Lebanon and Palestine. Bahraini security forces also were deployed in the area, but it's unclear if they interacted with the protesters.",0,crowd size=no report,1730180163
BHR13138,2024-10-19,2024,1,Demonstrations,Protests,Peaceful protest,Protesters (Bahrain),,Protesters,,,,Protesters only,,48,Middle East,Bahrain,Northern,,,Jannusan,26.2305,50.4947,1,ADHRB; Al Wefaq National Islamic Society,New media-National,"On 19 October 2024, demonstrators held a protest in Jannusan (Northern) in solidarity with Sheikh Ali Al Sadadi, and expressing solidarity with Lebanon and Palestine.",0,crowd size=no report,1730180163
BHR13139,2024-10-19,2024,1,Demonstrations,Protests,Peaceful protest,Protesters (Bahrain),,Protesters,,,,Protesters only,,48,Middle East,Bahrain,Northern,,,Aali,26.1619,50.5164,1,ADHRB; Al Wefaq National Islamic Society,New media-National,"On 19 October 2024, demonstrators held a protest in Aali (Northern) in solidarity with Sheikh Ali Al Sadadi, and expressing solidarity with Lebanon and Palestine.",0,crowd size=no report,1730180163
BHR13140,2024-10-19,2024,1,Demonstrations,Protests,Peaceful protest,Protesters (Bahrain),,Protesters,,,,Protesters only,,48,Middle East,Bahrain,Northern,,,Barbar,26.2294,50.4806,1,ADHRB; Al Wefaq National Islamic Society,New media-National,"On 19 October 2024, demonstrators held a protest in Barbar (Northern) in solidarity with Sheikh Ali Al Sadadi, and expressing solidarity with Lebanon and Palestine.",0,crowd size=no report,1730180163
BHR13141,2024-10-19,2024,1,Demonstrations,Protests,Peaceful protest,Protesters (Bahrain),,Protesters,,,,Protesters only,,48,Middle East,Bahrain,Muharraq,,,Samahij,26.28,50.635,1,ADHRB; Sada al Bahrain,National,"On 19 October 2024, demonstrators held a protest in Samahij (Muharraq) in solidarity with Sheikh Ali Al Sadadi, and expressing solidarity with Lebanon and Palestine. Security forces' vehicles were deployed in the area, but it's unclear if they interacted with the protesters.",0,crowd size=no report,1730180163
BHR13143,2024-10-25,2024,1,Demonstrations,Protests,Peaceful protest,Protesters (Bahrain),February 14 Youth Coalition,Protesters,,,,Protesters only,,48,Middle East,Bahrain,Northern,,,Ash Shakhurah,26.2147,50.5069,1,14 February Revolution Youth Coalition,Other,"On 25 October 2024, demonstrators, including February 14 Youth Coalition, held a protest in Ash Shakhurah (Northern) in solidarity with the Lebanese and Palestinian people.",0,crowd size=no report,1730180163
BHR13133,2024-10-23,2024,1,Demonstrations,Protests,Peaceful protest,Protesters (Bahrain),,Protesters,,,,Protesters only,,48,Middle East,Bahrain,Northern,,,Abu Saybi,26.2175,50.5069,1,ADHRB; Al Wefaq National Islamic Society; Bahrain Alyoum,New media-National,"On 23 October 2024, demonstrators held a protest in Abu Saybi (Northern) in solidarity with the Lebanese and Palestinian people and to condemn the assassination of Hashem Safieddine the head of Hezbollah's Executive Council by Israel.",0,crowd size=no report,1730758098
BHR13144,2024-10-25,2024,1,Demonstrations,Protests,Peaceful protest,Protesters (Bahrain),February 14 Youth Coalition,Protesters,,,,Protesters only,,48,Middle East,Bahrain,Muharraq,,,Samahij,26.28,50.635,1,14 February Revolution Youth Coalition; ADHRB; Al Wefaq National Islamic Society; Bahrain Alyoum,Other-New media,"On 25 October 2024, demonstrators, including February 14 Youth Coalition, held a protest in Samahij (Muharraq) in solidarity with the Lebanese and Palestinian people and to condemn the assassination of Hashem Safieddine the head of Hezbollah's Executive Council by Israel in Lebanon.",0,crowd size=no report,1730758098
BHR13142,2024-10-25,2024,1,Demonstrations,Protests,Peaceful protest,Protesters (Bahrain),February 14 Youth Coalition,Protesters,,,,Protesters only,,48,Middle East,Bahrain,Northern,,,Bani Jamrah,26.2097,50.4597,1,14 February Revolution Youth Coalition; ADHRB; Bahrain Alyoum; Twitter,Other-New media,"On 25 October 2024, demonstrators, including February 14 Youth Coalition, held a protest in Bani Jamrah (Northern) in solidarity with the Lebanese and Palestinian people, coinciding with the deployment of security forces in Al Diraz area.",0,crowd size=no report,1730758098
BHR13134,2024-10-25,2024,1,Demonstrations,Protests,Peaceful protest,Protesters (Bahrain),February 14 Youth Coalition,Protesters,,,,Protesters only,,48,Middle East,Bahrain,Northern,,,Barbar,26.2294,50.4806,1,14 February Revolution Youth Coalition; ADHRB; Al Wefaq National Islamic Society; Bahrain Alyoum,Other-New media,"On 25 October 2024, demonstrators, including February 14 Youth Coalition, held a protest in Barbar (Northern) in solidarity with the Lebanese and Palestinian people and to condemn the killing of Hashem Safieddine, the head of Hezbollah's Executive Council, by Israel in Lebanon. The protesters also denounced the normalization of diplomatic ties with Israel.",0,crowd size=no report,1730758098
BHR13135,2024-10-25,2024,1,Demonstrations,Protests,Peaceful protest,Protesters (Bahrain),February 14 Youth Coalition,Protesters,,,,Protesters only,,48,Middle East,Bahrain,Northern,,,Abu Saybi,26.2175,50.5069,1,14 February Revolution Youth Coalition; ADHRB; Bahrain Alyoum; Twitter,Other-New media,"On 25 October 2024, demonstrators, including February 14 Youth Coalition, held a protest in Abu Saybi (Northern) in solidarity with the Lebanese and Palestinian people and to condemn the assassination of Hashem Safieddine the head of Hezbollah's Executive Council by Israel in Lebanon. Protesters also denounced the normalization of diplomatic ties with Israel.",0,crowd size=no report,1730758098
BHR13145,2024-10-25,2024,1,Demonstrations,Protests,Peaceful protest,Protesters (Bahrain),Bahraini Society Against Normalisation with Zionist Enemy,Protesters,,,,Protesters only,,48,Middle East,Bahrain,Capital,,,Manama - Adliya,26.216,50.5846,1,ADHRB,National,"On 25 October 2024, the Bahraini Society Against Normalization with Zionist Enemy held a protest in front of its headquarters in Manama - Adliya (Capital) to condemn the assassination of Hashem Safieddine the head of Hezbollah's Executive Council by Israel and in solidarity stand with Gaza and Lebanon. the protesters also denounce 'Israeli crimes' in the context of the latest round of violence in Lebanon and Gaza.",0,crowd size=no report,1730764813
BHR13146,2024-10-30,2024,1,Demonstrations,Protests,Peaceful protest,Protesters (Bahrain),February 14 Youth Coalition,Protesters,,,,Protesters only,,48,Middle East,Bahrain,Capital,,,Manama,26.2279,50.5857,3,14 February Revolution Youth Coalition,Other,"On 30 October 2024, families of political prisoners sentenced to death, including February 14 Youth Coalition, held a protest stand in an unspecified location in Bahrain (coded to Manama city) (Capital) to denouncing the ongoing 'violations' against the political prisoners in Jaw Prison.",0,crowd size=no report,1730764813
BHR13147,2024-10-31,2024,1,Demonstrations,Protests,Peaceful protest,Protesters (Bahrain),February 14 Youth Coalition,Protesters,,,,Protesters only,,48,Middle East,Bahrain,Capital,,,Sanabis,26.2259,50.5452,1,14 February Revolution Youth Coalition,Other,"On 31 October 2024, demonstrators, including February 14 Youth Coalition, held a protest in Sanabis (Capital) in solidarity with the Lebanese and Palestinian people. Security forces deployed in the area, but did not intervene in the protest.",0,crowd size=no report,1730764813
BHR13151,2024-10-27,2024,1,Political violence,Violence against civilians,Attack,Police Forces of Bahrain (1999-) Prison Guards,,State forces,Civilians (Bahrain),Prisoners (Bahrain),Civilians,State forces-Civilians,Civilian targeting,48,Middle East,Bahrain,Southern,,,Jaw Prison,25.9916,50.6165,1,LuaLua TV,National,"On 27 October 2024, prison guards assaulted political prisoners sentenced to death in the isolation building in Jaw Prison (Southern). The reason behind the incident was not reported.",0,,1754409470
BHR13156,2024-10-22,2024,1,Demonstrations,Protests,Peaceful protest,Protesters (Bahrain),,Protesters,,,,Protesters only,,48,Middle East,Bahrain,Capital,,,Karbabad,26.2303,50.5294,1,ADHRB,National,"On 22 October 2024, demonstrators held a protest in Karbabad (Capital) in solidarity with the Lebanese and Palestinian people and to condemn the assassination of Hashem Safieddine the head of Hezbollah's Executive Council by Israel and to denounce 'Israeli crimes' in the context of the latest round of violence in Lebanon and Gaza.",0,crowd size=no report,1730764813
BHR13157,2024-10-23,2024,1,Demonstrations,Protests,Peaceful protest,Protesters (Bahrain),,Protesters,,,,Protesters only,,48,Middle East,Bahrain,Capital,,,Al Muqsha,26.2197,50.5231,1,ADHRB,National,"On 23 October 2024, demonstrators held a protest in Al Muqsha (Capital) in solidarity with the Lebanese and Palestinian people and to condemn the assassination of Hashem Safieddine the head of Hezbollah's Executive Council by Israel.",0,crowd size=no report,1730764813
BHR13158,2024-10-23,2024,1,Demonstrations,Protests,Peaceful protest,Protesters (Bahrain),,Protesters,,,,Protesters only,,48,Middle East,Bahrain,Capital,,,Karbabad,26.2303,50.5294,1,ADHRB,National,"On 23 October 2024, for the second consecutive day, demonstrators held a protest in Karbabad (Capital) in solidarity with the Lebanese and Palestinian people and to condemn the assassination of Hashem Safieddine the head of Hezbollah's Executive Council by Israel.",0,crowd size=no report,1730764813
BHR13159,2024-10-24,2024,1,Demonstrations,Protests,Peaceful protest,Protesters (Bahrain),,Protesters,,,,Protesters only,,48,Middle East,Bahrain,Capital,,,Karbabad,26.2303,50.5294,1,ADHRB,National,"On 24 October 2024, for the third consecutive day, demonstrators held a protest in Karbabad (Capital) in solidarity with the Lebanese and Palestinian people and to condemn the assassination of Hashem Safieddine the head of Hezbollah's Executive Council by Israel and to denounce 'Israeli crimes' in the context of the latest round of violence in Lebanon and Gaza.",0,crowd size=no report,1730764813
BHR13160,2024-10-24,2024,1,Demonstrations,Protests,Peaceful protest,Protesters (Bahrain),,Protesters,,,,Protesters only,,48,Middle East,Bahrain,Capital,,,Sanabis,26.2259,50.5452,1,ADHRB,National,"On 24 October 2024, demonstrators held a sit-in protest in Sanabis (Capital) in solidarity with the Lebanese and Palestinian people and to condemn the assassination of Hashem Safieddine the head of Hezbollah's Executive Council by Israel. Security forces deployed nearby to contain the protest but did not intervene otherwise.",0,crowd size=no report,1730764813
BHR13149,2024-11-01,2024,1,Demonstrations,Protests,Peaceful protest,Protesters (Bahrain),February 14 Youth Coalition,Protesters,,,,Protesters only,,48,Middle East,Bahrain,Northern,,,Barbar,26.2294,50.4806,1,14 February Revolution Youth Coalition; ADHRB; Bahrain Alyoum; Instagram,Other-New media,"On 1 November 2024, demonstrators, including February 14 Youth Coalition, held a protest march in Barbar (Northern) in solidarity with the Lebanese and Palestinian people.",0,crowd size=no report,1731356303
BHR13148,2024-11-01,2024,1,Demonstrations,Protests,Peaceful protest,Protesters (Bahrain),February 14 Youth Coalition,Protesters,,,,Protesters only,,48,Middle East,Bahrain,Northern,,,Jannusan,26.2305,50.4947,1,14 February Revolution Youth Coalition; ADHRB; Bahrain Alyoum,Other-National,"On 1 November 2024, demonstrators, including February 14 Youth Coalition, held a protest in Jannusan (Northern) in solidarity with the Lebanese and Palestinian people and they also chanted slogans against Israel.",0,crowd size=no report,1731356303
BHR13169,2024-11-08,2024,1,Demonstrations,Protests,Peaceful protest,Protesters (Bahrain),February 14 Youth Coalition,Protesters,,,,Protesters only,,48,Middle East,Bahrain,Northern,,,Abu Saybi,26.2175,50.5069,1,14 February Revolution Youth Coalition; Bahrain Alyoum,Other-National,"On 8 November 2024, demonstrators, including February 14 Youth Coalition, held a protest march in Abu Saybi (Northern) in solidarity with the Lebanese and Palestinian people and mourning Hassan Nasrallah the general secretary of Lebanese Hezbollah.",0,crowd size=no report,1731510639
BHR13172,2024-11-08,2024,1,Demonstrations,Protests,Peaceful protest,Protesters (Bahrain),February 14 Youth Coalition,Protesters,,,,Protesters only,,48,Middle East,Bahrain,Northern,,,Ash Shakhurah,26.2147,50.5069,1,14 February Revolution Youth Coalition,Other,"On 8 November 2024, demonstrators, including February 14 Youth Coalition, held a protest march in Ash Shakhurah (Northern) in solidarity with the Lebanese and Palestinian people and mourning Hassan Nasrallah the general secretary of Lebanese Hezbollah.",0,crowd size=no report,1731510639
BHR13176,2024-11-07,2024,1,Demonstrations,Riots,Violent demonstration,Rioters (Bahrain),February 14 Youth Coalition,Rioters,,,,Rioters only,,48,Middle East,Bahrain,Northern,,,Maqabah,26.2108,50.4875,1,14 February Revolution Youth Coalition,Other,"On 7 November 2024, demonstrators, including February 14 Youth Coalition, blocked a road with burning tires in Maqabah (Northern) as part of a demonstration in solidarity with the political detainees and mourning Hassan Nasrallah the general secretary of Lebanese Hezbollah.",0,crowd size=no report,1731510641
BHR13167,2024-11-05,2024,1,Demonstrations,Protests,Peaceful protest,Protesters (Bahrain),February 14 Youth Coalition,Protesters,,,,Protesters only,,48,Middle East,Bahrain,Capital,,,Seef,26.2383,50.5386,1,14 February Revolution Youth Coalition; Bahrain Alyoum,Other-National,"On 5 November 2024, families of political prisoners sentenced to death staged a sit-in in the building of the National Institute for Human Rights in Seef (Capital) demanding an end to illegal solitary confinement and the ability to contact the political prisoners.",0,crowd size=no report,1731510643
BHR13165,2024-11-01,2024,1,Demonstrations,Protests,Peaceful protest,Protesters (Bahrain),,Protesters,,,,Protesters only,,48,Middle East,Bahrain,Capital,,,Sanabis,26.2259,50.5452,1,ADHRB; Bahrain Alyoum; Revolution Bahrain,New media-National,"On 1 November 2024, demonstrators protested in Sanabis (Capital) in solidarity with the Lebanese and Palestinian people. Security forces were also deployed in the area to suppress the protest, but did not intervene.",0,crowd size=no report,1731510646
BHR13175,2024-11-01,2024,1,Demonstrations,Protests,Peaceful protest,Protesters (Bahrain),February 14 Youth Coalition,Protesters,,,,Protesters only,,48,Middle East,Bahrain,Northern,,,Maqabah,26.2108,50.4875,1,14 February Revolution Youth Coalition; ADHRB; Sada al Bahrain,Other-National,"On 1 November 2024, demonstrators, including February 14 Youth Coalition, held a protest march in Maqabah (Northern) in solidarity with the Lebanese and Palestinian people.",0,crowd size=no report,1731510646
BHR13162,2024-10-31,2024,1,Demonstrations,Riots,Violent demonstration,Rioters (Bahrain),,Rioters,,,,Rioters only,,48,Middle East,Bahrain,Capital,,,Karbabad,26.2303,50.5294,1,ADHRB; Karbabad Media,New media-National,"On 31 October 2024, demonstrators blocked a road with burning tires in Karbabad (Capital) as part of a demonstration in solidarity with the political prisoners sentenced to death in Jaw Prison.",0,crowd size=no report,1731510646
BHR13174,2024-10-29,2024,1,Demonstrations,Protests,Peaceful protest,Protesters (Bahrain),,Protesters,,,,Protesters only,,48,Middle East,Bahrain,Northern,,,Bu Quwa,26.2047,50.52,1,ADHRB; Instagram; Prisoners Affairs Authority in Bahrain,New media-National,"On 29 October 2024, families of political detainees sentenced to death held a sit-in protest in Bu Quwa (Northern) demanding information on their sons' fates after they were denied any form of communication. Heavily armed forces and vehicles were deployed to suppress the families' gathering, but did not intervene.",0,crowd size=no report,1731510646
BHR13178,2024-10-26,2024,1,Political violence,Riots,Mob violence,Rioters (Bahrain),Prisoners (Bahrain),Rioters,,,,Rioters only,,48,Middle East,Bahrain,Southern,,,Jaw Prison,25.9916,50.6165,1,ADHRB; Prisoners Affairs Authority in Bahrain,New media-National,"On 26 October 2024, prisoners in Building 7 of Jaw Prison (Southern) demonstrated against the ongoing power and hot water lack by breaking windows facing outside the building. In response, the prison administration tightened security measures and deployed additional forces around Buildings 6, 7, and 9, where the prisoners are demonstrating.",0,crowd size=no report,1731510646
BHR13153,2024-10-30,2024,1,Demonstrations,Protests,Peaceful protest,Protesters (Bahrain),February 14 Youth Coalition,Protesters,,,,Protesters only,,48,Middle East,Bahrain,Northern,,,Demistan,26.1264,50.4811,1,14 February Revolution Youth Coalition; ADHRB; Sada al Bahrain,Other-National,"On 30 October 2024, demonstrators, including February 14 Youth Coalition, held a protest in front of Abu Rumana Mosque in Demistan (Northern) in support of Palestine and Lebanon. Bahraini security forces surrounded the area to suppress the demonstration, but no physical intervention was reported.",0,crowd size=no report,1731969477
BHR13168,2024-11-05,2024,1,Demonstrations,Protests,Peaceful protest,Protesters (Bahrain),February 14 Youth Coalition,Protesters,,,,Protesters only,,48,Middle East,Bahrain,Muharraq,,,Samahij,26.28,50.635,1,14 February Revolution Youth Coalition; ADHRB; Bahrain Alyoum,Other-National,"On 5 November 2024, demonstrators, including February 14 Youth Coalition, held a protest in Samahij (Muharraq) in solidarity with the Lebanese and Palestinian people and mourning Hassan Nasrallah the general secretary of Lebanese Hezbollah.",0,crowd size=no report,1731969477
BHR13166,2024-11-07,2024,1,Demonstrations,Protests,Peaceful protest,Protesters (Bahrain),February 14 Youth Coalition,Protesters,,,,Protesters only,,48,Middle East,Bahrain,Capital,,,Sanabis,26.2259,50.5452,1,14 February Revolution Youth Coalition; ADHRB; Sada al Bahrain,Other-National,"On 7 November 2024, demonstrators, including February 14 Youth Coalition, held a protest in Sanabis (Capital) in solidarity with the political detainees.",0,crowd size=no report,1731969477
BHR13173,2024-11-08,2024,1,Demonstrations,Protests,Peaceful protest,Protesters (Bahrain),February 14 Youth Coalition,Protesters,,,,Protesters only,,48,Middle East,Bahrain,Northern,,,Barbar,26.2294,50.4806,1,14 February Revolution Youth Coalition; ADHRB; Bahrain Alyoum; LuaLua TV,Other-National,"On 8 November 2024, demonstrators, including February 14 Youth Coalition, held a protest march in Barbar (Northern) in solidarity with the Lebanese and Palestinian people and mourning Hassan Nasrallah the general secretary of Lebanese Hezbollah.",0,crowd size=no report,1731969477
BHR13181,2024-11-10,2024,1,Demonstrations,Protests,Peaceful protest,Protesters (Bahrain),,Protesters,,,,Protesters only,,48,Middle East,Bahrain,Capital,,,Manama,26.2279,50.5857,1,ADHRB; Twitter,New media-National,"On 10 November 2024, a number of detainees released as part of the issued royal pardon staged a sit-in in front of the Ministry of Housing in Manama (Capital) to demand their rights to obtain housing services.",0,crowd size=no report,1731979371
BHR13193,2024-11-15,2024,1,Demonstrations,Riots,Violent demonstration,Rioters (Bahrain),February 14 Youth Coalition,Rioters,,,,Rioters only,,48,Middle East,Bahrain,Capital,,,Al Akr,26.1431,50.6103,1,14 February Revolution Youth Coalition,Other,"On 15 November 2024, demonstrators, including February 14 Youth Coalition, blocked a road with burning tires in Al Akr (Capital) in solidarity with political detainees.",0,crowd size=no report,1731979371
BHR13202,2024-11-18,2024,1,Demonstrations,Riots,Violent demonstration,Rioters (Bahrain),February 14 Youth Coalition,Rioters,,,,Rioters only,,48,Middle East,Bahrain,Northern,,,Maqabah,26.2108,50.4875,1,14 February Revolution Youth Coalition,Other,"On 18 November 2024, demonstrators, including February 14 Youth Coalition, blocked a road with burning tires in Maqabah (Northern) as part of a demonstration in solidarity with political prisoners and to demand their release.",0,crowd size=no report,1732579852
BHR13203,2024-11-17,2024,1,Political violence,Riots,Mob violence,Rioters (Bahrain),Prisoners (Bahrain),Rioters,Police Forces of Bahrain (1999-) Prison Guards,,State forces,State forces-Rioters,,48,Middle East,Bahrain,Southern,,,Jaw Prison,25.9916,50.6165,1,Bahrain Alyoum,National,"On 17 November 2024, prisoners in Building 7 of Jaw Prison (Southern) clashed with the prison police officers after a dispute between a prisoner and the guard distributing food escalated into a clash. Prison guards used sound grenades and other riot dispersal methods against the rioters.",0,crowd size=no report,1732579852
BHR13204,2024-11-22,2024,1,Demonstrations,Protests,Peaceful protest,Protesters (Bahrain),Labor Group (Bahrain),Protesters,,,,Protesters only,,48,Middle East,Bahrain,Capital,,,Manama,26.2279,50.5857,1,ADHRB; Twitter,New media-National,"On 22 November 2024, members of the Gulf Aluminum Rolling Mill Company (GARMCO) Workers' Union and dismissed workers held a sit-in in front of the House of Representatives headquarters in Manama (Capital), demanding intervention to stop arbitrary dismissals and protect workers' rights. Protestors called for the reinstatement of dismissed workers, financial and moral compensation, and an end to threats and intimidation, which have created a toxic workplace.",0,crowd size=no report,1733203621
BHR13206,2024-11-28,2024,1,Demonstrations,Protests,Peaceful protest,Protesters (Bahrain),February 14 Youth Coalition,Protesters,,,,Protesters only,,48,Middle East,Bahrain,Northern,,,Ash Shakhurah,26.2147,50.5069,1,14 February Revolution Youth Coalition,Other,"On 28 November 2024, demonstrators, including February 14 Youth Coalition, held a protest in Ash Shakhurah (Northern) to express their support for the 'resistance' and to condemn the ongoing prevention of Friday prayers in Diraz by the Bahraini authorities.",0,crowd size=no report,1733203621
BHR13208,2024-11-29,2024,1,Demonstrations,Protests,Peaceful protest,Protesters (Bahrain),February 14 Youth Coalition,Protesters,,,,Protesters only,,48,Middle East,Bahrain,Northern,,,Abu Saybi,26.2175,50.5069,1,14 February Revolution Youth Coalition; Bahrain Alyoum,Other-National,"On 29 November 2024, demonstrators, including February 14 Youth Coalition, held a protest in Abu Saybi (Northern) in solidarity with the Palestinian, Lebanese people, and the political prisoners, and to condemn the ongoing prevention of Friday prayers in Diraz by the Bahraini authorities.",0,crowd size=no report,1733203621
BHR13209,2024-11-29,2024,1,Demonstrations,Protests,Peaceful protest,Protesters (Bahrain),February 14 Youth Coalition,Protesters,,,,Protesters only,,48,Middle East,Bahrain,Northern,,,Ash Shakhurah,26.2147,50.5069,1,14 February Revolution Youth Coalition,Other,"On 29 November 2024, demonstrators, including February 14 Youth Coalition, held a protest in Ash Shakhurah (Northern) in solidarity with the Palestinian, Lebanese people, and the political prisoners, and to condemn the ongoing prevention of Friday prayers in Diraz by the Bahraini authorities.",0,crowd size=no report,1733203621
BHR13210,2024-11-22,2024,1,Demonstrations,Protests,Peaceful protest,Protesters (Bahrain),,Protesters,,,,Protesters only,,48,Middle East,Bahrain,Northern,,,Al Diraz,26.2181,50.4706,1,ADHRB; Mayadeen Al Wefaq,National,"On 22 November 2024, demonstrators held a protest in Al Diraz (Northern) in solidarity with the Palestinian and Lebanese people.",0,crowd size=no report,1733203621
BHR13200,2024-11-22,2024,1,Demonstrations,Protests,Peaceful protest,Protesters (Bahrain),February 14 Youth Coalition,Protesters,,,,Protesters only,,48,Middle East,Bahrain,Northern,,,Bani Jamrah,26.2097,50.4597,1,14 February Revolution Youth Coalition; ADHRB; Mayadeen Al Wefaq,Other-National,"On 22 November 2024, demonstrators, including February 14 Youth Coalition, held a protest march in Bani Jamrah (Northern) in solidarity with the Palestinian and Lebanese people.",0,crowd size=no report,1733253628
BHR13201,2024-11-22,2024,1,Demonstrations,Protests,Peaceful protest,Protesters (Bahrain),February 14 Youth Coalition,Protesters,,,,Protesters only,,48,Middle East,Bahrain,Northern,,,Karzakkan,26.1156,50.4819,1,14 February Revolution Youth Coalition; ADHRB; Bahrain Alyoum; Duraz Youth; LuaLua TV; Sada al Bahrain,Other-New media,"On 22 November 2024, demonstrators, including February 14 Youth Coalition, held a protest march in Karzakkan (Northern) in solidarity with the Palestinian and Lebanese people. Security forces were deployed in the area, but did not intervene.",0,crowd size=no report,1733253628
BHR13205,2024-11-28,2024,1,Demonstrations,Protests,Peaceful protest,Protesters (Bahrain),February 14 Youth Coalition,Protesters,,,,Protesters only,,48,Middle East,Bahrain,Northern,,,Abu Saybi,26.2175,50.5069,1,14 February Revolution Youth Coalition; ADHRB; Ahrar Abu Saiba,Other-New media,"On 28 November 2024, demonstrators, including February 14 Youth Coalition, held a protest in Abu Saybi (Northern) to show support for the 'resistance', and to condemn the ongoing prevention of Friday prayers in Diraz by the Bahraini authorities.",0,crowd size=no report,1733783069
BHR13207,2024-11-29,2024,1,Demonstrations,Protests,Peaceful protest,Protesters (Bahrain),February 14 Youth Coalition,Protesters,,,,Protesters only,,48,Middle East,Bahrain,Capital,,,Bilad al Qadim,26.2117,50.5619,1,14 February Revolution Youth Coalition; ADHRB; Al Wefaq National Islamic Society; Bahrain Alyoum; LuaLua TV,Other-New media,"On 29 November 2024, demonstrators, including February 14 Youth Coalition, held a protest in Bilad al Qadim (Capital) in solidarity with the Palestinian, Lebanese people, and political prisoners, and to condemn the ongoing prevention of Friday prayers in Diraz by the Bahraini authorities.",0,crowd size=no report,1733783069
BHR13211,2024-11-29,2024,1,Demonstrations,Protests,Peaceful protest,Protesters (Bahrain),Bahraini Society Against Normalisation with Zionist Enemy,Protesters,,,,Protesters only,,48,Middle East,Bahrain,Capital,,,Manama - Adliya,26.216,50.5846,1,ADHRB; Twitter,New media-National,"On 29 November 2024, the Bahraini Society Against Normalization with Zionist Enemy held a protest stand in front of its headquarters in Manama - Adliya (Capital) in solidarity with the Palestinian people and to denounce the normalization of ties with Israel.",0,crowd size=no report,1733789031
BHR13213,2024-11-29,2024,1,Demonstrations,Protests,Peaceful protest,Protesters (Bahrain),February 14 Youth Coalition,Protesters,,,,Protesters only,,48,Middle East,Bahrain,Northern,,,Bani Jamrah,26.2097,50.4597,1,14 February Revolution Youth Coalition; ADHRB; Duraz Mirror,Other-New media,"On 29 November 2024, demonstrators, including February 14 Youth Coalition, held a protest in Bani Jamrah (Northern) in solidarity with the Palestinian, Lebanese people, and political prisoners, and called for the release of all prisoners.",0,crowd size=no report,1733789031
BHR13214,2024-11-30,2024,1,Demonstrations,Protests,Peaceful protest,Protesters (Bahrain),February 14 Youth Coalition,Protesters,,,,Protesters only,,48,Middle East,Bahrain,Muharraq,,,Samahij,26.28,50.635,1,14 February Revolution Youth Coalition; ADHRB; Mayadeen Al Wefaq,Other-National,"On 30 November 2024, demonstrators, including February 14 Youth Coalition, held a protest in Samahij (Muharraq) in response to and to denounce the statements made by the Minister of Interior and to express solidarity with the people of Lebanon and Palestine and demand the release of political prisoners. They also condemned the ban on Friday prayers in Al Diraz.",0,crowd size=no report,1733789031
BHR13217,2024-12-06,2024,1,Demonstrations,Protests,Peaceful protest,Protesters (Bahrain),February 14 Youth Coalition,Protesters,,,,Protesters only,,48,Middle East,Bahrain,Northern,,,Ash Shakhurah,26.2147,50.5069,1,14 February Revolution Youth Coalition,Other,"On 6 December 2024, demonstrators, including February 14 Youth Coalition, held a protest march in Ash Shakhurah (Northern) denouncing the death of an inmate in Jaw Prison on 5 December.",0,crowd size=no report,1733789031
BHR13220,2024-12-04,2024,1,Demonstrations,Riots,Violent demonstration,Rioters (Bahrain),February 14 Youth Coalition,Rioters,,,,Rioters only,,48,Middle East,Bahrain,Capital,,,Al Akr,26.1431,50.6103,1,14 February Revolution Youth Coalition,Other,"On 4 December 2024, demonstrators, including February 14 Youth Coalition, blocked a road with burning tires in Al Akr (Capital) as part of a demonstration to commemorate 'Bahrain's Martyrs' Day'.",0,crowd size=no report,1733789031
BHR13222,2024-12-06,2024,1,Demonstrations,Riots,Violent demonstration,Rioters (Bahrain),February 14 Youth Coalition,Rioters,,,,Rioters only,,48,Middle East,Bahrain,Northern,,,Abu Saybi,26.2175,50.5069,1,14 February Revolution Youth Coalition,Other,"On 6 December 2024, demonstrators, including February 14 Youth Coalition, blocked a road with burning tires in Abu Saybi (Northern) as part of a demonstration denouncing the death of an inmate in Jaw Prison on 5 December.",0,crowd size=no report,1733789031
BHR13223,2024-12-06,2024,1,Demonstrations,Riots,Violent demonstration,Rioters (Bahrain),February 14 Youth Coalition,Rioters,,,,Rioters only,,48,Middle East,Bahrain,Northern,,,Al Malikiyah,26.098,50.4866,1,14 February Revolution Youth Coalition,Other,"On 6 December 2024, demonstrators, including February 14 Youth Coalition, blocked a road with burning tires in Al Malikiyah (Northern) as part of a demonstration denouncing the death of an inmate in Jaw Prison on 5 December.",0,crowd size=no report,1733789031
BHR13225,2024-11-29,2024,1,Demonstrations,Protests,Peaceful protest,Protesters (Bahrain),,Protesters,,,,Protesters only,,48,Middle East,Bahrain,Southern,,,Jaw Prison,25.9916,50.6165,1,Bahrain Alyoum,National,"On 29 November 2024, families of political prisoners, sentenced to death, held a protest stand in front of Jaw Prison (Southern) and demanded the authorities reveal the fate of their sons due to the interruption of visits and communications with them for days.",0,crowd size=no report,1733789031
BHR13226,2024-11-29,2024,1,Demonstrations,Protests,Peaceful protest,Protesters (Bahrain),,Protesters,,,,Protesters only,,48,Middle East,Bahrain,Capital,,,Az Zinj,26.2153,50.5642,1,Bahrain Mirror,National,"On 29 November 2024, demonstrators held a protest near the US Embassy in Az Zinj (Capital) in solidarity with the people of Lebanon and Palestine and to denounce US support for Israel.",0,crowd size=no report,1733789031
BHR13227,2024-11-29,2024,1,Demonstrations,Protests,Peaceful protest,Protesters (Bahrain),,Protesters,,,,Protesters only,,48,Middle East,Bahrain,Capital,,,Karbabad,26.2303,50.5294,1,ADHRB; Prisoners Affairs Authority in Bahrain,New media-National,"On 29 November 2024, families of political prisoners, sentenced to death, held a protest stand in Karbabad (Capital) to demand information about their sons detained in Jaw Central Prison, following the interruption of visits and communications.",0,crowd size=no report,1733789031
BHR13228,2024-11-29,2024,1,Demonstrations,Protests,Peaceful protest,Protesters (Bahrain),,Protesters,,,,Protesters only,,48,Middle East,Bahrain,Northern,,,Abu Saybi,26.2175,50.5069,1,ADHRB; Al Wefaq National Islamic Society; Sada al Bahrain,New media-National,"On 29 November 2024, demonstrators held a protest in Abu Saybi (Northern) in solidarity with the Palestinian, Lebanese people, and to condemn the ongoing prevention of Friday prayers in Diraz by the Bahraini authorities. The protest lasted until the night, and the Bahraini police deployed in the area but did not intervene otherwise.",0,crowd size=no report,1733789031
BHR13215,2024-12-04,2024,1,Demonstrations,Protests,Peaceful protest,Protesters (Bahrain),February 14 Youth Coalition,Protesters,,,,Protesters only,,48,Middle East,Bahrain,Northern,,,Al Diraz,26.2181,50.4706,1,14 February Revolution Youth Coalition; ADHRB,Other-National,"On 4 December 2024, demonstrators, including February 14 Youth Coalition, held a protest in Al Diraz (Northern) in solidarity with the Palestinian, Lebanese people, and to condemn the ongoing prevention of Friday prayers in Diraz by the Bahraini authorities.",0,crowd size=no report,1734387227
BHR13216,2024-12-06,2024,1,Demonstrations,Protests,Peaceful protest,Protesters (Bahrain),February 14 Youth Coalition,Protesters,,,,Protesters only,,48,Middle East,Bahrain,Capital,,,Manama - Adhari,26.2308,50.5711,1,14 February Revolution Youth Coalition; ADHRB; Bahrain Alyoum,Other-National,"On 6 December 2024, demonstrators, including February 14 Youth Coalition, held a protest march in Manama - Adhari (Capital) denouncing the death of an inmate in Jaw Prison on 5 December.",0,crowd size=no report,1734387227
BHR13218,2024-12-06,2024,1,Demonstrations,Protests,Peaceful protest,Protesters (Bahrain),February 14 Youth Coalition,Protesters,,,,Protesters only,,48,Middle East,Bahrain,Capital,,,Tubli,26.1869,50.5494,1,14 February Revolution Youth Coalition; ADHRB; Bahrain Alyoum; Sada al Bahrain,Other-National,"On 6 December 2024, demonstrators, including February 14 Youth Coalition, held a protest march in Tubli (Capital) in solidarity with the political prisoners and to denounce the death of an inmate in Jaw Prison on 5 December.",0,crowd size=no report,1734387227
BHR13219,2024-12-06,2024,1,Demonstrations,Protests,Peaceful protest,Protesters (Bahrain),February 14 Youth Coalition,Protesters,,,,Protesters only,,48,Middle East,Bahrain,Northern,,,Abu Saybi,26.2175,50.5069,1,14 February Revolution Youth Coalition; ADHRB; Ahrar Abu Saiba; Bahrain Alyoum,Other-New media,"On 6 December 2024, demonstrators, including February 14 Youth Coalition, held a protest march in Abu Saybi (Northern) denouncing the death of an inmate in Jaw Prison on 5 December.",0,crowd size=no report,1734387227
BHR13221,2024-12-06,2024,1,Demonstrations,Riots,Violent demonstration,Rioters (Bahrain),February 14 Youth Coalition,Rioters,,,,Rioters only,,48,Middle East,Bahrain,Capital,,,Sitrah,26.1547,50.6206,1,14 February Revolution Youth Coalition; ADHRB; Instagram,Other-New media,"On 6 December 2024, demonstrators, including February 14 Youth Coalition, blocked a road with burning tires in Sitrah (Capital) as part of a demonstration denouncing the death of an inmate in Jaw Prison on 5 December.",0,crowd size=no report,1734387227
BHR13224,2024-12-06,2024,1,Demonstrations,Riots,Violent demonstration,Rioters (Bahrain),February 14 Youth Coalition,Rioters,,,,Rioters only,,48,Middle East,Bahrain,Capital,,,Karbabad,26.2303,50.5294,1,14 February Revolution Youth Coalition; ADHRB; Karbabad Media,Other-New media,"On 6 December 2024, demonstrators, including February 14 Youth Coalition, blocked a road with burning tires in Karbabad (Capital) as part of a demonstration denouncing the death of an inmate in Jaw Prison on 5 December.",0,crowd size=no report,1734387227
BHR13212,2024-12-06,2024,1,Demonstrations,Protests,Peaceful protest,Protesters (Bahrain),Bahraini Society Against Normalisation with Zionist Enemy,Protesters,,,,Protesters only,,48,Middle East,Bahrain,Capital,,,Manama - Adliya,26.216,50.5846,1,ADHRB; Bahraini Society Against Normalisation with Zionist Enemy,Other-National,"On 6 December 2024, the Bahraini Society Against Normalization with Zionist Enemy held a protest stand in the '7th October' square in Manama - Adliya (Capital) in solidarity with the Palestinian people and to denounce the normalization of ties with Israel.",0,crowd size=no report,1734387227
BHR13229,2024-12-07,2024,1,Demonstrations,Protests,Peaceful protest,Protesters (Bahrain),February 14 Youth Coalition,Protesters,,,,Protesters only,,48,Middle East,Bahrain,Capital,,,Sanabis,26.2259,50.5452,1,14 February Revolution Youth Coalition; ADHRB; Bahrain Alyoum; Instagram; Sanabis Revolution,Other-New media,"On 7 December 2024, demonstrators, including February 14 Youth Coalition, held a protest in Sanabis (Capital) in solidarity with the political prisoners and to denounce the death of an inmate in Jaw Prison on 5 December. Security forces deployed in the area but did not intervene.",0,crowd size=no report,1734465826
BHR13230,2024-12-07,2024,1,Demonstrations,Protests,Peaceful protest,Protesters (Bahrain),February 14 Youth Coalition,Protesters,,,,Protesters only,,48,Middle East,Bahrain,Capital,,,Manama,26.2279,50.5857,1,14 February Revolution Youth Coalition,Other,"On 7 December 2024, demonstrators, including February 14 Youth Coalition, held a protest in Manama (Capital) in solidarity with the Palestinian people.",0,crowd size=no report,1734465826
BHR13231,2024-12-07,2024,1,Demonstrations,Protests,Peaceful protest,Protesters (Bahrain),February 14 Youth Coalition,Protesters,,,,Protesters only,,48,Middle East,Bahrain,Northern,,,Karranah,26.2292,50.5094,1,14 February Revolution Youth Coalition,Other,"On 7 December 2024, demonstrators, including February 14 Youth Coalition, held a protest in Karranah (Northern) in solidarity with the Palestinian and Lebanon people, and to denounce the death of an inmate in Jaw Prison on 5 December.",0,crowd size=no report,1734465826
BHR13232,2024-12-07,2024,1,Demonstrations,Protests,Peaceful protest,Protesters (Bahrain),February 14 Youth Coalition,Protesters,,,,Protesters only,,48,Middle East,Bahrain,Capital,,,Karbabad,26.2303,50.5294,1,14 February Revolution Youth Coalition; ADHRB; Karbabad Media; Mayadeen Al Wefaq,Other-New media,"On 7 December 2024, demonstrators, including February 14 Youth Coalition, held a protest in Karbabad (Capital) in solidarity with the political prisoners and to denounce the death of an inmate in Jaw Prison on 5 December.",0,crowd size=no report,1734465826
BHR13233,2024-12-07,2024,1,Demonstrations,Protests,Peaceful protest,Protesters (Bahrain),February 14 Youth Coalition,Protesters,,,,Protesters only,,48,Middle East,Bahrain,Northern,,,Al Diraz,26.2181,50.4706,1,14 February Revolution Youth Coalition; ADHRB; Mayadeen Al Wefaq,Other-National,"On 7 December 2024, demonstrators, including February 14 Youth Coalition, held a protest in Al Diraz (Northern) to denounce the violence against the prisoners by the prison guards in Jaw prison.",0,crowd size=no report,1734465826
BHR13234,2024-12-07,2024,1,Demonstrations,Protests,Peaceful protest,Protesters (Bahrain),February 14 Youth Coalition,Protesters,,,,Protesters only,,48,Middle East,Bahrain,Capital,,,Tubli,26.1869,50.5494,1,14 February Revolution Youth Coalition; Bahrain Alyoum,Other-National,"On 7 December 2024, demonstrators, including February 14 Youth Coalition, held a protest in Tubli (Capital) in solidarity with the political prisoners and to denounce the violence against prisoners by the prison guards in Jaw prison and death of an inmate in Jaw Prison on 5 December.",0,crowd size=no report,1734465826
BHR13235,2024-12-08,2024,1,Demonstrations,Protests,Peaceful protest,Protesters (Bahrain),February 14 Youth Coalition,Protesters,,,,Protesters only,,48,Middle East,Bahrain,Capital,,,Sitrah,26.1547,50.6206,1,14 February Revolution Youth Coalition; ADHRB; Bahrain Alyoum; Bahrain Center for Human Rights; LuaLua TV; Prisoners Affairs Authority in Bahrain,Other-New media,"On 8 December 2024, families of political prisoners, including February 14 Youth Coalition, held a protest in Sitrah (Capital) demanding to stop the violence against the prisoners in Jaw prison.",0,crowd size=no report,1734465826
BHR13236,2024-12-08,2024,1,Demonstrations,Protests,Peaceful protest,Protesters (Bahrain),February 14 Youth Coalition,Protesters,,,,Protesters only,,48,Middle East,Bahrain,Muharraq,,,Samahij,26.28,50.635,1,14 February Revolution Youth Coalition; ADHRB; Bahrain Alyoum; Sada al Bahrain,Other-National,"On 8 December 2024, demonstrators, including February 14 Youth Coalition, held a protest in Samahij (Muharraq) to denounce the violence against the prisoners by the prison guards in Jaw prison.",0,crowd size=no report,1734465826
BHR13237,2024-12-08,2024,1,Demonstrations,Protests,Peaceful protest,Protesters (Bahrain),February 14 Youth Coalition,Protesters,,,,Protesters only,,48,Middle East,Bahrain,Northern,,,Al Markh,26.2103,50.4733,1,14 February Revolution Youth Coalition; Bahrain Alyoum,Other-National,"On 8 December 2024, demonstrators, including February 14 Youth Coalition, held a protest in Al Markh (Northern) to denounce the violence against the prisoners by the prison guards in Jaw prison.",0,crowd size=no report,1734465826
BHR13238,2024-12-08,2024,1,Demonstrations,Protests,Peaceful protest,Protesters (Bahrain),February 14 Youth Coalition,Protesters,,,,Protesters only,,48,Middle East,Bahrain,Northern,,,Bu Quwa,26.2047,50.52,1,14 February Revolution Youth Coalition,Other,"On 8 December 2024, demonstrators, including February 14 Youth Coalition, held a protest in Bu Quwa (Northern) to denounce the violence against the prisoners by the prison guards in Jaw prison.",0,crowd size=no report,1734465826
BHR13239,2024-12-09,2024,1,Demonstrations,Protests,Peaceful protest,Protesters (Bahrain),February 14 Youth Coalition,Protesters,,,,Protesters only,,48,Middle East,Bahrain,Northern,,,Ash Shakhurah,26.2147,50.5069,1,14 February Revolution Youth Coalition,Other,"On 9 December 2024, demonstrators, including February 14 Youth Coalition, held a protest in Ash Shakhurah (Northern) in solidarity with the political prisoners and to denounce the death of an inmate in Jaw Prison on 5 December.",0,crowd size=no report,1734465826
BHR13241,2024-12-07,2024,1,Demonstrations,Riots,Violent demonstration,Rioters (Bahrain),February 14 Youth Coalition,Rioters,,,,Rioters only,,48,Middle East,Bahrain,Northern,,,Jannusan,26.2305,50.4947,1,14 February Revolution Youth Coalition; ADHRB; Instagram,Other-New media,"On 7 December 2024, demonstrators, including February 14 Youth Coalition, set fire to a road in Jannusan (Northern) as a part of a demonstration in solidarity with the political prisoners and to denounce the death of an inmate in Jaw Prison on 5 December.",0,crowd size=no report,1734465826
BHR13242,2024-12-07,2024,1,Demonstrations,Riots,Violent demonstration,Rioters (Bahrain),February 14 Youth Coalition,Rioters,,,,Rioters only,,48,Middle East,Bahrain,Capital,,,Al Akr,26.1431,50.6103,1,14 February Revolution Youth Coalition,Other,"On 7 December 2024, demonstrators, including February 14 Youth Coalition, burnt an object on a road in Al Akr (Capital) as a part of a demonstration to denounce the death of an inmate in Jaw Prison on 5 December.",0,crowd size=no report,1734465826
BHR13245,2024-12-11,2024,1,Demonstrations,Protests,Peaceful protest,Protesters (Bahrain),February 14 Youth Coalition,Protesters,,,,Protesters only,,48,Middle East,Bahrain,Capital,,,Sanabis,26.2259,50.5452,1,14 February Revolution Youth Coalition; Bahrain Alyoum,Other-National,"On 11 December 2024, families of political prisoners, including February 14 Youth Coalition, held a protest in front of the police station in Sanabis (Capital) demanding information about their political prisoners.",0,crowd size=no report,1734465826
BHR13249,2024-12-08,2024,1,Political violence,Riots,Mob violence,Rioters (Bahrain),Prisoners (Bahrain),Rioters,Police Forces of Bahrain (1999-) Prison Guards,,State forces,State forces-Rioters,,48,Middle East,Bahrain,Southern,,,Jaw Prison,25.9916,50.6165,1,14 February Revolution Youth Coalition; Bahrain Alyoum; LuaLua TV,Other-National,"On 8 December 2024, prison guards clashed with prisoners in Buildings 6, 7, and 10 in Jaw Prison (Southern), resulting in several injuries and the transportation of some of the prisoners to the hospital. The reason behind the incident was to stop the ongoing strikes by the prisoners. The source claimed that the prison guards used 'toxic gas' and fired tear gas in their attack.",0,crowd size=no report,1734465826
BHR13250,2024-12-08,2024,1,Demonstrations,Riots,Violent demonstration,Rioters (Bahrain),February 14 Youth Coalition,Rioters,,,,Rioters only,,48,Middle East,Bahrain,Northern,,,Abu Saybi,26.2175,50.5069,1,14 February Revolution Youth Coalition,Other,"On 8 December 2024, demonstrators, including February 14 Youth Coalition, blocked the road with burning tires in Abu Saybi (Northern) as a part of a demonstration to denounce the violence against prisoners by the prison guards in Jaw prison.",0,crowd size=no report,1734465826
BHR13251,2024-12-08,2024,1,Demonstrations,Riots,Violent demonstration,Rioters (Bahrain),February 14 Youth Coalition,Rioters,,,,Rioters only,,48,Middle East,Bahrain,Northern,,,Demistan,26.1264,50.4811,1,14 February Revolution Youth Coalition,Other,"On 8 December 2024, demonstrators, including February 14 Youth Coalition, blocked the road with burning tires in Demistan (Northern) as a part of a demonstration to denounce the violence against prisoners by the prison guards in Jaw prison.",0,crowd size=no report,1734465826
BHR13252,2024-12-08,2024,1,Demonstrations,Riots,Violent demonstration,Rioters (Bahrain),February 14 Youth Coalition,Rioters,,,,Rioters only,,48,Middle East,Bahrain,Capital,,,Al Akr,26.1431,50.6103,1,14 February Revolution Youth Coalition,Other,"On 8 December 2024, for the second consecutive day, demonstrators, including February 14 Youth Coalition, blocked the road with burning tires in Al Akr (Capital) as a part of a demonstration to denounce the violence against the prisoners by the prison guards in Jaw prison.",0,crowd size=no report,1734465826
BHR13253,2024-12-09,2024,1,Demonstrations,Riots,Violent demonstration,Rioters (Bahrain),February 14 Youth Coalition,Rioters,,,,Rioters only,,48,Middle East,Bahrain,Capital,,,Al Akr,26.1431,50.6103,1,14 February Revolution Youth Coalition,Other,"On 9 December 2024, for the third consecutive day, demonstrators, including February 14 Youth Coalition, set fire to tires a road in Al Akr (Capital) as a part of demonstration to denounce the violence against the prisoners by the prison guards in Jaw prison.",0,crowd size=no report,1734465826
BHR13254,2024-12-09,2024,1,Demonstrations,Riots,Violent demonstration,Rioters (Bahrain),February 14 Youth Coalition,Rioters,,,,Rioters only,,48,Middle East,Bahrain,Northern,,,Karranah,26.2292,50.5094,1,14 February Revolution Youth Coalition,Other,"On 9 December 2024, demonstrators, including February 14 Youth Coalition, blocked the road by launching fireworks in Karranah (Northern) as a part of a demonstration to denounce the violence against prisoners by the prison guards in Jaw prison.",0,crowd size=no report,1734465826
BHR13255,2024-12-09,2024,1,Demonstrations,Riots,Violent demonstration,Rioters (Bahrain),February 14 Youth Coalition,Rioters,,,,Rioters only,,48,Middle East,Bahrain,Northern,,,Ash Shakhurah,26.2147,50.5069,1,14 February Revolution Youth Coalition,Other,"On 9 December 2024, demonstrators, including February 14 Youth Coalition, blocked the road with burning tires in Ash Shakhurah (Northern) as a part of a demonstration to denounce the violence against prisoners by the prison guards in Jaw prison.",0,crowd size=no report,1734465826
BHR13256,2024-12-09,2024,1,Demonstrations,Riots,Violent demonstration,Rioters (Bahrain),February 14 Youth Coalition,Rioters,,,,Rioters only,,48,Middle East,Bahrain,Capital,,,Sitrah,26.1547,50.6206,1,14 February Revolution Youth Coalition,Other,"On 9 December 2024, demonstrators, including February 14 Youth Coalition, blocked the road with burning tires in Sitrah (Capital) as a part of a demonstration to denounce the violence against prisoners by the prison guards in Jaw prison.",0,crowd size=no report,1734465826
BHR13257,2024-12-09,2024,1,Demonstrations,Riots,Violent demonstration,Rioters (Bahrain),February 14 Youth Coalition,Rioters,,,,Rioters only,,48,Middle East,Bahrain,Northern,,,Karzakkan,26.1156,50.4819,1,14 February Revolution Youth Coalition,Other,"On 9 December 2024, demonstrators, including February 14 Youth Coalition, blocked the road with burning tires in Karzakkan (Northern) as a part of a demonstration to denounce the violence against prisoners by the prison guards in Jaw prison.",0,crowd size=no report,1734465826
BHR13258,2024-12-09,2024,1,Demonstrations,Riots,Violent demonstration,Rioters (Bahrain),February 14 Youth Coalition,Rioters,,,,Rioters only,,48,Middle East,Bahrain,Northern,,,Maqabah,26.2108,50.4875,1,14 February Revolution Youth Coalition,Other,"On 9 December 2024, demonstrators, including February 14 Youth Coalition, blocked the road with burning tires in Maqabah (Northern) as a part of a demonstration to denounce the violence against prisoners by the prison guards in Jaw prison.",0,crowd size=no report,1734465826
BHR13259,2024-12-10,2024,1,Demonstrations,Riots,Violent demonstration,Rioters (Bahrain),February 14 Youth Coalition,Rioters,,,,Rioters only,,48,Middle East,Bahrain,Northern,,,Al Diraz,26.2181,50.4706,1,14 February Revolution Youth Coalition,Other,"On 10 December 2024, demonstrators, including February 14 Youth Coalition, blocked the road with burning tires in Al Diraz (Northern) as a part of a demonstration to denounce the violence against prisoners by the prison guards in Jaw prison.",0,crowd size=no report,1734465826
BHR13260,2024-12-10,2024,1,Demonstrations,Riots,Violent demonstration,Rioters (Bahrain),February 14 Youth Coalition,Rioters,,,,Rioters only,,48,Middle East,Bahrain,Capital,,,Al Akr,26.1431,50.6103,1,14 February Revolution Youth Coalition,Other,"On 10 December 2024, for the fourth consecutive day, demonstrators, including February 14 Youth Coalition, blocked the road with burning tires in Al Akr (Capital) as a part of a demonstration to denounce the violence against the prisoners by the prison guards in Jaw prison.",0,crowd size=no report,1734465826
BHR13261,2024-12-10,2024,1,Demonstrations,Riots,Violent demonstration,Rioters (Bahrain),February 14 Youth Coalition,Rioters,,,,Rioters only,,48,Middle East,Bahrain,Capital,,,Karbabad,26.2303,50.5294,1,14 February Revolution Youth Coalition,Other,"On 10 December 2024, demonstrators, including February 14 Youth Coalition, blocked the road with burning tires in Karbabad (Capital) as a part of a demonstration to denounce the violence against prisoners by the prison guards in Jaw prison.",0,crowd size=no report,1734465826
BHR13262,2024-12-11,2024,1,Demonstrations,Riots,Violent demonstration,Rioters (Bahrain),February 14 Youth Coalition,Rioters,,,,Rioters only,,48,Middle East,Bahrain,Capital,,,Az Zinj,26.2153,50.5642,1,14 February Revolution Youth Coalition,Other,"On 11 December 2024, demonstrators, including February 14 Youth Coalition, blocked the road with burning tires in Az Zinj (Capital) as a part of a demonstration to denounce the violence against prisoners by the prison guards in Jaw prison.",0,crowd size=no report,1734465826
BHR13263,2024-12-11,2024,1,Demonstrations,Riots,Violent demonstration,Rioters (Bahrain),February 14 Youth Coalition,Rioters,,,,Rioters only,,48,Middle East,Bahrain,Northern,,,Abu Saybi,26.2175,50.5069,1,14 February Revolution Youth Coalition,Other,"On 11 December 2024, demonstrators, including February 14 Youth Coalition, blocked the road with burning tires in Abu Saybi (Northern) as a part of a demonstration to denounce the violence against prisoners by the prison guards in Jaw prison.",0,crowd size=no report,1734465826
BHR13264,2024-12-11,2024,1,Demonstrations,Riots,Violent demonstration,Rioters (Bahrain),February 14 Youth Coalition,Rioters,,,,Rioters only,,48,Middle East,Bahrain,Northern,,,Ash Shakhurah,26.2147,50.5069,1,14 February Revolution Youth Coalition,Other,"On 11 December 2024, demonstrators, including February 14 Youth Coalition, blocked the road with burning tires in Ash Shakhurah (Northern) as a part of a demonstration to denounce the violence against prisoners by the prison guards in Jaw prison.",0,crowd size=no report,1734465826
BHR13266,2024-12-12,2024,1,Demonstrations,Riots,Violent demonstration,Rioters (Bahrain),February 14 Youth Coalition,Rioters,,,,Rioters only,,48,Middle East,Bahrain,Capital,,,Al Akr,26.1431,50.6103,1,14 February Revolution Youth Coalition,Other,"On 12 December 2024, for the sixth consecutive day, demonstrators, including February 14 Youth Coalition, blocked the road with burning tires and other materials in Al Akr (Capital) as a part of a demonstration to denounce the violence against the prisoners by the prison guards in Jaw prison.",0,crowd size=no report,1734465826
BHR13267,2024-12-12,2024,1,Demonstrations,Riots,Violent demonstration,Rioters (Bahrain),February 14 Youth Coalition,Rioters,,,,Rioters only,,48,Middle East,Bahrain,Northern,,,Abu Saybi,26.2175,50.5069,1,14 February Revolution Youth Coalition,Other,"On 12 December 2024, demonstrators, including February 14 Youth Coalition, blocked the road with burning tires in Abu Saybi (Northern) as a part of a demonstration in solidarity with the political prisoners.",0,crowd size=no report,1734465826
BHR13268,2024-12-05,2024,1,Demonstrations,Protests,Peaceful protest,Protesters (Bahrain),,Protesters,,,,Protesters only,,48,Middle East,Bahrain,Capital,,,Manama - Adhari,26.2308,50.5711,1,ADHRB; Mayadeen Al Wefaq; Prisoners Affairs Authority in Bahrain,New media-National,"On 5 December 2024, a demonstration was held in Manama - Adhari (Capital) in front of the house of a recently deceased political prisoner in Jaw prison to condemn his death.",0,crowd size=no report,1734465826
BHR13269,2024-12-06,2024,1,Demonstrations,Protests,Peaceful protest,Protesters (Bahrain),,Protesters,,,,Protesters only,,48,Middle East,Bahrain,Northern,,,Karranah,26.2292,50.5094,1,ADHRB; Mayadeen Al Wefaq,National,"On 6 December 2024, demonstrations were held after Friday prayers in Karranah (Northern) condemning the death of an inmate on 5 December in Jaw Prison and to condemn the ongoing prevention of Friday prayers in Diraz by the Bahraini authorities.",0,crowd size=no report,1734465826
BHR13270,2024-12-07,2024,1,Demonstrations,Protests,Peaceful protest,Protesters (Bahrain),,Protesters,,,,Protesters only,,48,Middle East,Bahrain,Northern,,,Abu Saybi,26.2175,50.5069,1,Bahrain Alyoum,National,"On 7 December 2024, demonstrators held a protest in Abu Saybi (Northern) to denounce the death of an inmate in Jaw Prison on 5 December.",0,crowd size=no report,1734465826
BHR13271,2024-12-07,2024,1,Demonstrations,Protests,Peaceful protest,Protesters (Bahrain),,Protesters,,,,Protesters only,,48,Middle East,Bahrain,Northern,,,Bani Jamrah,26.2097,50.4597,1,ADHRB; Prisoners Affairs Authority in Bahrain,New media-National,"On 7 December 2024, demonstrations were held in Bani Jamrah (Northern) condemning the death of an inmate on 5 December in Jaw Prison and demanding the release of political prisoners.",0,crowd size=no report,1734465826
BHR13272,2024-12-07,2024,1,Demonstrations,Protests,Peaceful protest,Protesters (Bahrain),,Protesters,,,,Protesters only,,48,Middle East,Bahrain,Northern,,,Al Markh,26.2103,50.4733,1,ADHRB; Sada al Bahrain,National,"On 7 December 2024, demonstrations were held in Al Markh (Northern) condemning the death of an inmate on 5 December in Jaw Prison and demanding the release of political prisoners.",0,crowd size=no report,1734465826
BHR13273,2024-12-08,2024,1,Demonstrations,Protests,Peaceful protest,Protesters (Bahrain),,Protesters,,,,Protesters only,,48,Middle East,Bahrain,Capital,,,Al Maamir,26.1333,50.6086,1,ADHRB; Bahrain Alyoum; Mayadeen Al Wefaq,National,"On 8 December 2024, demonstrators, held a protest in Al Maamir (Capital) denounced the violence against prisoners by the prison guards in Jaw prison. They demanded the release of the political prisoners.",0,crowd size=no report,1734465826
BHR13274,2024-12-09,2024,1,Demonstrations,Protests,Peaceful protest,Protesters (Bahrain),,Protesters,,,,Protesters only,,48,Middle East,Bahrain,Capital,,,Karbabad,26.2303,50.5294,1,LuaLua TV,National,"On 9 December 2024, demonstrators held a protest in Karbabad (Capital) in solidarity with the political prisoners and to denounce the death of an inmate in Jaw Prison on 5 December.",0,crowd size=no report,1734465826
BHR13277,2024-12-13,2024,1,Demonstrations,Protests,Peaceful protest,Protesters (Bahrain),,Protesters,,,,Protesters only,,48,Middle East,Bahrain,Capital,,,Seef,26.2383,50.5386,1,LuaLua TV,National,"On 13 December 2024, for the second consecutive day, families of prisoners held a sit-in protest in front of the building of the National Institute for Human Rights and of the Ombudsman building in Seef (Capital) demanding the disclosure of the status of their sons who have been detained in prison.",0,crowd size=no report,1734465826
BHR13243,2024-12-09,2024,1,Demonstrations,Protests,Peaceful protest,Protesters (Bahrain),February 14 Youth Coalition,Protesters,,,,Protesters only,,48,Middle East,Bahrain,Northern,,,Abu Saybi,26.2175,50.5069,1,14 February Revolution Youth Coalition; ADHRB; Bahrain Alyoum,Other-National,"On 9 December 2024, demonstrators, including February 14 Youth Coalition, held a protest in Abu Saybi (Northern) to denounce the violence against prisoners by the prison guards in Jaw prison and the death of an inmate in Jaw Prison on 5 December. They demanded the release of the political prisoners.",0,crowd size=no report,1736818379
BHR13275,2024-12-09,2024,1,Demonstrations,Protests,Peaceful protest,Protesters (Bahrain),,Protesters,,,,Protesters only,,48,Middle East,Bahrain,Northern,,,Al Diraz,26.2181,50.4706,1,ADHRB; Bahrain Alyoum,National,"On 9 December 2024, demonstrators held a protest in Al Diraz (Northern) denounced the violence against prisoners by the prison guards in Jaw prison. They demanded the release of the political prisoners.",0,crowd size=no report,1736818379
BHR13240,2024-12-09,2024,1,Demonstrations,Protests,Peaceful protest,Protesters (Bahrain),February 14 Youth Coalition,Protesters,,,,Protesters only,,48,Middle East,Bahrain,Northern,,,Bani Jamrah,26.2097,50.4597,1,14 February Revolution Youth Coalition; ADHRB; Bahrain Alyoum,Other-National,"On 9 December 2024, demonstrators, including February 14 Youth Coalition, held a protest in Bani Jamrah (Northern) in solidarity with the political prisoners and to denounce the death of an inmate in Jaw Prison on 5 December.",0,crowd size=no report,1736818379
BHR13276,2024-12-10,2024,1,Demonstrations,Protests,Peaceful protest,Protesters (Bahrain),,Protesters,,,,Protesters only,,48,Middle East,Bahrain,Capital,,,Southern Sehla,26.2019,50.5368,1,ADHRB; Bahrain Alyoum,National,"On 10 December 2024, a demonstration was held in Southern Sehla (Capital) demanding the release of all the political prisoners.",0,crowd size=no report,1736818379
BHR13265,2024-12-11,2024,1,Demonstrations,Riots,Violent demonstration,Rioters (Bahrain),February 14 Youth Coalition,Rioters,,,,Rioters only,,48,Middle East,Bahrain,Capital,,,Al Akr,26.1431,50.6103,1,14 February Revolution Youth Coalition; ADHRB; Mayadeen Al Wefaq,Other-National,"On 11 December 2024, for the fifth consecutive day, demonstrators, including February 14 Youth Coalition, blocked the road with burning tires in Al Akr (Capital) as a part of a demonstration to denounce the violence against the prisoners by the prison guards in Jaw prison.",0,crowd size=no report,1736818379
BHR13244,2024-12-11,2024,1,Demonstrations,Protests,Peaceful protest,Protesters (Bahrain),February 14 Youth Coalition,Protesters,,,,Protesters only,,48,Middle East,Bahrain,Muharraq,,,Samahij,26.28,50.635,1,14 February Revolution Youth Coalition; ADHRB; Al Wefaq National Islamic Society,Other-New media,"On 11 December 2024, demonstrators, including February 14 Youth Coalition, held a protest in Samahij (Muharraq) to denounce violence against prisoners by the prison guards in Jaw prison.",0,crowd size=no report,1736818379
BHR13246,2024-12-12,2024,1,Demonstrations,Protests,Peaceful protest,Protesters (Bahrain),February 14 Youth Coalition,Protesters,,,,Protesters only,,48,Middle East,Bahrain,Capital,,,Seef,26.2383,50.5386,1,ADHRB; Bahrain Alyoum; LuaLua TV; Twitter,New media-National,"On 12 December 2024, families of prisoners, including February 14 Youth Coalition, held a sit-in protest in front of the building of the National Institute for Human Rights and of the Ombudsman building in Seef (Capital) demanding the disclosure of the status of their sons who have been detained in prison.",0,crowd size=no report,1736818379
BHR13247,2024-12-13,2024,1,Demonstrations,Protests,Peaceful protest,Protesters (Bahrain),February 14 Youth Coalition,Protesters,,,,Protesters only,,48,Middle East,Bahrain,Northern,,,Barbar,26.2294,50.4806,1,14 February Revolution Youth Coalition; ADHRB; Bahrain Alyoum; Twitter,Other-New media,"On 13 December 2024, demonstrators, including February 14 Youth Coalition, held a protest in Barbar (Northern) in solidarity with the Palestinian and Lebanon people and to condemn the ongoing prevention of Friday prayers in Diraz by the Bahraini authorities.",0,crowd size=no report,1736818379
BHR13278,2025-01-05,2025,1,Demonstrations,Protests,Peaceful protest,Protesters (Bahrain),February 14 Youth Coalition,Protesters,,,,Protesters only,,48,Middle East,Bahrain,Northern,,,Al Diraz,26.2181,50.4706,1,14 February Revolution Youth Coalition,Other,"On 5 January 2025, demonstrators, including February 14 Youth Coalition, held a protest in Al Diraz (Northern) in solidarity with the political prisoners and with the Palestinian people in Gaza.",0,crowd size=no report,1736844912
BHR13281,2025-01-10,2025,1,Demonstrations,Protests,Peaceful protest,Protesters (Bahrain),February 14 Youth Coalition,Protesters,,,,Protesters only,,48,Middle East,Bahrain,Capital,,,Sanabis,26.2259,50.5452,1,14 February Revolution Youth Coalition,Other,"On 10 January 2025, demonstrators, including February 14 Youth Coalition, held a protest in Sanabis (Capital) in solidarity with the political prisoners and to condemn the ongoing prevention of Friday prayers in Diraz by the Bahraini authorities.",0,crowd size=no report,1736844912
BHR13284,2025-01-05,2025,1,Demonstrations,Riots,Violent demonstration,Rioters (Bahrain),February 14 Youth Coalition,Rioters,,,,Rioters only,,48,Middle East,Bahrain,Capital,,,Karbabad,26.2303,50.5294,1,14 February Revolution Youth Coalition,Other,"On 5 January 2025, demonstrators, including February 14 Youth Coalition, blocked the road with burning tires in Karbabad (Capital) as a part of a demonstration in solidarity with the political prisoners.",0,crowd size=no report,1736844912
BHR13285,2025-01-05,2025,1,Demonstrations,Riots,Violent demonstration,Rioters (Bahrain),February 14 Youth Coalition,Rioters,,,,Rioters only,,48,Middle East,Bahrain,Capital,,,Sitrah,26.1547,50.6206,1,14 February Revolution Youth Coalition,Other,"On 5 January 2025, demonstrators, including February 14 Youth Coalition, blocked the road with burning tires in Sitrah (Capital) as a part of a demonstration in solidarity with the political prisoners.",0,crowd size=no report,1736844912
BHR13286,2025-01-05,2025,1,Demonstrations,Riots,Violent demonstration,Rioters (Bahrain),February 14 Youth Coalition,Rioters,,,,Rioters only,,48,Middle East,Bahrain,Northern,,,Bani Jamrah,26.2097,50.4597,1,14 February Revolution Youth Coalition,Other,"On 5 January 2025, demonstrators, including February 14 Youth Coalition, blocked the road with burning tires in Bani Jamrah (Northern) as a part of a demonstration in solidarity with the political prisoners.",0,crowd size=no report,1736844912
BHR13287,2025-01-05,2025,1,Demonstrations,Riots,Violent demonstration,Rioters (Bahrain),February 14 Youth Coalition,Rioters,,,,Rioters only,,48,Middle East,Bahrain,Capital,,,Al Akr,26.1431,50.6103,1,14 February Revolution Youth Coalition,Other,"On 5 January 2025, demonstrators, including February 14 Youth Coalition, blocked the road with burning tires in Al Akr (Capital) as a part of a demonstration in solidarity with the political prisoners.",0,crowd size=no report,1736844912
BHR13288,2025-01-05,2025,1,Demonstrations,Riots,Violent demonstration,Rioters (Bahrain),February 14 Youth Coalition,Rioters,,,,Rioters only,,48,Middle East,Bahrain,Northern,,,Jannusan,26.2305,50.4947,1,14 February Revolution Youth Coalition,Other,"On 5 January 2025, demonstrators, including February 14 Youth Coalition, blocked the road with burning tires in Jannusan (Northern) as a part of a demonstration in solidarity with the political prisoners.",0,crowd size=no report,1736844912
BHR13290,2024-12-09,2024,1,Demonstrations,Riots,Violent demonstration,Rioters (Bahrain),,Rioters,,,,Rioters only,,48,Middle East,Bahrain,Capital,,,Karbabad,26.2303,50.5294,1,ADHRB,National,"On 9 December 2024, demonstrators blocked the road with burning tires in Karbabad (Capital) as a part of a demonstration in solidarity with the political prisoners in Jaw prison.",0,crowd size=no report,1736844912
BHR13291,2024-12-10,2024,1,Demonstrations,Protests,Peaceful protest,Protesters (Bahrain),,Protesters,,,,Protesters only,,48,Middle East,Bahrain,Northern,,,Al Markh,26.2103,50.4733,1,ADHRB; Al Wefaq National Islamic Society,New media-National,"On 10 December 2024, a demonstration was held in Al Markh (Northern) condemning the Ministry of Interior's negligence toward political prisoners.",0,crowd size=no report,1736844912
BHR13292,2024-12-11,2024,1,Demonstrations,Protests,Peaceful protest,Protesters (Bahrain),,Protesters,,,,Protesters only,,48,Middle East,Bahrain,Capital,,,Sanabis,26.2259,50.5452,1,ADHRB; Twitter,New media-National,"On 11 December 2024, families of prisoners held a protest in front of the Exhibitions Police Station in Sanabis (Manama, Capital) demanding information about their prisoners, following a complete communication blackout since the start of strikes within the prison. They also demanded family visits to check on their conditions and improving detention conditions in accordance with humanitarian and international laws.",0,crowd size=no report,1736844912
BHR13293,2024-12-14,2024,1,Demonstrations,Riots,Violent demonstration,Rioters (Bahrain),February 14 Youth Coalition,Rioters,,,,Rioters only,,48,Middle East,Bahrain,Southern,,,Dar Kulaib,26.0686,50.5039,1,14 February Revolution Youth Coalition,Other,"On 14 December 2024, demonstrators, including February 14 Youth Coalition, blocked the road with burning tires in Dar Kulaib (Southern) as a part of a demonstration to denounce the violence against the prisoners by the prison guards in Jaw prison.",0,crowd size=no report,1736844912
BHR13294,2024-12-14,2024,1,Demonstrations,Protests,Peaceful protest,Protesters (Bahrain),February 14 Youth Coalition,Protesters,,,,Protesters only,,48,Middle East,Bahrain,Capital,,,Manama - Adhari,26.2308,50.5711,1,14 February Revolution Youth Coalition; ADHRB; Bahrain Alyoum,Other-National,"On 14 December 2024, demonstrators, including February 14 Youth Coalition, held a protest in Manama - Adhari (Capital) calling for the release of political prisoners and to denounce the death of an inmate in Jaw Prison on 5 December.",0,crowd size=no report,1736844912
BHR13295,2025-01-01,2025,1,Demonstrations,Protests,Peaceful protest,Protesters (Bahrain),February 14 Youth Coalition,Protesters,,,,Protesters only,,48,Middle East,Bahrain,Capital,,,Sitrah,26.1547,50.6206,1,14 February Revolution Youth Coalition,Other,"On 1 January 2025, demonstrators, including February 14 Youth Coalition, held a large sit-in protest in Sitrah (Capital) as part of the annual event 'We Are Coming, Sitra' to demand more 'revolutionary actions' in 2025.",0,crowd size=large,1736844912
BHR13297,2024-12-16,2024,1,Demonstrations,Riots,Violent demonstration,Rioters (Bahrain),February 14 Youth Coalition,Rioters,,,,Rioters only,,48,Middle East,Bahrain,Northern,,,Karzakkan,26.1156,50.4819,1,14 February Revolution Youth Coalition,Other,"On 16 December 2024, demonstrators, including February 14 Youth Coalition, blocked the road with burning tires in Karzakkan (Northern) as a part of a demonstration to commemorate Martyrs Day.",0,crowd size=no report,1736844912
BHR13299,2024-12-17,2024,1,Demonstrations,Protests,Peaceful protest,Protesters (Bahrain),February 14 Youth Coalition,Protesters,,,,Protesters only,,48,Middle East,Bahrain,Northern,,,Abu Saybi,26.2175,50.5069,1,14 February Revolution Youth Coalition,Other,"On 17 December 2024, demonstrators, including February 14 Youth Coalition, held a protest march in Abu Saybi (Northern) to commemorate Martyrs Day under the slogan 'Our Martyrs Are Our Identity'.",0,crowd size=no report,1736844912
BHR13300,2024-12-17,2024,1,Demonstrations,Riots,Violent demonstration,Rioters (Bahrain),February 14 Youth Coalition,Rioters,,,,Rioters only,,48,Middle East,Bahrain,Northern,,,Al Qadam,26.2156,50.5192,1,14 February Revolution Youth Coalition,Other,"On 17 December 2024, demonstrators, including February 14 Youth Coalition, blocked the road with burning tires in Al Qadam (Northern) as a part of a demonstration to commemorate Martyrs Day.",0,crowd size=no report,1736844912
BHR13301,2024-12-17,2024,1,Demonstrations,Protests,Peaceful protest,Protesters (Bahrain),February 14 Youth Coalition,Protesters,,,,Protesters only,,48,Middle East,Bahrain,Northern,,,Ash Shakhurah,26.2147,50.5069,1,14 February Revolution Youth Coalition,Other,"On 17 December 2024, demonstrators, including February 14 Youth Coalition, held a protest march in Ash Shakhurah (Northern) to commemorate Martyrs Day under the slogan 'Our Martyrs Are Our Identity'.",0,crowd size=no report,1736844912
BHR13302,2024-12-17,2024,1,Demonstrations,Riots,Violent demonstration,Rioters (Bahrain),February 14 Youth Coalition,Rioters,,,,Rioters only,,48,Middle East,Bahrain,Capital,,,Bilad al Qadim,26.2117,50.5619,1,14 February Revolution Youth Coalition,Other,"On 17 December 2024, demonstrators, including February 14 Youth Coalition, blocked the road with burning tires in Bilad al Qadim (Capital) as a part of a demonstration to commemorate Martyrs Day.",0,crowd size=no report,1736844912
BHR13304,2024-12-17,2024,1,Demonstrations,Protests,Peaceful protest,Protesters (Bahrain),,Protesters,,,,Protesters only,,48,Middle East,Bahrain,Northern,,,Jannusan,26.2305,50.4947,1,Bahrain Alyoum,National,"On 17 December 2024, for the second consecutive day, demonstrators, including February 14 Youth Coalition, held a protest march in Jannusan (Northern) to commemorate Martyrs Day under the slogan 'Our Martyrs Are Our Identity.'",0,crowd size=no report,1736844912
BHR13306,2024-12-18,2024,1,Demonstrations,Protests,Peaceful protest,Protesters (Bahrain),,Protesters,,,,Protesters only,,48,Middle East,Bahrain,Northern,,,Abu Saybi,26.2175,50.5069,1,AhlulBayt News Agency; Bahrain Alyoum,National-Regional,"On 18 December 2024, demonstrators, including February 14 Youth Coalition, held a protest march in Abu Saybi (Northern) in solidarity with the political prisoners and to commemorate Martyrs Day under the slogan 'Our Martyrs Are Our Identity'.",0,crowd size=no report,1736844912
BHR13308,2024-12-18,2024,1,Demonstrations,Protests,Peaceful protest,Protesters (Bahrain),February 14 Youth Coalition,Protesters,,,,Protesters only,,48,Middle East,Bahrain,Northern,,,Al Markh,26.2103,50.4733,1,14 February Revolution Youth Coalition,Other,"On 18 December 2024, demonstrators, including February 14 Youth Coalition, held a protest march in Al Markh (Northern) in solidarity with the political prisoners and to commemorate Martyrs Day under the slogan 'Our Martyrs Are Our Identity'.",0,crowd size=no report,1736844912
BHR13314,2024-12-20,2024,1,Demonstrations,Riots,Violent demonstration,Rioters (Bahrain),February 14 Youth Coalition,Rioters,,,,Rioters only,,48,Middle East,Bahrain,Northern,,,Abu Saybi,26.2175,50.5069,1,14 February Revolution Youth Coalition,Other,"On 20 December 2024, demonstrators, including February 14 Youth Coalition, blocked the road with burning tires in Abu Saybi (Northern) as a part of a demonstration to condemn the ongoing prevention of Friday prayers in Diraz by the Bahraini authorities.",0,crowd size=no report,1736844912
BHR13317,2024-12-20,2024,1,Demonstrations,Riots,Violent demonstration,Rioters (Bahrain),February 14 Youth Coalition,Rioters,,,,Rioters only,,48,Middle East,Bahrain,Northern,,,Ash Shakhurah,26.2147,50.5069,1,14 February Revolution Youth Coalition,Other,"On 20 December 2024, demonstrators, including February 14 Youth Coalition, blocked the road with burning tires in Ash Shakhurah (Northern) as a part of a demonstration to condemn the ongoing prevention of Friday prayers in Diraz by the Bahraini authorities.",0,crowd size=no report,1736844912
BHR13323,2024-12-23,2024,1,Demonstrations,Riots,Violent demonstration,Rioters (Bahrain),February 14 Youth Coalition,Rioters,,,,Rioters only,,48,Middle East,Bahrain,Southern,,,Nuwaidrat,26.1347,50.5975,1,14 February Revolution Youth Coalition,Other,"On 23 December 2024, demonstrators, including February 14 Youth Coalition, blocked the road with burning tires in Nuwaidrat (Southern) as a part of a demonstration in solidarity with the political prisoners and to denounce the violence against prisoners by the prison guards in Jaw prison.",0,crowd size=no report,1736844912
BHR13324,2024-12-10,2024,1,Demonstrations,Protests,Peaceful protest,Protesters (Bahrain),,Protesters,,,,Protesters only,,48,Middle East,Bahrain,Southern,,,Jaw Prison,25.9916,50.6165,1,ADHRB; Twitter,New media-National,"On 10 December 2024, families of prisoners held a protest stand in front of Jaw Prison (southern) demanding information about their prisoners, following a complete communication blackout since the start of protests within the prison and escalating violations by the prison administration.",0,crowd size=no report,1736844912
BHR13325,2024-12-24,2024,1,Demonstrations,Riots,Violent demonstration,Rioters (Bahrain),February 14 Youth Coalition,Rioters,,,,Rioters only,,48,Middle East,Bahrain,Capital,,,Al Akr,26.1431,50.6103,1,14 February Revolution Youth Coalition,Other,"On 24 December 2024, demonstrators, including February 14 Youth Coalition, blocked the road with burning tires in Al Akr (Capital) as a part of a demonstration in solidarity with the political prisoners.",0,crowd size=no report,1736844912
BHR13326,2024-12-24,2024,1,Demonstrations,Protests,Peaceful protest,Protesters (Bahrain),February 14 Youth Coalition,Protesters,,,,Protesters only,,48,Middle East,Bahrain,Capital,,,Bilad al Qadim,26.2117,50.5619,1,14 February Revolution Youth Coalition; Al Wefaq National Islamic Society; LuaLua TV,Other-New media,"On 24 December 2024, demonstrators, including February 14 Youth Coalition, held a protest stand in Bilad al Qadim (Capital) in solidarity with all political prisoners and on the 10th anniversary of the arrest of the Secretary-General of the Al Wefaq National Islamic Society (Sheikh Ali Salman).",0,crowd size=no report,1736844912
BHR13329,2024-12-27,2024,1,Demonstrations,Protests,Peaceful protest,Protesters (Bahrain),February 14 Youth Coalition,Protesters,,,,Protesters only,,48,Middle East,Bahrain,Northern,,,Al Diraz,26.2181,50.4706,1,Bahrain Alyoum,National,"On 27 December 2024, demonstrators, including the February 14 Youth Coalition, held a protest march in Al Diraz (Northern) in solidarity with all political prisoners, on the 10th anniversary of the arrest of the Secretary-General of the Al-Wefaq National Islamic Society (Sheikh Ali Salman), and demanding the release of all prisoners.",0,crowd size=hundreds,1736844912
BHR13330,2024-12-27,2024,1,Demonstrations,Riots,Violent demonstration,Rioters (Bahrain),February 14 Youth Coalition,Rioters,,,,Rioters only,,48,Middle East,Bahrain,Northern,,,Ash Shakhurah,26.2147,50.5069,1,14 February Revolution Youth Coalition,Other,"On 27 December 2024, demonstrators, including February 14 Youth Coalition, blocked the road with burning tires in Ash Shakhurah (Northern) as a part of a demonstration in solidarity with the political prisoners.",0,crowd size=no report,1736844912
BHR13332,2024-12-28,2024,1,Political violence,Riots,Mob violence,Rioters (Bahrain),February 14 Youth Coalition,Rioters,,,,Rioters only,,48,Middle East,Bahrain,Northern,,,Abu Saybi,26.2175,50.5069,1,14 February Revolution Youth Coalition,Other,"On 28 December 2024, demonstrators, including February 14 Youth Coalition, blocked the road with burning tires in Abu Saybi (Northern) as a part of a demonstration in solidarity with the political prisoners.",0,crowd size=no report,1736844912
BHR13334,2024-12-28,2024,1,Political violence,Riots,Mob violence,Rioters (Bahrain),February 14 Youth Coalition,Rioters,,,,Rioters only,,48,Middle East,Bahrain,Northern,,,Ash Shakhurah,26.2147,50.5069,1,14 February Revolution Youth Coalition,Other,"On 28 December 2024, demonstrators, including February 14 Youth Coalition, blocked the road with burning tires in Ash Shakhurah (Northern) as a part of a demonstration in solidarity with the political prisoners.",0,crowd size=no report,1736844912
BHR13336,2024-12-28,2024,1,Demonstrations,Protests,Peaceful protest,Protesters (Bahrain),Labor Group (Bahrain),Protesters,,,,Protesters only,,48,Middle East,Bahrain,Capital,,,Manama,26.2279,50.5857,1,14 February Revolution Youth Coalition,Other,"On 28 December 2024, dozens of citizens held a sit-in protest in the Diplomatic area of Manama (Capital) against the suspension of their retirement salaries.",0,crowd size=dozens,1736844912
BHR13337,2024-12-29,2024,1,Political violence,Violence against civilians,Attack,Police Forces of Bahrain (1999-) Prison Guards,,State forces,Civilians (Bahrain),Prisoners (Bahrain),Civilians,State forces-Civilians,Civilian targeting,48,Middle East,Bahrain,Southern,,,Jaw Prison,25.9916,50.6165,1,Bahrain Alyoum,National,"On 29 December 2024, prison guards assaulted and 'severely' beat 3 political prisoners in Jaw Prison (Southern) for protesting and requesting be allowed to communicate with their families.",0,,1754409470
BHR13338,2024-12-31,2024,1,Demonstrations,Riots,Violent demonstration,Rioters (Bahrain),February 14 Youth Coalition,Rioters,,,,Rioters only,,48,Middle East,Bahrain,Capital,,,Al Maamir,26.1333,50.6086,1,14 February Revolution Youth Coalition,Other,"On 31 December 2024, demonstrators, including February 14 Youth Coalition, blocked the road with burning tires in Al Maamir (Capital) as a part of a demonstration in solidarity with the political prisoners and on the 10th anniversary of the arrest of the Secretary-General of the Al-Wefaq National Islamic Society (Sheikh Ali Salman).",0,crowd size=no report,1736844912
BHR13339,2025-01-01,2025,1,Demonstrations,Riots,Violent demonstration,Rioters (Bahrain),February 14 Youth Coalition,Rioters,,,,Rioters only,,48,Middle East,Bahrain,Northern,,,Bu Quwa,26.2047,50.52,1,14 February Revolution Youth Coalition,Other,"On 1 January 2025, demonstrators, including February 14 Youth Coalition, blocked the road with burning tires in Bu Quwa (Northern) as a part of a demonstration in solidarity with the political prisoners.",0,crowd size=no report,1736844912
BHR13340,2025-01-02,2025,1,Demonstrations,Riots,Violent demonstration,Rioters (Bahrain),February 14 Youth Coalition,Rioters,,,,Rioters only,,48,Middle East,Bahrain,Capital,,,Al Akr,26.1431,50.6103,1,14 February Revolution Youth Coalition,Other,"On 2 January 2025, demonstrators, including February 14 Youth Coalition, blocked the road with burning tires in Al Akr (Capital) as a part of a demonstration to show support to Ayatollah Sheikh al-Nimr, a Saudi Shiite cleric who was executed by Saudi Arabia for terrorism-related charges in 2016.",0,crowd size=no report,1736844912
BHR13307,2024-12-17,2024,1,Demonstrations,Riots,Violent demonstration,Rioters (Bahrain),February 14 Youth Coalition,Rioters,,,,Rioters only,,48,Middle East,Bahrain,Capital,,,Al Akr,26.1431,50.6103,1,14 February Revolution Youth Coalition; ADHRB; Revolution Bahrain,Other-New media,"On 17 December 2024, demonstrators, including February 14 Youth Coalition, blocked the road with burning tires in Al Akr (Capital) as a part of a demonstration to commemorate 'Martyrs Day'.",0,crowd size=no report,1737413398
BHR13319,2024-12-20,2024,1,Demonstrations,Protests,Peaceful protest,Protesters (Bahrain),February 14 Youth Coalition,Protesters,,,,Protesters only,,48,Middle East,Bahrain,Capital,,,Bilad al Qadim,26.2117,50.5619,1,14 February Revolution Youth Coalition; ADHRB; Sada al Bahrain,Other-National,"On 20 December 2024, demonstrators, including February 14 Youth Coalition, held a protest in Bilad al Qadim (Capital) to denounce the violence against the prisoners by the prison guards in Jaw prison and demand the release of the political prisoners.",0,crowd size=no report,1737413398
BHR13331,2024-12-27,2024,1,Demonstrations,Protests,Peaceful protest,Protesters (Bahrain),February 14 Youth Coalition,Protesters,,,,Protesters only,,48,Middle East,Bahrain,Capital,,,Bilad al Qadim,26.2117,50.5619,1,ADHRB; Al Wefaq National Islamic Society; Bahrain Alyoum; LuaLua TV,New media-National,"On 27 December 2024, demonstrators, including February 14 Youth Coalition, held a protest march in Bilad al Qadim (Capital) to denounce the ban on Friday prayers in Al Diraz by Bahrain authorities, the demonstrators also carried Palestinian and Bahraini flags to show their support for Gaza and Lebanon and expressed their solidarity with the detainees and demanded their release.",0,crowd size=no report,1737413398
BHR13335,2024-12-28,2024,1,Demonstrations,Protests,Peaceful protest,Protesters (Bahrain),February 14 Youth Coalition,Protesters,,,,Protesters only,,48,Middle East,Bahrain,Capital,,,Bilad al Qadim,26.2117,50.5619,1,14 February Revolution Youth Coalition; ADHRB; AhlulBayt News Agency; Al Wefaq National Islamic Society,Other-New media,"On 28 December 2024, demonstrators, including February 14 Youth Coalition, held a protest stand in Bilad al Qadim (Capital) in solidarity with all political prisoners and on the 10th anniversary of the arrest of the Secretary-General of the Al Wefaq National Islamic Society (Sheikh Ali Salman).",0,crowd size=no report,1737413398
BHR13298,2024-12-16,2024,1,Demonstrations,Protests,Peaceful protest,Protesters (Bahrain),February 14 Youth Coalition,Protesters,,,,Protesters only,,48,Middle East,Bahrain,Capital,,,Sanabis,26.2259,50.5452,1,14 February Revolution Youth Coalition; ADHRB; Bahrain Alyoum; Bahrain Center for Human Rights; Prisoners Affairs Authority in Bahrain,Other-New media,"On 16 December 2024, families of prisoners, including February 14 Youth Coalition, held a protest in front of the Exhibitions Police Station in Sanabis (Capital) calling for the release of all political prisoners. Meanwhile, another group of protesters, including February 14 Youth Coalition, held a protest march in Sanabis to commemorate 'Martyrs Day' under the slogan 'Our Martyrs Are Our Identity'.",0,crowd size=no report,1737413398
BHR13321,2024-12-20,2024,1,Demonstrations,Protests,Peaceful protest,Protesters (Bahrain),February 14 Youth Coalition,Protesters,,,,Protesters only,,48,Middle East,Bahrain,Capital,,,Sanabis,26.2259,50.5452,1,14 February Revolution Youth Coalition; ADHRB; Bahrain Alyoum,Other-National,"On 20 December 2024, demonstrators, including February 14 Youth Coalition, held a protest in Sanabis (Capital) in solidarity with the political prisoners and to denounce the violence against the prisoners by the prison guards in Jaw prison.",0,crowd size=no report,1737413398
BHR13305,2024-12-17,2024,1,Demonstrations,Riots,Violent demonstration,Rioters (Bahrain),February 14 Youth Coalition,Rioters,,,,Rioters only,,48,Middle East,Bahrain,Muharraq,,,Samahij,26.28,50.635,1,14 February Revolution Youth Coalition; ADHRB; Revolution Bahrain,Other-New media,"On 17 December 2024, demonstrators, including February 14 Youth Coalition, blocked the road with burning tires in Samahij (Muharraq) as a part of a demonstration to commemorate 'Martyrs Day'.",0,crowd size=no report,1737413398
BHR13311,2024-12-18,2024,1,Demonstrations,Protests,Peaceful protest,Protesters (Bahrain),February 14 Youth Coalition,Protesters,,,,Protesters only,,48,Middle East,Bahrain,Muharraq,,,Samahij,26.28,50.635,1,14 February Revolution Youth Coalition; ADHRB; Al Wefaq National Islamic Society; Twitter,Other-New media,"On 18 December 2024, demonstrators, including February 14 Youth Coalition, held a protest march in Samahij (Muharraq) to commemorate Martyrs Day under the slogan 'Our Martyrs Are Our Identity', in reference to prisoners who died in Bahrain prisons. Meanwhile, a separate group of demonstrators held a protest march in front of Samahij police station to demand the release of the political prisoners.",0,crowd size=no report,1737413398
BHR13313,2024-12-20,2024,1,Demonstrations,Protests,Peaceful protest,Protesters (Bahrain),February 14 Youth Coalition,Protesters,,,,Protesters only,,48,Middle East,Bahrain,Northern,,,Abu Saybi,26.2175,50.5069,1,14 February Revolution Youth Coalition; ADHRB; Bahrain Alyoum; Sada al Bahrain,Other-National,"On 20 December 2024, demonstrators, including February 14 Youth Coalition, held a protest march in Abu Saybi (Northern) in solidarity with the political prisoners. Police forces deployed in the area but did not intervene.",0,crowd size=no report,1737413398
BHR13328,2024-12-27,2024,1,Demonstrations,Riots,Violent demonstration,Rioters (Bahrain),February 14 Youth Coalition,Rioters,,,,Rioters only,,48,Middle East,Bahrain,Northern,,,Abu Saybi,26.2175,50.5069,1,14 February Revolution Youth Coalition; ADHRB; Ahrar Abu Saiba,Other-New media,"On 27 December 2024, demonstrators, including February 14 Youth Coalition, blocked the road with burning tires in Abu Saybi (Northern) as a part of a demonstration in solidarity with the political prisoners.",0,crowd size=no report,1737413398
BHR13327,2024-12-26,2024,1,Demonstrations,Protests,Peaceful protest,Protesters (Bahrain),February 14 Youth Coalition,Protesters,,,,Protesters only,,48,Middle East,Bahrain,Northern,,,Al Diraz,26.2181,50.4706,1,14 February Revolution Youth Coalition; ADHRB; Al Wefaq National Islamic Society; Bahrain Alyoum,Other-New media,"On 26 December 2024, demonstrators, including February 14 Youth Coalition, held a protest march in Al Diraz (Northern) in solidarity with all political prisoners and on the 10th anniversary of the arrest of the Secretary-General of the Al Wefaq National Islamic Society (Sheikh Ali Salman). They also demanding the release of all political prisoners.",0,crowd size=no report,1737413398
BHR13316,2024-12-20,2024,1,Demonstrations,Protests,Peaceful protest,Protesters (Bahrain),February 14 Youth Coalition,Protesters,,,,Protesters only,,48,Middle East,Bahrain,Northern,,,Al Markh,26.2103,50.4733,1,14 February Revolution Youth Coalition; ADHRB; Bahrain Alyoum; Instagram,Other-New media,"On 20 December 2024, demonstrators, including February 14 Youth Coalition, held a protest march in Al Markh (Northern) in solidarity with the political prisoners and to condemn the ongoing prevention of Friday prayers in Diraz by the Bahraini authorities.",0,crowd size=no report,1737413398
BHR13309,2024-12-18,2024,1,Demonstrations,Protests,Peaceful protest,Protesters (Bahrain),February 14 Youth Coalition,Protesters,,,,Protesters only,,48,Middle East,Bahrain,Northern,,,Bani Jamrah,26.2097,50.4597,1,14 February Revolution Youth Coalition; ADHRB; Al Wefaq National Islamic Society; LuaLua TV,Other-New media,"On 18 December 2024, demonstrators, including February 14 Youth Coalition, held a protest march in Bani Jamrah (Northern) to commemorate Martyrs Day under the slogan 'Our Martyrs Are Our Identity'. Protesters also chanted in support of Hezbollah.",0,crowd size=no report,1737413398
BHR13296,2024-12-16,2024,1,Demonstrations,Protests,Peaceful protest,Protesters (Bahrain),February 14 Youth Coalition,Protesters,,,,Protesters only,,48,Middle East,Bahrain,Northern,,,Jannusan,26.2305,50.4947,1,14 February Revolution Youth Coalition; ADHRB; Mayadeen Al Wefaq,Other-National,"On 16 December 2024, demonstrators, including February 14 Youth Coalition, held a protest march in Jannusan (Northern) to commemorate 'Martyrs Day' under the slogan 'Our Martyrs Are Our Identity' and demand accountability for prisoners' deaths in Bahrain.",0,crowd size=no report,1737413398
BHR13303,2024-12-17,2024,1,Demonstrations,Riots,Violent demonstration,Rioters (Bahrain),February 14 Youth Coalition,Rioters,,,,Rioters only,,48,Middle East,Bahrain,Northern,,,Jannusan,26.2305,50.4947,1,14 February Revolution Youth Coalition; ADHRB; Instagram; LuaLua TV,Other-New media,"On 17 December 2024, demonstrators, including February 14 Youth Coalition, blocked the road with burning tires in Jannusan (Northern) as a part of a demonstration to commemorate 'Martyrs Day'.",0,crowd size=no report,1737413398
BHR13320,2024-12-20,2024,1,Demonstrations,Protests,Peaceful protest,Protesters (Bahrain),February 14 Youth Coalition,Protesters,,,,Protesters only,,48,Middle East,Bahrain,Northern,,,Karranah,26.2292,50.5094,1,14 February Revolution Youth Coalition; ADHRB; Mayadeen Al Wefaq,Other-National,"On 20 December 2024, demonstrators, including February 14 Youth Coalition, held a protest march in Karranah (Northern) in solidarity with the political prisoners.",0,crowd size=no report,1737413398
BHR13310,2024-12-18,2024,1,Demonstrations,Riots,Violent demonstration,Rioters (Bahrain),February 14 Youth Coalition,Rioters,,,,Rioters only,,48,Middle East,Bahrain,Northern,,,Maqabah,26.2108,50.4875,1,14 February Revolution Youth Coalition; ADHRB; Revolution Bahrain,Other-New media,"On 18 December 2024, demonstrators, including February 14 Youth Coalition, blocked the road with burning tires in Maqabah (Northern) as a part of a demonstration to commemorate 'Martyrs Day'.",0,crowd size=no report,1737413398
BHR13322,2024-12-20,2024,1,Demonstrations,Protests,Peaceful protest,Protesters (Bahrain),February 14 Youth Coalition,Protesters,,,,Protesters only,,48,Middle East,Bahrain,Northern,,,Sar,26.1942,50.4819,1,14 February Revolution Youth Coalition; ADHRB; Bahrain Alyoum; Sada al Bahrain,Other-National,"On 20 December 2024, demonstrators, including February 14 Youth Coalition, held a protest in Sar (Northern) to denounce the violence against the prisoners by the prison guards in Jaw prison and demand the release of the political prisoners.",0,crowd size=no report,1737413398
BHR13343,2024-12-17,2024,1,Demonstrations,Riots,Violent demonstration,Rioters (Bahrain),,Rioters,,,,Rioters only,,48,Middle East,Bahrain,Capital,,,Al Daih,26.225,50.5362,1,ADHRB; Revolution Bahrain,New media-National,"On 17 December 2024, demonstrators blocked the road with burning tires in Al Daih (Capital) as a part of a demonstration to commemorate 'Martyrs Day'.",0,crowd size=no report,1737435505
BHR13346,2024-12-18,2024,1,Demonstrations,Riots,Violent demonstration,Rioters (Bahrain),,Rioters,,,,Rioters only,,48,Middle East,Bahrain,Capital,,,Karbabad,26.2303,50.5294,1,ADHRB; Karbabad Media,New media-National,"On 18 December 2024, demonstrators, including February 14 Youth Coalition, blocked the road with burning tires in Karbabad (Capital) as a part of a demonstration to commemorate 'Martyrs Day'.",0,crowd size=no report,1737435505
BHR13347,2024-12-20,2024,1,Demonstrations,Protests,Peaceful protest,Protesters (Bahrain),,Protesters,,,,Protesters only,,48,Middle East,Bahrain,Capital,,,Karbabad,26.2303,50.5294,1,ADHRB; Sada al Bahrain,National,"On 20 December 2024, demonstrators held a protest in Karbabad (Capital) in solidarity with the political prisoners and demanding their release. Bahrain police forces deployed in the area but did not intervene.",0,crowd size=no report,1737435505
BHR13348,2024-12-29,2024,1,Demonstrations,Protests,Peaceful protest,Protesters (Bahrain),Labor Group (Bahrain),Protesters,,,,Protesters only,,48,Middle East,Bahrain,Capital,,,Manama,26.2279,50.5857,1,ADHRB; Sada al Bahrain,National,"On 29 December 2024, dozens of demonstrators affected by the 'Khotwa' (Step) Program for Home Projects held a protest outside the Social Insurance Organization's headquarters in Manama (Capital) against suspending their retirement pensions.",0,crowd size= dozens,1737435505
BHR13349,2025-01-06,2025,1,Demonstrations,Protests,Peaceful protest,Protesters (Bahrain),Labor Group (Bahrain),Protesters,,,,Protesters only,,48,Middle East,Bahrain,Capital,,,Manama,26.2279,50.5857,1,ADHRB; Instagram,New media-National,"On 6 January 2025, demonstrators affected by the 'Khotwa' (Step) Program for Home Projects held a protest outside the Social Insurance Organization's headquarters in Manama (Capital) against decisions that deprived them of their retirement pensions from the 'Khatwa' program.",0,crowd size=no report,1737435505
BHR13350,2025-01-11,2025,1,Demonstrations,Protests,Peaceful protest,Protesters (Bahrain),,Protesters,,,,Protesters only,,48,Middle East,Bahrain,Capital,,,Sanabis,26.2259,50.5452,1,LuaLua TV,National,"On 11 January 2025, a demonstration was held in Sanabis (Capital) in solidarity with the Palestinian people to condemn the ongoing prevention of Friday prayers in Diraz by the Bahraini authorities, and to commemorate 'Martyrs Day'.",0,crowd size=no report,1737435505
BHR13351,2025-01-13,2025,1,Demonstrations,Protests,Peaceful protest,Protesters (Bahrain),February 14 Youth Coalition,Protesters,,,,Protesters only,,48,Middle East,Bahrain,Capital,,,Sanabis,26.2259,50.5452,1,14 February Revolution Youth Coalition,Other,"On 13 January 2025, demonstrators, including February 14 Youth Coalition, held a protest in Sanabis (Capital) in solidarity with the political prisoners and to condemn the ongoing prevention of Friday prayers in Diraz by the Bahraini authorities.",0,crowd size=no report,1737435505
BHR13355,2024-12-18,2024,1,Demonstrations,Protests,Peaceful protest,Protesters (Bahrain),,Protesters,,,,Protesters only,,48,Middle East,Bahrain,Capital,,,Sitrah,26.1547,50.6206,1,ADHRB; Twitter,New media-National,"On 18 December 2024, demonstrators held a protest march in front of Sitrah police station (Capital) to demand the release of the political prisoners.",0,crowd size=no report,1737435505
BHR13356,2025-01-12,2025,1,Demonstrations,Protests,Peaceful protest,Protesters (Bahrain),February 14 Youth Coalition,Protesters,,,,Protesters only,,48,Middle East,Bahrain,Capital,,,Sitrah,26.1547,50.6206,1,14 February Revolution Youth Coalition,Other,"On 12 January 2025, demonstrators, including February 14 Youth Coalition, held a protest in Sitrah (Capital) to commemorate 'Martyrs Day'.",0,crowd size=no report,1737435505
BHR13358,2024-12-16,2024,1,Demonstrations,Protests,Peaceful protest,Protesters (Bahrain),,Protesters,,,,Protesters only,,48,Middle East,Bahrain,Northern,,,Abu Saybi,26.2175,50.5069,1,ADHRB; Ahrar Abu Saiba,New media-National,"On 16 December 2024, demonstrators held a protest in Abu Saybi (Northern) to commemorate 'Martyrs Day' under the slogan 'Our Martyrs Are Our Identity' and demand accountability for prisoners' deaths in Bahrain.",0,crowd size=no report,1737435505
BHR13359,2024-12-16,2024,1,Demonstrations,Riots,Violent demonstration,Rioters (Bahrain),,Rioters,,,,Rioters only,,48,Middle East,Bahrain,Northern,,,Abu Saybi,26.2175,50.5069,1,ADHRB; Ahrar Abu Saiba,New media-National,"On 16 December 2024, demonstrators blocked the road with burning tires in Abu Saybi (Northern) as a part of a demonstration to commemorate Martyrs Day and to and demand accountability for prisoners' deaths in Bahrain.",0,crowd size=no report,1737435505
BHR13360,2024-12-27,2024,1,Demonstrations,Protests,Peaceful protest,Protesters (Bahrain),,Protesters,,,,Protesters only,,48,Middle East,Bahrain,Northern,,,Abu Saybi,26.2175,50.5069,1,ADHRB; Duraz Mirror,New media-National,"On 27 December 2024, demonstrators held a protest stand in Abu Saybi (Northern) on the 10th anniversary of the arrest of the Secretary-General of the Al Wefaq National Islamic Society (Sheikh Ali Salman).",0,crowd size=no report,1737435505
BHR13362,2025-01-01,2025,1,Demonstrations,Protests,Peaceful protest,Protesters (Bahrain),,Protesters,,,,Protesters only,,48,Middle East,Bahrain,Northern,,,Al Diraz,26.2181,50.4706,1,ADHRB; Duraz Youth,New media-National,"On 1 January 2025, a demonstration was held Al Diraz (Northern) in solidarity with political prisoners and to honor the memory of political victims.",0,crowd size=no report,1737435505
BHR13363,2025-01-04,2025,1,Demonstrations,Protests,Peaceful protest,Protesters (Bahrain),,Protesters,,,,Protesters only,,48,Middle East,Bahrain,Northern,,,Al Diraz,26.2181,50.4706,1,ADHRB; Instagram,New media-National,"On 4 January 2025, a demonstration was held Al Diraz (Northern) in solidarity with political prisoners and opposition leaders.",0,crowd size=no report,1737435505
BHR13368,2025-01-15,2025,1,Demonstrations,Riots,Violent demonstration,Rioters (Bahrain),February 14 Youth Coalition,Rioters,,,,Rioters only,,48,Middle East,Bahrain,Northern,,,Maqabah,26.2108,50.4875,1,14 February Revolution Youth Coalition,Other,"On 15 January 2025, demonstrators, including February 14 Youth Coalition, blocked the road with burning tires in Maqabah (Northern) as a part of a demonstration to commemorate 'Martyrs Day'.",0,crowd size=no report,1737435505
BHR13369,2024-12-22,2024,1,Demonstrations,Riots,Violent demonstration,Rioters (Bahrain),,Rioters,,,,Rioters only,,48,Middle East,Bahrain,Southern,,,Nuwaidrat,26.1347,50.5975,1,ADHRB; Instagram,New media-National,"On 22 December 2024, demonstrators, including February 14 Youth Coalition, blocked the road with burning tires in Nuwaidrat (Southern) as a part of a demonstration in solidarity with the political prisoners.",0,crowd size=no report,1737435505
BHR13370,2025-01-03,2025,1,Demonstrations,Protests,Peaceful protest,Protesters (Bahrain),,Protesters,,,,Protesters only,,48,Middle East,Bahrain,Southern,,,Nuwaidrat,26.1347,50.5975,1,ADHRB; Instagram,New media-National,"On 3 January 2025, a demonstration was held in Nuwaidrat (Southern) to honor the memory of Qassim Soleimani and Abu Mahdi Al-Muhandis. Security forces deployed to the town, but it's unclear if they intervened in the protest.",0,crowd size=no report,1737435505
BHR13279,2025-01-06,2025,1,Demonstrations,Protests,Peaceful protest,Protesters (Bahrain),February 14 Youth Coalition,Protesters,,,,Protesters only,,48,Middle East,Bahrain,Capital,,,Karbabad,26.2303,50.5294,1,14 February Revolution Youth Coalition; ADHRB; Karbabad Media,Other-New media,"On 6 January 2025, demonstrators, including February 14 Youth Coalition, held a protest in Karbabad (Capital) in solidarity with the political prisoners and with the Palestinian people in Gaza.",0,crowd size=no report,1738017338
BHR13280,2025-01-07,2025,1,Demonstrations,Protests,Peaceful protest,Protesters (Bahrain),,Protesters,,,,Protesters only,,48,Middle East,Bahrain,Capital,,,Karbabad,26.2303,50.5294,1,ADHRB; Bahrain Alyoum; Prisoners Affairs Authority in Bahrain,New media-National,"On 7 January 2025, residents organized a protest in Karbabad (Capital) in a solidarity stand with a political prisoner (Jaafar Abdul Abbas) and expressed their concern over the 'deliberate medical negligence' by the prison authorities.",0,crowd size=no report,1738017338
BHR13289,2025-01-10,2025,1,Demonstrations,Riots,Violent demonstration,Rioters (Bahrain),February 14 Youth Coalition,Rioters,,,,Rioters only,,48,Middle East,Bahrain,Northern,,,Shahrakkan,26.0753,50.5014,1,14 February Revolution Youth Coalition; ADHRB; Karbabad Media,Other-New media,"On 10 January 2025, demonstrators, including February 14 Youth Coalition, blocked the road with burning tires in Shahrakkan (Northern) as a part of a demonstration in solidarity with the political prisoners.",0,crowd size=no report,1738017338
BHR13282,2025-01-10,2025,1,Demonstrations,Protests,Peaceful protest,Protesters (Bahrain),,Protesters,,,,Protesters only,,48,Middle East,Bahrain,Capital,,,Sanabis,26.2259,50.5452,1,ADHRB; Bahrain Alyoum; Duraz Mirror,New media-National,"On 10 January 2025, demonstrators held a protest in Sanabis (Capital) to commemorate executed past anti-government activists and demonstrators and in solidarity with the Palestinian people in Gaza.",0,crowd size=no report,1738017338
BHR13352,2025-01-15,2025,1,Demonstrations,Riots,Violent demonstration,Rioters (Bahrain),February 14 Youth Coalition,Rioters,,,,Rioters only,,48,Middle East,Bahrain,Capital,,,Sanabis,26.2259,50.5452,1,14 February Revolution Youth Coalition; ADHRB; Instagram,Other-New media,"On 15 January 2025, demonstrators, including February 14 Youth Coalition, blocked the road with burning tires in Sanabis (Capital) as a part of a demonstration to commemorate 'Martyrs Day'.",0,crowd size=no report,1738017338
BHR13354,2025-01-16,2025,1,Demonstrations,Protests,Peaceful protest,Protesters (Bahrain),February 14 Youth Coalition,Protesters,,,,Protesters only,,48,Middle East,Bahrain,Capital,,,Sanabis,26.2259,50.5452,1,14 February Revolution Youth Coalition; ADHRB; Al Wefaq National Islamic Society; Bahrain Alyoum,Other-New media,"On 16 January 2025, demonstrators, including February 14 Youth Coalition, held a protest in Sanabis (Capital) to commemorate Martyrs Day and honor the memory of political victims.",0,crowd size=no report,1738017338
BHR13364,2025-01-17,2025,1,Demonstrations,Protests,Peaceful protest,Protesters (Bahrain),February 14 Youth Coalition,Protesters,,,,Protesters only,,48,Middle East,Bahrain,Northern,,,Al Diraz,26.2181,50.4706,1,14 February Revolution Youth Coalition; ADHRB; Al Wefaq National Islamic Society,Other-New media,"On 17 January 2025, demonstrators, including February 14 Youth Coalition, held a protest in Al Diraz (Northern) to commemorate 'Martyrs Day'.",0,crowd size= dozens,1738017338
BHR13366,2025-01-17,2025,1,Demonstrations,Protests,Peaceful protest,Protesters (Bahrain),February 14 Youth Coalition,Protesters,,,,Protesters only,,48,Middle East,Bahrain,Northern,,,Barbar,26.2294,50.4806,1,14 February Revolution Youth Coalition; ADHRB; Instagram,Other-New media,"On 17 January 2025, demonstrators, including February 14 Youth Coalition, held a protest in Barbar (Northern) to commemorate 'Martyrs Day', and to celebrate Hamas's 'victory' in Gaza, in reference to the announced ceasefire between the armed group and Israel.",0,crowd size= dozens,1738017338
BHR13357,2025-01-17,2025,1,Demonstrations,Riots,Violent demonstration,Rioters (Bahrain),February 14 Youth Coalition,Rioters,,,,Rioters only,,48,Middle East,Bahrain,Capital,,,Sitrah,26.1547,50.6206,1,14 February Revolution Youth Coalition; ADHRB; Revolution Bahrain,Other-New media,"On 17 January 2025, demonstrators, including February 14 Youth Coalition, blocked the road with burning tires in Sitrah (Capital) as a part of a demonstration to commemorate 'Martyrs Day'.",0,crowd size= dozens,1738017338
BHR13372,2025-01-24,2025,1,Demonstrations,Protests,Peaceful protest,Protesters (Bahrain),Bahraini Society Against Normalisation with Zionist Enemy,Protesters,,,,Protesters only,,48,Middle East,Bahrain,Capital,,,Manama - Adliya,26.216,50.5846,1,Bahraini Society Against Normalisation with Zionist Enemy,Other,"On 24 January 2025, the Bahraini Society Against Normalization with Zionist Enemy held a protest stand in the '7th October' square in Manama - Adliya (Capital) in solidarity with the Palestinian people and to denounce the normalization of ties with Israel.",0,crowd size=no report,1738026262
BHR13373,2025-01-18,2025,1,Demonstrations,Protests,Peaceful protest,Protesters (Bahrain),February 14 Youth Coalition,Protesters,,,,Protesters only,,48,Middle East,Bahrain,Northern,,,Al Diraz,26.2181,50.4706,1,14 February Revolution Youth Coalition,Other,"On 18 January 2025, demonstrators, including February 14 Youth Coalition, held a protest in Al Diraz (Northern) to condemn the Bahraini authorities on Friday prayer prevention in Diraz.",0,crowd size=no report,1738026262
BHR13375,2025-01-24,2025,1,Demonstrations,Protests,Peaceful protest,Protesters (Bahrain),February 14 Youth Coalition,Protesters,,,,Protesters only,,48,Middle East,Bahrain,Northern,,,Ash Shakhurah,26.2147,50.5069,1,14 February Revolution Youth Coalition,Other,"On 24 January 2025, demonstrators, including February 14 Youth Coalition, held a protest march in Ash Shakhurah (Northern) celebrating the ceasefire treaties in Gaza and Lebanon and in support of political prisoners.",0,crowd size=no report,1738026262
BHR13376,2025-01-17,2025,1,Demonstrations,Riots,Violent demonstration,Rioters (Bahrain),,Rioters,,,,Rioters only,,48,Middle East,Bahrain,Capital,,,Al Akr,26.1431,50.6103,1,ADHRB; Instagram,New media-National,"On 17 January 2025, demonstrators blocked the road with burning tires in Al Akr (Capital) as a part of a demonstration to commemorate 'martyrdom day' and to demand the right of self-determination of the Bahraini people.",0,crowd size=no report,1738026262
BHR13377,2025-01-18,2025,1,Political violence,Riots,Mob violence,Rioters (Bahrain),February 14 Youth Coalition,Rioters,,,,Rioters only,,48,Middle East,Bahrain,Capital,,,Al Daih,26.225,50.5362,1,14 February Revolution Youth Coalition,Other,"On 18 January 2025, rioters, including February 14 Youth Coalition members, blocked the road with burning tires in Al Daih (Capital) as a part of a 'revolutionary mobilization' to commemorate 'martyrdom day'.",0,crowd size=no report,1738026262
BHR13378,2025-01-18,2025,1,Demonstrations,Riots,Violent demonstration,Rioters (Bahrain),February 14 Youth Coalition,Rioters,,,,Rioters only,,48,Middle East,Bahrain,Capital,,,Sanabis,26.2259,50.5452,1,14 February Revolution Youth Coalition,Other,"On 18 January 2025, demonstrators, including February 14 Youth Coalition, blocked the road with burning tires in Sanabis (Capital) as a part of a demonstration to commemorate 'martyrdom day' and in solidarity with political prisoners.",0,crowd size=no report,1738026262
BHR13379,2025-01-19,2025,1,Demonstrations,Riots,Violent demonstration,Rioters (Bahrain),February 14 Youth Coalition,Rioters,,,,Rioters only,,48,Middle East,Bahrain,Capital,,,Al Akr,26.1431,50.6103,1,Bahraini Society Against Normalisation with Zionist Enemy,Other,"On 19 January 2025, demonstrators, including February 14 Youth Coalition, blocked the road with burning tires in Al Akr (Capital) as a part of a demonstration to commemorate 'martyrdom day' and to demand the right of self-determination of the Bahraini people.",0,crowd size=no report,1738026262
BHR13380,2025-01-19,2025,1,Demonstrations,Riots,Violent demonstration,Rioters (Bahrain),February 14 Youth Coalition,Rioters,,,,Rioters only,,48,Middle East,Bahrain,Southern,,,Nuwaidrat,26.1347,50.5975,1,14 February Revolution Youth Coalition,Other,"On 19 January 2025, demonstrators, including February 14 Youth Coalition, blocked the road with burning tires in Nuwaidrat (Southern) as a part of a demonstration to commemorate 'martyrdom day', to demand the right of self-determination of the Bahraini people, and in support of the 'revolution'.",0,crowd size=no report,1738026262
BHR13381,2025-01-19,2025,1,Political violence,Riots,Mob violence,Rioters (Bahrain),February 14 Youth Coalition,Rioters,,,,Rioters only,,48,Middle East,Bahrain,Northern,,,Barbar,26.2294,50.4806,1,14 February Revolution Youth Coalition,Other,"On 19 January 2025, rioters, including February 14 Youth Coalition, blocked the road with burning tires in Barbar (Northern) as a part of a 'revolutionary mobilization' to commemorate 'martyrdom day'.",0,crowd size=no report,1738026262
BHR13382,2025-01-21,2025,1,Demonstrations,Riots,Violent demonstration,Rioters (Bahrain),February 14 Youth Coalition,Rioters,,,,Rioters only,,48,Middle East,Bahrain,Southern,,,Nuwaidrat,26.1347,50.5975,1,14 February Revolution Youth Coalition,Other,"On 21 January 2025, demonstrators, including February 14 Youth Coalition, blocked the road with burning tires in Nuwaidrat (Southern) as a part of a demonstration in solidarity with the political prisoners.",0,crowd size=no report,1738026262
BHR13383,2025-01-22,2025,1,Demonstrations,Riots,Violent demonstration,Rioters (Bahrain),February 14 Youth Coalition,Rioters,,,,Rioters only,,48,Middle East,Bahrain,Northern,,,Al Diraz,26.2181,50.4706,1,14 February Revolution Youth Coalition,Other,"On 22 January 2025, demonstrators, including February 14 Youth Coalition, blocked the road with burning tires in Al Diraz (Northern) as a part of a demonstration in solidarity with the political prisoners.",0,crowd size=no report,1738026262
BHR13384,2025-01-24,2025,1,Demonstrations,Protests,Peaceful protest,Protesters (Bahrain),Labor Group (Bahrain),Protesters,,,,Protesters only,,48,Middle East,Bahrain,Capital,,,Manama,26.2279,50.5857,1,LuaLua TV,National,"On 24 January 2025, dozens of demonstrators affected by the 'Khotwa' (Step) Program for Home Projects held a protest outside the Social Insurance Organization's headquarters in Manama (Capital) against decisions that deprived them of their retirement pensions due to the program.",0,crowd size=dozens,1738026262
BHR13385,2025-01-17,2025,1,Demonstrations,Protests,Peaceful protest,Protesters (Bahrain),,Protesters,,,,Protesters only,,48,Middle East,Bahrain,Northern,,,Al Qadam,26.2156,50.5192,1,ADHRB; Al Wefaq National Islamic Society,New media-National,"On 17 January 2025, demonstrators held a protest in Al Qadam (Northern) celebrating the ceasefire treaties of Gaza and Lebanon and 'the victory of the Palestinian people'.",0,crowd size=no report,1738026262
BHR13386,2025-01-24,2025,1,Demonstrations,Protests,Peaceful protest,Protesters (Bahrain),,Protesters,,,,Protesters only,,48,Middle East,Bahrain,Capital,,,Karbabad,26.2303,50.5294,1,ADHRB; Al Wefaq National Islamic Society; Bahrain Alyoum,New media-National,"On 24 January 2025, demonstrators held a protest in Karbabad (Capital) to show support to Gaza and Lebanon and in solidarity with the political prisoners.",0,crowd size=no report,1738620472
BHR13374,2025-01-24,2025,1,Demonstrations,Protests,Peaceful protest,Protesters (Bahrain),February 14 Youth Coalition,Protesters,,,,Protesters only,,48,Middle East,Bahrain,Northern,,,Abu Saybi,26.2175,50.5069,1,14 February Revolution Youth Coalition; ADHRB; Al Wefaq National Islamic Society,Other-New media,"On 24 January 2025, demonstrators, including February 14 Youth Coalition, held a protest march in Abu Saybi (Northern) celebrating the ceasefire treaties in Gaza and Lebanon, in support of political prisoners and the resistance against 'the Zionist enemy'.",0,crowd size=no report,1738620472
BHR13387,2025-01-31,2025,1,Demonstrations,Riots,Violent demonstration,Rioters (Bahrain),February 14 Youth Coalition,Rioters,,,,Rioters only,,48,Middle East,Bahrain,Capital,,,Al Akr,26.1431,50.6103,1,14 February Revolution Youth Coalition,Other,"On 31 January 2025, demonstrators, including February 14 Youth Coalition, blocked the road with burning tires in Al Akr (Capital) as a part of a demonstration to commemorate the anniversary of the 2011 Bahraini Uprising against the government.",0,crowd size=no report,1738629507
BHR13388,2025-01-30,2025,1,Demonstrations,Protests,Peaceful protest,Protesters (Bahrain),Labor Group (Bahrain),Protesters,,,,Protesters only,,48,Middle East,Bahrain,Capital,,,Manama,26.2279,50.5857,1,LuaLua TV,National,"On 30 January 2025, demonstrators affected by the 'Khotwa' (Step) Program for Home Projects held a protest outside the Social Insurance Organization's headquarters in Manama (Capital) against decisions that deprived them of their retirement pensions due to the program.",0,crowd size=no report,1738629507
BHR13389,2025-01-31,2025,1,Demonstrations,Protests,Peaceful protest,Protesters (Bahrain),Labor Group (Bahrain),Protesters,,,,Protesters only,,48,Middle East,Bahrain,Capital,,,Manama,26.2279,50.5857,1,LuaLua TV,National,"On 31 January 2025, for the second consecutive day, demonstrators affected by the 'Khotwa' (Step) Program for Home Projects held a protest outside the Social Insurance Organization's headquarters in Manama (Capital) against decisions that deprived them of their retirement pensions due to the program.",0,crowd size=no report,1738629507
BHR13392,2025-01-31,2025,1,Demonstrations,Riots,Violent demonstration,Rioters (Bahrain),February 14 Youth Coalition,Rioters,Police Forces of Bahrain (1999-),,State forces,State forces-Rioters,,48,Middle East,Bahrain,Capital,,,Sitrah,26.1547,50.6206,1,14 February Revolution Youth Coalition,Other,"On 31 January 2025, demonstrators, including February 14 Youth Coalition, blocked a road in an unspecified manner and engaged in clashes with police forces in Sitrah (Capital) as a part of a demonstration to commemorate the anniversary of the 2011 Bahraini Uprising against the government.",0,crowd size=no report,1738629507
BHR13391,2025-01-31,2025,1,Demonstrations,Riots,Violent demonstration,Rioters (Bahrain),February 14 Youth Coalition,Rioters,,,,Rioters only,,48,Middle East,Bahrain,Capital,,,Sanabis,26.2259,50.5452,1,14 February Revolution Youth Coalition; ADHRB; Instagram,Other-New media,"On 31 January 2025, demonstrators, including February 14 Youth Coalition, blocked a road with burning tires in Sanabis (Capital) as a part of a demonstration to commemorate and celebrate the month of the anniversary of the Bahraini 2011 uprising.",0,crowd size=no report,1739227031
BHR13397,2025-02-03,2025,1,Demonstrations,Protests,Protest with intervention,Protesters (Bahrain),Labor Group (Bahrain),Protesters,Police Forces of Bahrain (1999-),,State forces,State forces-Protesters,,48,Middle East,Bahrain,Capital,,,Manama,26.2279,50.5857,1,Bahrain Alyoum; LuaLua TV,National,"On 3 February 2025, demonstrators affected by the 'Khotwa' (Step) Program for Home Projects held a sit-in protest in front of the Social Insurance Authority building in Manama (Capital) against the decision to stop their retirement salaries. The police intervened and arrested several of them.",0,crowd size=no report,1753969827
BHR13398,2025-02-01,2025,1,Demonstrations,Riots,Violent demonstration,Rioters (Bahrain),February 14 Youth Coalition,Rioters,,,,Rioters only,,48,Middle East,Bahrain,Capital,,,Sanabis,26.2259,50.5452,1,14 February Revolution Youth Coalition,Other,"On 1 February 2025, demonstrators, including February 14 Youth Coalition, blocked a road with burning tires in Sanabis (Capital) as a part of a demonstration to commemorate and mark the anniversary of Bahrain's pro-democracy movement.",0,crowd size=no report,1739238761
BHR13400,2025-01-30,2025,1,Demonstrations,Riots,Violent demonstration,Rioters (Bahrain),,Rioters,,,,Rioters only,,48,Middle East,Bahrain,Capital,,,Sanabis,26.2259,50.5452,1,ADHRB; Instagram,New media-National,"On 30 January 2025, demonstrators blocked a road with burning tires in Sanabis (Capital) as a part of a demonstration to commemorate and mark the anniversary of Bahrain's pro-democracy movement.",0,crowd size=no report,1739238761
BHR13401,2025-01-30,2025,1,Demonstrations,Riots,Violent demonstration,Rioters (Bahrain),,Rioters,,,,Rioters only,,48,Middle East,Bahrain,Capital,,,Al Akr,26.1431,50.6103,1,ADHRB; Instagram,New media-National,"On 30 January 2025, demonstrators blocked a road with burning tires in Al Akr (Capital) as a part of a demonstration to commemorate and mark the anniversary of Bahrain's pro-democracy movement.",0,crowd size=no report,1739238761
BHR13403,2025-02-07,2025,1,Demonstrations,Protests,Protest with intervention,Protesters (Bahrain),,Protesters,Police Forces of Bahrain (1999-),,State forces,State forces-Protesters,,48,Middle East,Bahrain,Northern,,,Bu Quwa,26.2047,50.52,1,ADHRB; Revolution Bahrain,New media-National,"On 7 February 2025, demonstrators held a protest in Bu Quwa (Northern). Police forces intervened by storming the area and chasing the protesters. The reason for the demonstration was not reported.",0,crowd size=no report,1753969827
BHR13404,2025-02-07,2025,1,Demonstrations,Protests,Peaceful protest,Protesters (Bahrain),February 14 Youth Coalition,Protesters,,,,Protesters only,,48,Middle East,Bahrain,Northern,,,Sar,26.1942,50.4819,1,14 February Revolution Youth Coalition; ADHRB; Al Wefaq National Islamic Society,Other-New media,"On 7 February 2025, demonstrators, including February 14 Youth Coalition, held a protest in Sar (Northern) celebrating the ceasefire treaties in Gaza and Lebanon, in solidarity with political prisoners, and to commemorate the anniversary of the 2021 Bahraini uprising.",0,crowd size=no report,1739840085
BHR13405,2025-02-08,2025,1,Demonstrations,Protests,Peaceful protest,Protesters (Bahrain),February 14 Youth Coalition,Protesters,,,,Protesters only,,48,Middle East,Bahrain,Capital,,,Karbabad,26.2303,50.5294,1,14 February Revolution Youth Coalition; ADHRB; Bahrain Alyoum; LuaLua TV,Other-National,"On 8 February 2025, demonstrators, including February 14 Youth Coalition, held a protest in Karbabad (Capital) to commemorate the 14th February Bahraini uprising anniversary.",0,crowd size=no report,1739840085
BHR13406,2025-02-08,2025,1,Demonstrations,Protests,Peaceful protest,Protesters (Bahrain),February 14 Youth Coalition,Protesters,,,,Protesters only,,48,Middle East,Bahrain,Capital,,,Sanabis,26.2259,50.5452,1,14 February Revolution Youth Coalition; ADHRB; Bahrain Alyoum,Other-National,"On 8 February 2025, demonstrators, including February 14 Youth Coalition, held a protest in Sanabis (Capital) to commemorate the 14th February Bahraini uprising anniversary.",0,crowd size=no report,1739840085
BHR13407,2025-02-08,2025,1,Demonstrations,Riots,Violent demonstration,Rioters (Bahrain),February 14 Youth Coalition,Rioters,,,,Rioters only,,48,Middle East,Bahrain,Northern,,,Jannusan,26.2305,50.4947,1,14 February Revolution Youth Coalition; ADHRB; Instagram,Other-New media,"On 8 February 2025, demonstrators, including February 14 Youth Coalition, blocked a road with burning tires in Jannusan (Northern) as a part of a demonstration to commemorate the 14th February Bahraini uprising anniversary.",0,crowd size=no report,1739840085
BHR13408,2025-02-09,2025,1,Demonstrations,Riots,Violent demonstration,Rioters (Bahrain),February 14 Youth Coalition,Rioters,,,,Rioters only,,48,Middle East,Bahrain,Capital,,,Al Akr,26.1431,50.6103,1,14 February Revolution Youth Coalition,Other,"On 9 February 2025, demonstrators, including February 14 Youth Coalition, blocked a road with burning tires in Al Akr (Capital) as a part of a demonstration to commemorate the 14th February Bahraini uprising anniversary.",0,crowd size=no report,1739840085
BHR13409,2025-02-09,2025,1,Demonstrations,Riots,Violent demonstration,Rioters (Bahrain),February 14 Youth Coalition,Rioters,,,,Rioters only,,48,Middle East,Bahrain,Capital,,,Karbabad,26.2303,50.5294,1,14 February Revolution Youth Coalition,Other,"On 9 February 2025, demonstrators, including February 14 Youth Coalition, blocked a road with burning tires in Karbabad (Capital) as a part of a demonstration to commemorate the 14th February Bahraini uprising anniversary.",0,crowd size=no report,1739840085
BHR13410,2025-02-09,2025,1,Demonstrations,Riots,Violent demonstration,Rioters (Bahrain),,Rioters,,,,Rioters only,,48,Middle East,Bahrain,Northern,,,Al Markh,26.2103,50.4733,2,ADHRB; Revolution Bahrain,New media-National,"On 9 February 2025, demonstrators blocked the Al Budaia road with burning tires near Al Markh (Northern) as a part of a demonstration to commemorate the 14th February Bahraini uprising anniversary.",0,crowd size=no report,1739840085
BHR13411,2025-02-10,2025,1,Demonstrations,Riots,Violent demonstration,Rioters (Bahrain),February 14 Youth Coalition,Rioters,,,,Rioters only,,48,Middle East,Bahrain,Capital,,,Al Daih,26.225,50.5362,1,14 February Revolution Youth Coalition; Instagram,Other-New media,"On 10 February 2025, demonstrators, including February 14 Youth Coalition, blocked a road with burning tires in Al Daih (Capital) as a part of a demonstration to commemorate the 14th February Bahraini uprising anniversary.",0,crowd size=no report,1739840085
BHR13412,2025-02-10,2025,1,Demonstrations,Riots,Violent demonstration,Rioters (Bahrain),,Rioters,,,,Rioters only,,48,Middle East,Bahrain,Capital,,,Seef,26.2383,50.5386,1,ADHRB; Karbabad Media,New media-National,"On 10 February 2025, demonstrators set fire to wooden objects in front of Seef intersection (Capital) as a part of a demonstration to commemorate the 14th February Bahraini uprising anniversary.",0,crowd size=no report,1739840085
BHR13414,2025-02-13,2025,1,Demonstrations,Riots,Violent demonstration,Rioters (Bahrain),February 14 Youth Coalition,Rioters,,,,Rioters only,,48,Middle East,Bahrain,Capital,,,Al Daih,26.225,50.5362,1,14 February Revolution Youth Coalition,Other,"On 13 February 2025, demonstrators, including February 14 Youth Coalition, blocked a road with burning tires in Al Daih (Capital) as a part of a demonstration to commemorate the 14th February Bahraini uprising anniversary.",0,crowd size=no report,1739840085
BHR13415,2025-02-13,2025,1,Demonstrations,Riots,Violent demonstration,Rioters (Bahrain),February 14 Youth Coalition,Rioters,,,,Rioters only,,48,Middle East,Bahrain,Capital,,,Al Muqsha,26.2197,50.5231,1,14 February Revolution Youth Coalition,Other,"On 13 February 2025, demonstrators, including February 14 Youth Coalition, blocked a road with burning tires in Al Muqsha (Capital) as a part of a demonstration to commemorate the 14th February Bahraini uprising anniversary.",0,crowd size=no report,1739840085
BHR13416,2025-02-13,2025,1,Demonstrations,Riots,Violent demonstration,Rioters (Bahrain),February 14 Youth Coalition,Rioters,,,,Rioters only,,48,Middle East,Bahrain,Capital,,,Sitrah,26.1547,50.6206,1,14 February Revolution Youth Coalition,Other,"On 13 February 2025, demonstrators, including February 14 Youth Coalition, blocked a road by burning tires and throwing projectiles in Sitrah (Capital) as a part of a demonstration to commemorate the 14th February Bahraini uprising anniversary.",0,crowd size=no report,1739840085
BHR13417,2025-02-13,2025,1,Demonstrations,Riots,Violent demonstration,Rioters (Bahrain),February 14 Youth Coalition,Rioters,,,,Rioters only,,48,Middle East,Bahrain,Muharraq,,,Samahij,26.28,50.635,1,14 February Revolution Youth Coalition,Other,"On 13 February 2025, demonstrators, including February 14 Youth Coalition, blocked a road with burning tires in Samahij (Muharraq) as a part of a demonstration to commemorate the 14th February Bahraini uprising anniversary.",0,crowd size=no report,1739840085
BHR13422,2025-02-14,2025,1,Demonstrations,Riots,Violent demonstration,Rioters (Bahrain),February 14 Youth Coalition,Rioters,,,,Rioters only,,48,Middle East,Bahrain,Capital,,,Bilad al Qadim,26.2117,50.5619,1,14 February Revolution Youth Coalition,Other,"On 14 February 2025, demonstrators, including February 14 Youth Coalition, blocked a road with burning tires in Bilad al Qadim (Capital) as a part of a demonstration to commemorate the 14th February Bahraini uprising anniversary.",0,crowd size=no report,1739840085
BHR13425,2025-02-14,2025,1,Demonstrations,Protests,Peaceful protest,Protesters (Bahrain),February 14 Youth Coalition,Protesters,,,,Protesters only,,48,Middle East,Bahrain,Capital,,,Sanabis,26.2259,50.5452,1,14 February Revolution Youth Coalition,Other,"On 14 February 2025, demonstrators, including February 14 Youth Coalition, held a protest in Sanabis (Capital) to commemorate the 14th February Bahraini uprising anniversary.",0,crowd size=no report,1739840085
BHR13426,2025-02-14,2025,1,Demonstrations,Protests,Peaceful protest,Protesters (Bahrain),February 14 Youth Coalition,Protesters,,,,Protesters only,,48,Middle East,Bahrain,Capital,,,Sitrah,26.1547,50.6206,1,14 February Revolution Youth Coalition; Instagram,Other-New media,"On 14 February 2025, demonstrators, including February 14 Youth Coalition, held a protest march in Sitrah (Capital) to commemorate the 14th February Bahraini uprising anniversary.",0,crowd size=no report,1739840085
BHR13431,2025-02-14,2025,1,Demonstrations,Riots,Violent demonstration,Rioters (Bahrain),February 14 Youth Coalition,Rioters,,,,Rioters only,,48,Middle East,Bahrain,Northern,,,Al Hamalah,26.1433,50.4594,1,14 February Revolution Youth Coalition,Other,"On 14 February 2025, demonstrators, including February 14 Youth Coalition, blocked a road with burning tires in Al Hamalah (Northern) as a part of a demonstration to commemorate the 14th February Bahraini uprising anniversary.",0,crowd size=no report,1739840085
BHR13433,2025-02-14,2025,1,Demonstrations,Riots,Violent demonstration,Rioters (Bahrain),February 14 Youth Coalition,Rioters,,,,Rioters only,,48,Middle East,Bahrain,Northern,,,Jannusan,26.2305,50.4947,1,14 February Revolution Youth Coalition,Other,"On 14 February 2025, demonstrators, including February 14 Youth Coalition, blocked a road with burning tires in Jannusan (Northern) as a part of a demonstration to commemorate the 14th February Bahraini uprising anniversary.",0,crowd size=no report,1739840085
BHR13437,2025-02-14,2025,1,Demonstrations,Riots,Violent demonstration,Rioters (Bahrain),February 14 Youth Coalition,Rioters,,,,Rioters only,,48,Middle East,Bahrain,Northern,,,Salmabad,26.1831,50.5247,1,14 February Revolution Youth Coalition,Other,"On 14 February 2025, demonstrators, including February 14 Youth Coalition, blocked a road with burning tires in Salmabad (Northern) as a part of a demonstration to commemorate the 14th February Bahraini uprising anniversary.",0,crowd size=no report,1739840085
BHR13413,2025-02-10,2025,1,Demonstrations,Riots,Violent demonstration,Rioters (Bahrain),February 14 Youth Coalition,Rioters,,,,Rioters only,,48,Middle East,Bahrain,Northern,,,Abu Saybi,26.2175,50.5069,1,14 February Revolution Youth Coalition; ADHRB; Instagram; Twitter,Other-New media,"On 10 February 2025, demonstrators, including February 14 Youth Coalition, blocked Al-Budaiya Street with burning tires in Abu Saybi (Northern) as a part of a demonstration to commemorate the 14th February Bahraini uprising anniversary.",0,crowd size=no report,1740436922
BHR13429,2025-02-14,2025,1,Demonstrations,Riots,Violent demonstration,Rioters (Bahrain),February 14 Youth Coalition,Rioters,,,,Rioters only,,48,Middle East,Bahrain,Northern,,,Abu Saybi,26.2175,50.5069,1,14 February Revolution Youth Coalition; ADHRB; Instagram,Other-New media,"On 14 February 2025, demonstrators, including February 14 Youth Coalition, blocked a road with burning tires in Abu Saybi (Northern) as a part of a demonstration to commemorate the 14th February Bahraini uprising anniversary.",0,crowd size=no report,1740436922
BHR13418,2025-02-14,2025,1,Demonstrations,Riots,Violent demonstration,Rioters (Bahrain),February 14 Youth Coalition,Rioters,,,,Rioters only,,48,Middle East,Bahrain,Capital,,,Al Akr,26.1431,50.6103,1,14 February Revolution Youth Coalition; ADHRB; Instagram,Other-New media,"On 14 February 2025, demonstrators, including February 14 Youth Coalition, blocked a road with burning tires in Al Akr (Capital) as a part of a demonstration to commemorate the 14th February Bahraini uprising anniversary.",0,crowd size=no report,1740436922
BHR13419,2025-02-14,2025,1,Demonstrations,Riots,Violent demonstration,Rioters (Bahrain),February 14 Youth Coalition,Rioters,,,,Rioters only,,48,Middle East,Bahrain,Capital,,,Al Daih,26.225,50.5362,1,14 February Revolution Youth Coalition; ADHRB; Instagram,Other-New media,"On 14 February 2025, for the second consecutive day, demonstrators, including February 14 Youth Coalition, blocked a road with burning tires in Al Daih (Capital) as a part of a demonstration to commemorate the 14th February Bahraini uprising anniversary.",0,crowd size=no report,1740436922
BHR13420,2025-02-14,2025,1,Demonstrations,Riots,Violent demonstration,Rioters (Bahrain),February 14 Youth Coalition,Rioters,,,,Rioters only,,48,Middle East,Bahrain,Capital,,,Al Muqsha,26.2197,50.5231,1,14 February Revolution Youth Coalition; ADHRB; Instagram,Other-New media,"On 14 February 2025, demonstrators, including February 14 Youth Coalition, blocked a road with burning tires in Al Muqsha (Capital) as a part of a demonstration to commemorate the 14th February Bahraini uprising anniversary.",0,crowd size=no report,1740436922
BHR13421,2025-02-14,2025,1,Demonstrations,Protests,Peaceful protest,Protesters (Bahrain),February 14 Youth Coalition,Protesters,,,,Protesters only,,48,Middle East,Bahrain,Capital,,,Al Musalla,26.2122,50.5372,1,14 February Revolution Youth Coalition; ADHRB; Al Wefaq National Islamic Society; Bahrain Alyoum; Instagram; LuaLua TV,Other-New media,"On 14 February 2025, demonstrators, including February 14 Youth Coalition, held a protest in Al Musalla (Capital) to commemorate the 14th February Bahraini uprising anniversary.",0,crowd size=no report,1740436922
BHR13432,2025-02-14,2025,1,Demonstrations,Protests,Peaceful protest,Protesters (Bahrain),February 14 Youth Coalition,Protesters,,,,Protesters only,,48,Middle East,Bahrain,Northern,,,Barbar,26.2294,50.4806,1,14 February Revolution Youth Coalition; ADHRB; Al Wefaq National Islamic Society; Bahrain Alyoum; Instagram; LuaLua TV,Other-New media,"On 14 February 2025, demonstrators, including February 14 Youth Coalition, held a large protest in Barbar (Northern) in solidarity with the political prisoners and demanded their release, also to commemorate the 14th February Bahraini uprising anniversary.",0,crowd size=large,1740436922
BHR13434,2025-02-14,2025,1,Demonstrations,Protests,Peaceful protest,Protesters (Bahrain),February 14 Youth Coalition,Protesters,,,,Protesters only,,48,Middle East,Bahrain,Northern,,,Karranah,26.2292,50.5094,1,14 February Revolution Youth Coalition; ADHRB; Al Wefaq National Islamic Society; Bahrain Alyoum; Instagram; LuaLua TV,Other-New media,"On 14 February 2025, demonstrators, including February 14 Youth Coalition, held a protest in Karranah (Northern) raising banners and chanting slogans affirming the right of the Bahraini people to freedom, justice and democracy, and condemning Bahrain's normalization of ties with Israel.",0,crowd size=no report,1740436922
BHR13435,2025-02-14,2025,1,Demonstrations,Protests,Peaceful protest,Protesters (Bahrain),February 14 Youth Coalition,Protesters,,,,Protesters only,,48,Middle East,Bahrain,Northern,,,Karzakkan,26.1156,50.4819,1,14 February Revolution Youth Coalition; ADHRB; Al Wefaq National Islamic Society; Bahrain Alyoum; Instagram; LuaLua TV,Other-New media,"On 14 February 2025, demonstrators, including February 14 Youth Coalition, held a protest march in Karzakkan (Northern) to commemorate the 14th February Bahraini uprising anniversary.",0,crowd size=no report,1740436922
BHR13423,2025-02-14,2025,1,Demonstrations,Protests,Peaceful protest,Protesters (Bahrain),February 14 Youth Coalition,Protesters,,,,Protesters only,,48,Middle East,Bahrain,Capital,,,Manama,26.2279,50.5857,1,14 February Revolution Youth Coalition; ADHRB; Al Wefaq National Islamic Society; Bahrain Alyoum; Instagram; LuaLua TV,Other-New media,"On 14 February 2025, demonstrators, including February 14 Youth Coalition, held a protest in Manama (Capital) to show support to and in solidarity with Gaza, and to condemn Bahrain's normalization of ties with Israel.",0,crowd size=no report,1740436922
BHR13436,2025-02-14,2025,1,Demonstrations,Riots,Violent demonstration,Rioters (Bahrain),February 14 Youth Coalition,Rioters,,,,Rioters only,,48,Middle East,Bahrain,Northern,,,Maqabah,26.2108,50.4875,1,14 February Revolution Youth Coalition; ADHRB; Instagram,Other-New media,"On 14 February 2025, demonstrators, including February 14 Youth Coalition, blocked a road with burning tires in Maqabah (Northern) as a part of a demonstration to commemorate the 14th February Bahraini uprising anniversary.",0,crowd size=no report,1740436922
BHR13428,2025-02-14,2025,1,Demonstrations,Riots,Violent demonstration,Rioters (Bahrain),February 14 Youth Coalition,Rioters,,,,Rioters only,,48,Middle East,Bahrain,Muharraq,,,Samahij,26.28,50.635,1,14 February Revolution Youth Coalition; ADHRB; Al Wefaq National Islamic Society; Instagram; LuaLua TV,Other-New media,"On 14 February 2025, demonstrators, including February 14 Youth Coalition, blocked a road with burning tires in Samahij (Muharraq) as a part of a demonstration to commemorate the 14th February Bahraini uprising anniversary.",0,crowd size=no report,1740436922
BHR13424,2025-02-14,2025,1,Demonstrations,Riots,Violent demonstration,Rioters (Bahrain),February 14 Youth Coalition,Rioters,,,,Rioters only,,48,Middle East,Bahrain,Capital,,,Sanabis,26.2259,50.5452,1,14 February Revolution Youth Coalition; ADHRB; Instagram,Other-New media,"On 14 February 2025, demonstrators, including February 14 Youth Coalition, blocked a road with burning tires in Sanabis (Capital) as a part of a demonstration to commemorate the 14th February Bahraini uprising anniversary.",0,crowd size=no report,1740436922
BHR13427,2025-02-14,2025,1,Demonstrations,Riots,Violent demonstration,Rioters (Bahrain),February 14 Youth Coalition,Rioters,,,,Rioters only,,48,Middle East,Bahrain,Capital,,,Sitrah,26.1547,50.6206,1,14 February Revolution Youth Coalition; ADHRB; Instagram,Other-New media,"On 14 February 2025, demonstrators, including February 14 Youth Coalition, blocked a road with burning tires in Sitrah (Capital) as a part of a demonstration to commemorate the 14th February Bahraini uprising anniversary.",0,crowd size=no report,1740436922
BHR13438,2025-02-15,2025,1,Demonstrations,Riots,Violent demonstration,Rioters (Bahrain),February 14 Youth Coalition,Rioters,,,,Rioters only,,48,Middle East,Bahrain,Northern,,,Aali,26.1619,50.5164,1,14 February Revolution Youth Coalition; Instagram,Other-New media,"On 15 February 2025, demonstrators, including February 14 Youth Coalition, blocked a road with burning tires in Aali (Northern) as a part of a demonstration to commemorate the 14th February Bahraini uprising anniversary.",0,crowd size=no report,1740447537
BHR13439,2025-02-13,2025,1,Demonstrations,Riots,Violent demonstration,Rioters (Bahrain),February 14 Youth Coalition,Rioters,,,,Rioters only,,48,Middle East,Bahrain,Northern,,,Abu Saybi,26.2175,50.5069,1,14 February Revolution Youth Coalition; ADHRB; Instagram,Other-New media,"On 13 February 2025, demonstrators, including February 14 Youth Coalition, blocked Al-Budaiya Street with burning tires in Abu Saybi (Northern) as a part of a demonstration to commemorate the 14th February Bahraini uprising anniversary.",0,crowd size=no report,1740447537
BHR13440,2025-02-14,2025,1,Demonstrations,Protests,Peaceful protest,Protesters (Bahrain),February 14 Youth Coalition,Protesters,,,,Protesters only,,48,Middle East,Bahrain,Northern,,,Al Diraz,26.2181,50.4706,1,14 February Revolution Youth Coalition; ADHRB; Al Wefaq National Islamic Society; Instagram,Other-New media,"On 14 February 2025, demonstrators, including February 14 Youth Coalition, held a protest in Al Diraz (Northern) to commemorate the 14th February Bahraini uprising anniversary.",0,crowd size=no report,1740447537
BHR13441,2025-02-15,2025,1,Demonstrations,Protests,Peaceful protest,Protesters (Bahrain),February 14 Youth Coalition,Protesters,,,,Protesters only,,48,Middle East,Bahrain,Northern,,,Al Diraz,26.2181,50.4706,1,14 February Revolution Youth Coalition,Other,"On 15 February 2025, demonstrators, including February 14 Youth Coalition, held a protest Al Diraz (Northern) to commemorate the 14th February Bahraini uprising anniversary.",0,crowd size=no report,1740447537
BHR13442,2025-02-16,2025,1,Demonstrations,Riots,Violent demonstration,Rioters (Bahrain),,Rioters,,,,Rioters only,,48,Middle East,Bahrain,Northern,,,Al Diraz,26.2181,50.4706,1,Instagram,New media,"On 16 February 2025, demonstrators blocked a road with burning tires in Al Diraz (Northern) as a part of a demonstration to commemorate the 14th February Bahraini uprising anniversary.",0,crowd size=no report,1740447537
BHR13443,2025-02-14,2025,1,Demonstrations,Protests,Peaceful protest,Protesters (Bahrain),Al Wefaq National Islamic Society,Protesters,,,,Protesters only,,48,Middle East,Bahrain,Northern,,,Al Markh,26.2103,50.4733,1,ADHRB; Al Wefaq National Islamic Society,New media-National,"On 14 February 2025, demonstrators, including Al Wefaq National Islamic Society, held a protest in Al Markh (Northern) to commemorate the 14th February Bahraini uprising anniversary.",0,crowd size=no report,1740447537
BHR13444,2025-02-15,2025,1,Demonstrations,Riots,Violent demonstration,Rioters (Bahrain),February 14 Youth Coalition,Rioters,,,,Rioters only,,48,Middle East,Bahrain,Northern,,,Al Markh,26.2103,50.4733,1,14 February Revolution Youth Coalition; Instagram,Other-New media,"On 15 February 2025, demonstrators, including February 14 Youth Coalition, blocked a road with burning objects in Al Markh (Northern) as a part of a demonstration to commemorate the 14th February Bahraini uprising anniversary.",0,crowd size=no report,1740447537
BHR13445,2025-02-15,2025,1,Demonstrations,Riots,Violent demonstration,Rioters (Bahrain),February 14 Youth Coalition,Rioters,,,,Rioters only,,48,Middle East,Bahrain,Capital,,,Al Muqsha,26.2197,50.5231,1,14 February Revolution Youth Coalition; Instagram,Other-New media,"On 15 February 2025, demonstrators, including February 14 Youth Coalition, blocked a road with burning tires in Al Muqsha (Capital) as a part of a demonstration to commemorate the 14th February Bahraini uprising anniversary.",0,crowd size=no report,1740447537
BHR13446,2025-02-17,2025,1,Demonstrations,Protests,Peaceful protest,Protesters (Bahrain),,Protesters,,,,Protesters only,,48,Middle East,Bahrain,Capital,,,Al Musalla,26.2122,50.5372,1,Instagram,New media,"On 17 February 2025, demonstrators held a protest in Al Musalla (Capital) to commemorate the 14th February Bahraini uprising anniversary.",0,crowd size=no report,1740447537
BHR13447,2025-02-15,2025,1,Demonstrations,Riots,Violent demonstration,Rioters (Bahrain),February 14 Youth Coalition,Rioters,,,,Rioters only,,48,Middle East,Bahrain,Northern,,,Bu Quwa,26.2047,50.52,1,14 February Revolution Youth Coalition; Instagram,Other-New media,"On 15 February 2025, demonstrators, including February 14 Youth Coalition, blocked a road with burning tires in Bu Quwa (Northern) as a part of a demonstration to commemorate the 14th February Bahraini uprising anniversary.",0,crowd size=no report,1740447537
BHR13448,2025-02-15,2025,1,Demonstrations,Riots,Violent demonstration,Rioters (Bahrain),February 14 Youth Coalition,Rioters,,,,Rioters only,,48,Middle East,Bahrain,Southern,,,Dar Kulaib,26.0686,50.5039,1,14 February Revolution Youth Coalition; Instagram,Other-New media,"On 15 February 2025, demonstrators, including February 14 Youth Coalition, blocked a road with burning tires in Dar Kulaib (Southern) as a part of a demonstration to commemorate the 14th February Bahraini uprising anniversary.",0,crowd size=no report,1740447537
BHR13449,2025-02-14,2025,1,Demonstrations,Protests,Peaceful protest,Protesters (Bahrain),Al Wefaq National Islamic Society,Protesters,,,,Protesters only,,48,Middle East,Bahrain,Capital,,,Karbabad,26.2303,50.5294,1,ADHRB; Al Wefaq National Islamic Society,New media-National,"On 14 February 2025, demonstrators, including Al Wefaq National Islamic Society, held a protest in Karbabad (Capital) to commemorate the 14th February Bahraini uprising anniversary.",0,crowd size=no report,1740447537
BHR13450,2025-02-20,2025,1,Demonstrations,Protests,Peaceful protest,Protesters (Bahrain),Al Wafa Islamic Party; February 14 Youth Coalition,Protesters,,,,Protesters only,,48,Middle East,Bahrain,Capital,,,Karbabad,26.2303,50.5294,1,14 February Revolution Youth Coalition; Al Wafa,Other,"On 20 February 2025, demonstrators, including February 14 Youth Coalition, Al Wafa Islamic Party held a symbolic funeral in Karbabad (Capital) as a part of a protest to honor Hassan Nasrallah the general secretary of Lebanese Hezbollah. They also raised slogans in support of the Palestinian people and the 'resistance' against Israel, and expressed their rejection of Bahrain's normalization with Israel.",0,crowd size=no report,1740447537
BHR13451,2025-02-13,2025,1,Demonstrations,Protests,Peaceful protest,Protesters (Bahrain),Al Wefaq National Islamic Society; February 14 Youth Coalition,Protesters,,,,Protesters only,,48,Middle East,Bahrain,Capital,,,Mahazzah,26.169,50.626,1,14 February Revolution Youth Coalition; ADHRB; Al Wefaq National Islamic Society; Instagram,Other-New media,"On 13 February 2025, demonstrators, including February 14 Youth Coalition and Al Wefaq National Islamic Society, held a protest Mahazzah of Sitrah (Capital) to commemorate the 14th February Bahraini uprising anniversary.",0,crowd size=no report,1740447537
BHR13452,2025-02-21,2025,1,Demonstrations,Protests,Peaceful protest,Protesters (Bahrain),Al Wafa Islamic Party,Protesters,,,,Protesters only,,48,Middle East,Bahrain,Northern,,,Maqabah,26.2108,50.4875,1,Al Wafa,Other,"On 21 February 2025, demonstrators, including Al Wafa Islamic Party held a symbolic funeral in Maqabah (Northern) as a part of a protest to honor Hassan Nasrallah the general secretary of Lebanese Hezbollah. They also raised slogans in support of the Palestinian people and the 'resistance against Israel', and expressed their rejection of Bahrain's normalization with Israel.",0,crowd size=no report,1740447537
BHR13454,2025-02-17,2025,1,Demonstrations,Protests,Peaceful protest,Protesters (Bahrain),February 14 Youth Coalition,Protesters,,,,Protesters only,,48,Middle East,Bahrain,Southern,,,Nuwaidrat,26.1347,50.5975,1,14 February Revolution Youth Coalition; Instagram,Other-New media,"On 17 February 2025, demonstrators, including February 14 Youth Coalition, blocked a road with burning tires in Nuwaidrat (Southern) as a part of a demonstration to commemorate the 14th February Bahraini uprising anniversary.",0,crowd size=no report,1740447537
BHR13455,2025-02-15,2025,1,Demonstrations,Protests,Peaceful protest,Protesters (Bahrain),,Protesters,,,,Protesters only,,48,Middle East,Bahrain,Capital,,,Sanabis,26.2259,50.5452,1,ADHRB; Sanabis Revolution,New media-National,"On 15 February 2025, demonstrators held a protest in Sanabis (Capital) to commemorate the 14th February Bahraini uprising anniversary.",0,crowd size=no report,1740447537
BHR13456,2025-02-16,2025,1,Demonstrations,Protests,Peaceful protest,Protesters (Bahrain),February 14 Youth Coalition,Protesters,,,,Protesters only,,48,Middle East,Bahrain,Northern,,,Sar,26.1942,50.4819,1,14 February Revolution Youth Coalition; Instagram,Other-New media,"On 16 February 2025, demonstrators, including February 14 Youth Coalition, held a protest march in Sar (Northern) to commemorate the 14th February Bahraini uprising anniversary.",0,crowd size=no report,1740447537
BHR13457,2025-02-18,2025,1,Demonstrations,Protests,Peaceful protest,Protesters (Bahrain),,Protesters,,,,Protesters only,,48,Middle East,Bahrain,Capital,,,Sitrah,26.1547,50.6206,1,LuaLua TV,National,"On 18 February 2025, demonstrators held a protest march in Sitrah (Capital) to commemorate and honor the 'martyrs' of the 14th February Bahraini uprising anniversary.",0,crowd size=no report,1740447537
BHR13458,2025-02-15,2025,1,Demonstrations,Protests,Peaceful protest,Protesters (Bahrain),February 14 Youth Coalition,Protesters,,,,Protesters only,,48,Middle East,Bahrain,Capital,,,Southern Sehla,26.2019,50.5368,1,14 February Revolution Youth Coalition; ADHRB; Instagram,Other-New media,"On 15 February 2025, demonstrators, including February 14 Youth Coalition, held a protest march in Southern Sehla (Capital) to commemorate the 14th February Bahraini uprising anniversary.",0,crowd size=no report,1740447537
BHR13402,2025-02-06,2025,1,Demonstrations,Riots,Violent demonstration,Rioters (Bahrain),,Rioters,,,,Rioters only,,48,Middle East,Bahrain,Capital,,,Al Akr,26.1431,50.6103,1,ADHRB; Instagram,New media-National,"On 6 February 2025, demonstrators blocked a road with burning tires in Al Akr (Capital) as a part of a demonstration in support of 'martyrs' and to commemorate the 14 February 2011 Bahraini uprising anniversary.",0,crowd size=no report,1741039851
BHR13399,2025-02-06,2025,1,Demonstrations,Riots,Violent demonstration,Rioters (Bahrain),February 14 Youth Coalition,Rioters,,,,Rioters only,,48,Middle East,Bahrain,Northern,,,Al Qadam,26.2156,50.5192,1,14 February Revolution Youth Coalition; ADHRB; Karbabad Media,Other-New media,"On 6 February 2025, demonstrators, including February 14 Youth Coalition, blocked a road with burning tires in Al Qadam (Northern) as a part of a demonstration in support of 'martyrs' and to commemorate the 14 February 2011 Bahraini uprising anniversary.",0,crowd size=no report,1741039851
BHR13459,2025-02-23,2025,1,Demonstrations,Protests,Peaceful protest,Protesters (Bahrain),February 14 Youth Coalition,Protesters,,,,Protesters only,,48,Middle East,Bahrain,Northern,,,Karranah,26.2292,50.5094,1,14 February Revolution Youth Coalition; Instagram,Other-New media,"On 23 February 2025, demonstrators, including February 14 Youth Coalition, held a protest march in Karranah (Northern) as part of a symbolic funeral to honor Hassan Nasrallah the general secretary of Lebanese Hezbollah, to show support of the resistance against Israel, in solidarity with Palestinian people, and expressed their rejection of Bahrain's normalization with Israel.",0,crowd size=no report,1741125153
BHR13460,2025-02-23,2025,1,Demonstrations,Protests,Peaceful protest,Protesters (Bahrain),February 14 Youth Coalition,Protesters,,,,Protesters only,,48,Middle East,Bahrain,Northern,,,Buri,26.1514,50.4975,1,14 February Revolution Youth Coalition; Instagram,Other-New media,"On 23 February 2025, demonstrators, including February 14 Youth Coalition, held a protest march in Buri (Northern) as part of a symbolic funeral to honor Hassan Nasrallah the general secretary of Lebanese Hezbollah, to show support of the resistance against Israel, in solidarity with Palestinian people, and expressed their rejection of Bahrain's normalization with Israel.",0,crowd size=no report,1741125153
BHR13461,2025-02-23,2025,1,Demonstrations,Protests,Peaceful protest,Protesters (Bahrain),February 14 Youth Coalition,Protesters,,,,Protesters only,,48,Middle East,Bahrain,Muharraq,,,Al Dair,26.2842,50.6236,1,14 February Revolution Youth Coalition; Instagram,Other-New media,"On 23 February 2025, demonstrators, including February 14 Youth Coalition, held a protest march in Al Dair (Muharraq) as part of a symbolic funeral to honor Hassan Nasrallah the general secretary of Lebanese Hezbollah, to show support of the resistance against Israel, in solidarity with Palestinian people, and expressed their rejection of Bahrain's normalization with Israel.",0,crowd size=no report,1741125153
BHR13463,2025-02-21,2025,1,Demonstrations,Protests,Peaceful protest,Protesters (Bahrain),,Protesters,,,,Protesters only,,48,Middle East,Bahrain,Capital,,,Manama,26.2279,50.5857,1,Bahrain Alyoum,National,"On 21 February 2025, demonstrators held a protest march in Manama (Capital) as part of a symbolic funeral to honor Hassan Nasrallah the general secretary of Lebanese Hezbollah, to show support of the resistance against Israel.",0,crowd size=no report,1741125153
BHR13464,2025-02-22,2025,1,Demonstrations,Protests,Peaceful protest,Protesters (Bahrain),,Protesters,,,,Protesters only,,48,Middle East,Bahrain,Northern,,,Maqabah,26.2108,50.4875,1,AhlulBayt News Agency; LuaLua TV,National-Regional,"On 22 February 2025, demonstrators held a protest march in Maqabah (Northern) as a part of a symbolic funeral to honor Hassan Nasrallah the general secretary of Lebanese Hezbollah, to show support of the resistance against Israel",0,crowd size=no report,1741125153
BHR13465,2025-02-28,2025,1,Demonstrations,Riots,Violent demonstration,Rioters (Bahrain),February 14 Youth Coalition,Rioters,,,,Rioters only,,48,Middle East,Bahrain,Capital,,,Al Akr,26.1431,50.6103,1,14 February Revolution Youth Coalition,Other,"On 28 February 2025, demonstrators, including February 14 Youth Coalition, blocked a road with burning tires in Al Akr (Capital) as a part of a demonstration in solidarity with the political prisoners.",0,crowd size=no report,1741125153
BHR13466,2025-02-28,2025,1,Demonstrations,Riots,Violent demonstration,Rioters (Bahrain),February 14 Youth Coalition,Rioters,,,,Rioters only,,48,Middle East,Bahrain,Northern,,,Al Malikiyah,26.098,50.4866,1,14 February Revolution Youth Coalition,Other,"On 28 February 2025, demonstrators, including February 14 Youth Coalition, blocked a road with burning tires in Al Malikiyah (Northern) as a part of a demonstration in solidarity with the political prisoners.",0,crowd size=no report,1741125153
BHR13467,2025-02-28,2025,1,Demonstrations,Riots,Violent demonstration,Rioters (Bahrain),February 14 Youth Coalition,Rioters,,,,Rioters only,,48,Middle East,Bahrain,Northern,,,Barbar,26.2294,50.4806,1,14 February Revolution Youth Coalition,Other,"On 28 February 2025, demonstrators, including February 14 Youth Coalition, blocked a road with burning tires in Barbar (Northern) as a part of a demonstration against the deployment of the police forces and their interventions in symbolic funerals held for Hassan Nasrallah the general secretary of Lebanese Hezbollah in different areas across Bahrain.",0,crowd size=no report,1741125153
BHR13468,2025-02-27,2025,1,Demonstrations,Protests,Peaceful protest,Protesters (Bahrain),February 14 Youth Coalition,Protesters,,,,Protesters only,,48,Middle East,Bahrain,Northern,,,Bani Jamrah,26.2097,50.4597,1,14 February Revolution Youth Coalition,Other,"On 27 February 2025, demonstrators, including February 14 Youth Coalition, held a protest march in Bani Jamrah (Northern) as part of a symbolic funeral to honor Hassan Nasrallah the general secretary of Lebanese Hezbollah and to show support of the resistance against Israel.",0,crowd size=no report,1741125153
BHR13470,2025-02-26,2025,1,Demonstrations,Protests,Peaceful protest,Protesters (Bahrain),February 14 Youth Coalition,Protesters,,,,Protesters only,,48,Middle East,Bahrain,Northern,,,Al Diraz,26.2181,50.4706,1,14 February Revolution Youth Coalition; Bahrain Alyoum; LuaLua TV,Other-National,"On 26 February 2025, demonstrators, including February 14 Youth Coalition, held a protest march in Al Diraz (Northern) as part of a symbolic funeral to honor Hassan Nasrallah the general secretary of Lebanese Hezbollah, to show support of the resistance against Israel, and to express their rejection of Bahrain's normalization with Israel.",0,crowd size=no report,1741125153
BHR13471,2025-02-26,2025,1,Demonstrations,Riots,Violent demonstration,Rioters (Bahrain),February 14 Youth Coalition,Rioters,,,,Rioters only,,48,Middle East,Bahrain,Capital,,,Al Akr,26.1431,50.6103,1,14 February Revolution Youth Coalition,Other,"On 26 February 2025, demonstrators, including February 14 Youth Coalition, blocked a road with burning tires in Al Akr (Capital) as a part of a demonstration against the deployment of the police forces and their interventions in symbolic funerals held for Hassan Nasrallah the general secretary of Lebanese Hezbollah in different areas across Bahrain.",0,crowd size=no report,1741125153
BHR13474,2025-02-22,2025,1,Demonstrations,Protests,Peaceful protest,Protesters (Bahrain),February 14 Youth Coalition,Protesters,,,,Protesters only,,48,Middle East,Bahrain,Northern,,,Abu Saybi,26.2175,50.5069,1,14 February Revolution Youth Coalition; Instagram,Other-New media,"On 22 February 2025, demonstrators, including February 14 Youth Coalition, held a protest march in Abu Saybi (Northern) as a part of a symbolic funeral to honor Hassan Nasrallah the general secretary of Lebanese Hezbollah, to show support of the resistance against Israel, in solidarity with Palestinian people, and expressed their rejection of Bahrain's normalization with Israel.",0,crowd size=large,1741125153
BHR13475,2025-02-25,2025,1,Demonstrations,Riots,Violent demonstration,Rioters (Bahrain),February 14 Youth Coalition,Rioters,,,,Rioters only,,48,Middle East,Bahrain,Northern,,,Al Malikiyah,26.098,50.4866,1,14 February Revolution Youth Coalition,Other,"On 25 February 2025, demonstrators, including February 14 Youth Coalition, blocked a road with burning tires in Al Malikiyah (Northern) as a part of a demonstration against the deployment of the police forces and their interventions in symbolic funerals held for Hassan Nasrallah the general secretary of Lebanese Hezbollah in different areas across Bahrain.",0,crowd size=no report,1741125153
BHR13476,2025-02-25,2025,1,Demonstrations,Riots,Violent demonstration,Rioters (Bahrain),February 14 Youth Coalition,Rioters,,,,Rioters only,,48,Middle East,Bahrain,Southern,,,Nuwaidrat,26.1347,50.5975,1,14 February Revolution Youth Coalition,Other,"On 25 February 2025, demonstrators, including February 14 Youth Coalition, blocked a road with burning tires in Nuwaidrat (Southern) as a part of a demonstration against the deployment of the police forces and their interventions in symbolic funerals held for Hassan Nasrallah the general secretary of Lebanese Hezbollah in different areas across Bahrain.",0,crowd size=no report,1741125153
BHR13477,2025-02-24,2025,1,Demonstrations,Protests,Peaceful protest,Protesters (Bahrain),February 14 Youth Coalition,Protesters,,,,Protesters only,,48,Middle East,Bahrain,Capital,,,Tubli,26.1869,50.5494,1,14 February Revolution Youth Coalition,Other,"On 24 February 2025, demonstrators, including February 14 Youth Coalition, held a protest march in Tubli (Capital) as part of a symbolic funeral to honor Hassan Nasrallah the general secretary of Lebanese Hezbollah and to show support of the resistance against Israel.",0,crowd size=no report,1741125153
BHR13478,2025-02-23,2025,1,Demonstrations,Protests,Protest with intervention,Protesters (Bahrain),,Protesters,Police Forces of Bahrain (1999-),,State forces,State forces-Protesters,,48,Middle East,Bahrain,Northern,,,Al Diraz,26.2181,50.4706,1,Bahrain Alyoum,National,"On 23 February 2025, demonstrators held a protest march in Al Diraz (Northern) as part of a symbolic funeral to honor Hassan Nasrallah the general secretary of Lebanese Hezbollah and to show support of the resistance against Israel. Police forces intervened and stopped the protest and arrested some of the protesters.",0,crowd size=no report,1753969827
BHR13479,2025-02-24,2025,1,Demonstrations,Riots,Violent demonstration,Rioters (Bahrain),February 14 Youth Coalition,Rioters,,,,Rioters only,,48,Middle East,Bahrain,Northern,,,Shahrakkan,26.0753,50.5014,1,14 February Revolution Youth Coalition,Other,"On 24 February 2025, demonstrators, including February 14 Youth Coalition, blocked a road with burning tires in Shahrakkan (Northern) as a part of a demonstration against the deployment of the police forces and their interventions in symbolic funerals held for Hassan Nasrallah the general secretary of Lebanese Hezbollah in different areas across Bahrain.",0,crowd size=no report,1741125153
BHR13482,2025-02-23,2025,1,Demonstrations,Protests,Peaceful protest,Protesters (Bahrain),February 14 Youth Coalition,Protesters,,,,Protesters only,,48,Middle East,Bahrain,Capital,,,Jidd Hafs,26.2167,50.5333,1,14 February Revolution Youth Coalition,Other,"On 23 February 2025, demonstrators, including February 14 Youth Coalition, held a protest march in Jidd Hafs (Capital) as part of a symbolic funeral to honor Hassan Nasrallah the general secretary of Lebanese Hezbollah, to show support of the resistance against Israel, in solidarity with Palestinian people, and expressed their rejection of Bahrain's normalization with Israel. Police forces were deployed but did not intervene directly.",0,crowd size=no report,1741125153
BHR13483,2025-02-23,2025,1,Demonstrations,Protests,Peaceful protest,Protesters (Bahrain),February 14 Youth Coalition,Protesters,,,,Protesters only,,48,Middle East,Bahrain,Capital,,,Al Akr,26.1431,50.6103,1,14 February Revolution Youth Coalition,Other,"On 23 February 2025, demonstrators, including February 14 Youth Coalition, held a protest march in Al Akr (Capital) as part of a symbolic funeral to honor Hassan Nasrallah the general secretary of Lebanese Hezbollah, to show support of the resistance against Israel, in solidarity with Palestinian people, and expressed their rejection of Bahrain's normalization with Israel. police forces were deployed but did not intervene.",0,crowd size=no report,1741125153
BHR13484,2025-02-23,2025,1,Demonstrations,Protests,Peaceful protest,Protesters (Bahrain),February 14 Youth Coalition,Protesters,,,,Protesters only,,48,Middle East,Bahrain,Muharraq,,,Samahij,26.28,50.635,1,14 February Revolution Youth Coalition,Other,"On 23 February 2025, demonstrators, including February 14 Youth Coalition, held a protest march in Samahij (Muharraq) as part of a symbolic funeral to honor Hassan Nasrallah the general secretary of Lebanese Hezbollah, to show support of the resistance against Israel, in solidarity with Palestinian people, and expressed their rejection of Bahrain's normalization with Israel. Police forces were deployed but did not intervene in the protest.",0,crowd size=no report,1741125153
BHR13485,2025-02-23,2025,1,Demonstrations,Protests,Peaceful protest,Protesters (Bahrain),Al Wafa Islamic Party; February 14 Youth Coalition,Protesters,,,,Protesters only,,48,Middle East,Bahrain,Northern,,,Bu Quwa,26.2047,50.52,1,14 February Revolution Youth Coalition; Al Wafa,Other,"On 23 February 2025, demonstrators, including February 14 Youth Coalition and Al Wafa Islamic Party, held a protest march in Bu Quwa (Northern) as part of a symbolic funeral to honor Hassan Nasrallah the general secretary of Lebanese Hezbollah, to show support of the resistance against Israel, in solidarity with Palestinian people, and expressed their rejection of Bahrain's normalization with Israel.",0,crowd size=no report,1741125153
BHR13486,2025-02-23,2025,1,Demonstrations,Protests,Protest with intervention,Protesters (Bahrain),Al Wafa Islamic Party; February 14 Youth Coalition,Protesters,Police Forces of Bahrain (1999-),,State forces,State forces-Protesters,,48,Middle East,Bahrain,Capital,,,Nabih Saleh,26.183,50.585,1,14 February Revolution Youth Coalition; Al Wafa; Bahrain Alyoum,Other-National,"On 23 February 2025, demonstrators, including February 14 Youth Coalition and Al Wafa Islamic Party, held a protest march in Nabih Saleh (Capital) as part of a symbolic funeral to honor Hassan Nasrallah the general secretary of Lebanese Hezbollah, to show support of the resistance against Israel, in solidarity with Palestinian people, and expressed their rejection of Bahrain's normalization with Israel. police forces intervened and spread the protesters by force.",0,crowd size=no report,1753969827
BHR13487,2025-02-23,2025,1,Demonstrations,Protests,Peaceful protest,Protesters (Bahrain),Al Wafa Islamic Party; February 14 Youth Coalition,Protesters,,,,Protesters only,,48,Middle East,Bahrain,Northern,,,Sar,26.1942,50.4819,1,14 February Revolution Youth Coalition; Al Wafa; Bahrain Alyoum,Other-National,"On 23 February 2025, demonstrators, including February 14 Youth Coalition and Al Wafa Islamic Party, held a protest march in Sar (Northern) as part of a symbolic funeral to honor Hassan Nasrallah the general secretary of Lebanese Hezbollah, to show support of the resistance against Israel, in solidarity with Palestinian people, and expressed their rejection of Bahrain's normalization with Israel.",0,crowd size=no report,1741125153
BHR13488,2025-02-23,2025,1,Demonstrations,Protests,Peaceful protest,Protesters (Bahrain),February 14 Youth Coalition,Protesters,,,,Protesters only,,48,Middle East,Bahrain,Northern,,,Karzakkan,26.1156,50.4819,1,14 February Revolution Youth Coalition; Al Wafa; Bahrain Alyoum,Other-National,"On 23 February 2025, demonstrators, including February 14 Youth Coalition, held a protest march in Karzakkan (Northern) as part of a symbolic funeral to honor Hassan Nasrallah the general secretary of Lebanese Hezbollah, to show support of the resistance against Israel, in solidarity with Palestinian people, and expressed their rejection of Bahrain's normalization with Israel.",0,crowd size=no report,1741125153
BHR13489,2025-02-23,2025,1,Demonstrations,Protests,Peaceful protest,Protesters (Bahrain),February 14 Youth Coalition,Protesters,,,,Protesters only,,48,Middle East,Bahrain,Northern,,,Aali,26.1619,50.5164,1,14 February Revolution Youth Coalition; Al Wafa; Instagram,Other-New media,"On 23 February 2025, demonstrators, including February 14 Youth Coalition, held a protest march in Aali (Northern) as part of a symbolic funeral to honor Hassan Nasrallah the general secretary of Lebanese Hezbollah, to show support of the resistance against Israel, in solidarity with Palestinian people, and expressed their rejection of Bahrain's normalization with Israel.",0,crowd size=no report,1741125153
BHR13490,2025-02-23,2025,1,Demonstrations,Protests,Peaceful protest,Protesters (Bahrain),February 14 Youth Coalition,Protesters,,,,Protesters only,,48,Middle East,Bahrain,Northern,,,Jannusan,26.2305,50.4947,1,14 February Revolution Youth Coalition,Other,"On 23 February 2025, demonstrators, including February 14 Youth Coalition, held a protest march in Jannusan (Northern) as part of a symbolic funeral to honor Hassan Nasrallah the general secretary of Lebanese Hezbollah, to show support of the resistance against Israel, in solidarity with Palestinian people, and expressed their rejection of Bahrain's normalization with Israel.",0,crowd size=no report,1741125153
BHR13491,2025-02-23,2025,1,Demonstrations,Protests,Peaceful protest,Protesters (Bahrain),February 14 Youth Coalition,Protesters,,,,Protesters only,,48,Middle East,Bahrain,Capital,,,Al Muqsha,26.2197,50.5231,1,14 February Revolution Youth Coalition; Al Wafa; Instagram,Other-New media,"On 23 February 2025, demonstrators, including February 14 Youth Coalition, held a protest march in Al Muqsha (Capital) as part of a symbolic funeral to honor Hassan Nasrallah the general secretary of Lebanese Hezbollah, to show support of the resistance against Israel, in solidarity with Palestinian people, and expressed their rejection of Bahrain's normalization with Israel.",0,crowd size=no report,1741125153
BHR13492,2025-02-23,2025,1,Demonstrations,Protests,Peaceful protest,Protesters (Bahrain),Al Wafa Islamic Party; February 14 Youth Coalition,Protesters,,,,Protesters only,,48,Middle East,Bahrain,Northern,,,Barbar,26.2294,50.4806,1,14 February Revolution Youth Coalition; Al Wafa; Instagram,Other-New media,"On 23 February 2025, demonstrators, including February 14 Youth Coalition and Al Wafa Islamic Party, held a protest march in Barbar (Northern) as part of a symbolic funeral to honor Hassan Nasrallah the general secretary of Lebanese Hezbollah, to show support of the resistance against Israel, in solidarity with Palestinian people, and expressed their rejection of Bahrain's normalization with Israel.",0,crowd size=no report,1741125153
BHR13342,2024-12-30,2024,1,Demonstrations,Protests,Peaceful protest,Protesters (Bahrain),Prisoners (Bahrain),Protesters,,,,Protesters only,,48,Middle East,Bahrain,Southern,,,Jaw Prison,25.9916,50.6165,1,ADHRB; Bahrain Alyoum; LuaLua TV,National,"On 30 December 2024, prisoners in Building 3 held a protest and hunger strike in Jaw Prison (Southern) against the harsh conditions and arbitrary treatment they are subjected to by the prison administration. On 23 February 2025, the protesters ended the protest and hunger strike after the agreement with the prison administration on permission for congregational noon and afternoon prayers starting from 24 February, as well as approval for a religious event on 29 February in preparation for Ramadan, and improve living conditions, including allowing two detainees to distribute food and services.",0,crowd size=no report,1741647033
BHR13481,2025-02-24,2025,1,Demonstrations,Protests,Peaceful protest,Protesters (Bahrain),February 14 Youth Coalition,Protesters,,,,Protesters only,,48,Middle East,Bahrain,Capital,,,Bilad al Qadim,26.2117,50.5619,1,14 February Revolution Youth Coalition; ADHRB; Al Wefaq National Islamic Society; Bahrain Alyoum,Other-New media,"On 24 February 2025, demonstrators held a protest march in Bilad al Qadim (Capital) as part of a symbolic funeral to honor Hassan Nasrallah the general secretary of Lebanese Hezbollah and to show support of the resistance against Israel.",0,crowd size=no report,1741647033
BHR13480,2025-02-24,2025,1,Demonstrations,Protests,Peaceful protest,Protesters (Bahrain),Al Wafa Islamic Party; February 14 Youth Coalition,Protesters,,,,Protesters only,,48,Middle East,Bahrain,Northern,,,Al Diraz,26.2181,50.4706,1,14 February Revolution Youth Coalition; ADHRB; Al Wafa; Al Wefaq National Islamic Society,Other-New media,"On 24 February 2025, demonstrators, including February 14 Youth Coalition and Al Wafa Islamic Party, held a protest march in Al Diraz (Northern) as part of a symbolic funeral to honor Hassan Nasrallah the general secretary of Lebanese Hezbollah and to show support of the resistance against Israel.",0,crowd size=no report,1741647033
BHR13469,2025-02-26,2025,1,Demonstrations,Protests,Peaceful protest,Protesters (Bahrain),February 14 Youth Coalition,Protesters,,,,Protesters only,,48,Middle East,Bahrain,Muharraq,,,Samahij,26.28,50.635,1,14 February Revolution Youth Coalition; ADHRB; Al Wefaq National Islamic Society,Other-New media,"On 26 February 2025, demonstrators, including February 14 Youth Coalition, held a protest march in Samahij (Muharraq) as part of a symbolic funeral to honor Hassan Nasrallah the general secretary of Lebanese Hezbollah, to show support of the resistance against Israel, and to express their rejection of Bahrain's normalization with Israel. Police forces were deployed but did not intervene directly.",0,crowd size=no report,1741647033
BHR13472,2025-02-25,2025,1,Demonstrations,Protests,Peaceful protest,Protesters (Bahrain),February 14 Youth Coalition,Protesters,,,,Protesters only,,48,Middle East,Bahrain,Northern,,,Bu Quwa,26.2047,50.52,1,14 February Revolution Youth Coalition; ADHRB; Al Wefaq National Islamic Society; Bahrain Alyoum; Instagram; LuaLua TV,Other-New media,"On 25 February 2025, demonstrators, including February 14 Youth Coalition, held a protest march in Bu Quwa (Northern) as part of a symbolic funeral to honor Hassan Nasrallah the general secretary of Lebanese Hezbollah, to show support of the resistance against Israel, and to express their rejection of Bahrain's normalization with Israel.",0,crowd size=no report,1741647033
BHR13396,2025-02-07,2025,1,Demonstrations,Protests,Peaceful protest,Protesters (Bahrain),,Protesters,,,,Protesters only,,48,Middle East,Bahrain,Capital,,,Manama,26.2279,50.5857,3,LuaLua TV,National,"On 7 February 2025, demonstrators held a protest march in an unspecified location in Bahrain (coded to Manama City) (Capital) to show support to and in solidarity with Gaza, and to condemn Bahrain's normalization of ties with Israel.",0,crowd size=no report,1741647033
BHR13394,2025-01-31,2025,1,Demonstrations,Protests,Peaceful protest,Protesters (Bahrain),,Protesters,,,,Protesters only,,48,Middle East,Bahrain,Northern,,,Karranah,26.2292,50.5094,1,ADHRB; Al Wefaq National Islamic Society,New media-National,"On 31 January 2025, demonstrators held a protest in Karranah (Northern) celebrating the ceasefire in Gaza and Lebanon, and condemning Bahrain's normalization with Israel.",0,crowd size=no report,1741647033
BHR13395,2025-01-31,2025,1,Demonstrations,Protests,Peaceful protest,Protesters (Bahrain),,Protesters,,,,Protesters only,,48,Middle East,Bahrain,Capital,,,Al Muqsha,26.2197,50.5231,1,ADHRB; Sada al Bahrain,National,"On 31 January 2025, demonstrators held a protest in Al Muqsha (Capital) celebrating the ceasefire in Gaza and Lebanon, and condemning Bahrain's normalization with Israel.",0,crowd size=no report,1741647033
BHR13390,2025-01-31,2025,1,Demonstrations,Protests,Peaceful protest,Protesters (Bahrain),February 14 Youth Coalition,Protesters,,,,Protesters only,,48,Middle East,Bahrain,Capital,,,Manama,26.2279,50.5857,3,14 February Revolution Youth Coalition; LuaLua TV,Other-National,"On 31 January 2025, demonstrators, including February 14 Youth Coalition, held a protest in an unspecified location in Bahrain (coded to Manama city) (Capital) celebrating the ceasefire treaties in Gaza and Lebanon, condemn the Bahraini authorities on Friday prayer prevention in Diraz, and also to denounce the normalization of ties with Israel.",0,crowd size=no report,1741647033
BHR13371,2025-01-18,2025,1,Demonstrations,Protests,Peaceful protest,Protesters (Bahrain),Bahraini Society Against Normalisation with Zionist Enemy,Protesters,,,,Protesters only,,48,Middle East,Bahrain,Capital,,,Manama - Adliya,26.216,50.5846,1,ADHRB; Al Wefaq National Islamic Society; Bahraini Society Against Normalisation with Zionist Enemy; LuaLua TV,Other-New media,"On 18 January 2025, the Bahraini Society Against Normalization with Zionist Enemy held a protest stand in the '7th October' square in Manama - Adliya (Capital) in solidarity with the Palestinian people and to denounce the normalization of ties with Israel.",0,crowd size=no report,1741647033
BHR13283,2025-01-10,2025,1,Demonstrations,Protests,Peaceful protest,Protesters (Bahrain),Bahraini Society Against Normalisation with Zionist Enemy,Protesters,,,,Protesters only,,48,Middle East,Bahrain,Capital,,,Manama - Adliya,26.216,50.5846,1,ADHRB; Al Wefaq National Islamic Society; Bahraini Society Against Normalisation with Zionist Enemy,Other-New media,"On 10 January 2025, the Bahraini Society Against Normalization with Zionist Enemy held a protest stand in the '7th October' square in Manama - Adliya (Capital) in solidarity with the Palestinian people and to denounce the normalization of ties with Israel.",0,crowd size=no report,1741647033
BHR13341,2025-01-03,2025,1,Demonstrations,Protests,Peaceful protest,Protesters (Bahrain),Bahraini Society Against Normalisation with Zionist Enemy,Protesters,,,,Protesters only,,48,Middle East,Bahrain,Capital,,,Manama - Adliya,26.216,50.5846,1,ADHRB; Bahraini Society Against Normalisation with Zionist Enemy,Other-National,"On 3 January 2025, the Bahraini Society Against Normalization with Zionist Enemy held a protest stand in the '7th October' square in Manama - Adliya (Capital) in solidarity with the Palestinian people and to denounce the normalization of ties with Israel.",0,crowd size=no report,1741647033
BHR13333,2024-12-27,2024,1,Demonstrations,Protests,Peaceful protest,Protesters (Bahrain),Bahraini Society Against Normalisation with Zionist Enemy,Protesters,,,,Protesters only,,48,Middle East,Bahrain,Capital,,,Manama - Adliya,26.216,50.5846,1,ADHRB; Bahraini Society Against Normalisation with Zionist Enemy; Twitter,Other-New media,"On 27 December 2024, the Bahraini Society Against Normalization with Zionist Enemy held a protest stand in front of its headquarters in Manama - Adliya (Capital) in solidarity with the Palestinian people and to denounce the normalization of ties with Israel.",0,crowd size=no report,1741647033
BHR13248,2024-12-13,2024,1,Demonstrations,Protests,Peaceful protest,Protesters (Bahrain),February 14 Youth Coalition,Protesters,,,,Protesters only,,48,Middle East,Bahrain,Capital,,,Al Muqsha,26.2197,50.5231,1,14 February Revolution Youth Coalition; ADHRB; Al Wefaq National Islamic Society,Other-New media,"On 13 December 2024, demonstrators, including February 14 Youth Coalition, held a protest in Al Muqsha (Capital) denouncing the death of an inmate in Jaw Prison on 5 December and the prevention of Friday prayers in Imam Sadiq Mosque in Al Diraz town",0,crowd size=no report,1741647033
BHR13312,2024-12-18,2024,1,Demonstrations,Protests,Peaceful protest,Protesters (Bahrain),Shiite Muslim Group (Bahrain),Protesters,,,,Protesters only,,48,Middle East,Bahrain,Capital,,,Sanabis,26.2259,50.5452,1,AhlulBayt News Agency,Regional,"On 18 December 2024, demonstrators held a protest march in Sanabis (Capital) to commemorate Martyrs Day, and demand the release of political prisoners, in particular Shiite cleric Sheikh Ali Salman who was arrested on 28 December 2014 and sentenced to life in prison in 2018.",0,crowd size=no report,1741647033
BHR13198,2024-11-22,2024,1,Demonstrations,Protests,Peaceful protest,Protesters (Bahrain),Bahraini Society Against Normalisation with Zionist Enemy,Protesters,,,,Protesters only,,48,Middle East,Bahrain,Capital,,,Manama - Adliya,26.216,50.5846,1,ADHRB; Bahraini Society Against Normalisation with Zionist Enemy,Other-National,"On 22 November 2024, the Bahraini Society Against Normalization with Zionist Enemy held a protest stand in the '7th October' square in Manama - Adliya (Capital) in solidarity with the Palestinian people and to denounce the normalization of ties with Israel.",0,crowd size=no report,1741647033
BHR13196,2024-11-21,2024,1,Demonstrations,Riots,Violent demonstration,Rioters (Bahrain),February 14 Youth Coalition,Rioters,,,,Rioters only,,48,Middle East,Bahrain,Capital,,,Al Daih,26.225,50.5362,1,14 February Revolution Youth Coalition,Other,"On 21 November 2024, demonstrators, including February 14 Youth Coalition, blocked a road with burning tires in Al Daih (Capital) in solidarity with the Palestinian and Lebanese people and in rejection of the normalization of diplomatic ties with Israel.",0,crowd size=no report,1741647033
BHR13197,2024-11-16,2024,1,Demonstrations,Protests,Peaceful protest,Protesters (Bahrain),Bahraini Society Against Normalisation with Zionist Enemy,Protesters,,,,Protesters only,,48,Middle East,Bahrain,Capital,,,Manama - Adliya,26.216,50.5846,1,LuaLua TV,National,"On 16 November 2024, the Bahraini Society Against Normalization with Zionist Enemy held a protest stand in front of its headquarters in Manama - Adliya (Capital) in solidarity with the Palestinian people and to denounce the normalization of ties with Israel.",0,crowd size=no report,1741647033
BHR13199,2024-11-16,2024,1,Demonstrations,Riots,Violent demonstration,Rioters (Bahrain),February 14 Youth Coalition,Rioters,,,,Rioters only,,48,Middle East,Bahrain,Capital,,,Sitrah,26.1547,50.6206,1,14 February Revolution Youth Coalition,Other,"On 16 November 2024, 2024, demonstrators, including February 14 Youth Coalition, blocked a road with burning tires in Sitrah (Capital) as part of a demonstration in solidarity with the Palestine and Lebanese people and to denounce the normalization of diplomatic ties with Israel.",0,crowd size=no report,1741647033
BHR13192,2024-11-15,2024,1,Demonstrations,Riots,Violent demonstration,Rioters (Bahrain),February 14 Youth Coalition,Rioters,,,,Rioters only,,48,Middle East,Bahrain,Northern,,,Abu Saybi,26.2175,50.5069,1,14 February Revolution Youth Coalition,Other,"On 15 November 2024, demonstrators, including February 14 Youth Coalition, set fires by burning tires in Abu Saybi (Northern) as part of a demonstration to denounce the normalization of ties with Israel and to demand the release of all political detainees. They also denounced the Bahraini authorities preventing Friday prayers.",0,crowd size=no report,1741647033
BHR13189,2024-11-15,2024,1,Demonstrations,Protests,Peaceful protest,Protesters (Bahrain),February 14 Youth Coalition,Protesters,,,,Protesters only,,48,Middle East,Bahrain,Capital,,,Karbabad,26.2303,50.5294,1,14 February Revolution Youth Coalition; Bahrain Alyoum,Other-National,"On 15 November 2024, demonstrators, including February 14 Youth Coalition, held a large protest in Karbabad (Capital) in solidarity with the political detainees and wit the Lebanese and Palestinian people, and to denounce the normalization of ties with Israel and to demand the release of all political detainees. They also denounced the Bahraini authorities preventing Friday prayers.",0,crowd size=large,1741647033
BHR13194,2024-11-15,2024,1,Demonstrations,Protests,Peaceful protest,Protesters (Bahrain),Bahraini Society Against Normalisation with Zionist Enemy,Protesters,,,,Protesters only,,48,Middle East,Bahrain,Capital,,,Manama - Adliya,26.216,50.5846,1,Bahraini Society Against Normalisation with Zionist Enemy,Other,"On 15 November 2024, the Bahraini Society Against Normalization with Zionist Enemy held a protest stand in the '7th October' square in Manama - Adliya (Capital) in solidarity with the Palestinian people and to denounce the normalization of ties with Israel.",0,crowd size=no report,1741647033
BHR13186,2024-11-15,2024,1,Demonstrations,Protests,Peaceful protest,Protesters (Bahrain),February 14 Youth Coalition,Protesters,,,,Protesters only,,48,Middle East,Bahrain,Capital,,,Sanabis,26.2259,50.5452,1,14 February Revolution Youth Coalition,Other,"On 15 November 2024, demonstrators, including February 14 Youth Coalition, held a protest in Sanabis (Capital) in solidarity with the political detainees, Lebanese and Palestinian people and to denounce the normalization of ties with Israel and to demand the release of all political detainees.",0,crowd size=no report,1741647033
BHR13190,2024-11-15,2024,1,Demonstrations,Protests,Peaceful protest,Protesters (Bahrain),February 14 Youth Coalition,Protesters,,,,Protesters only,,48,Middle East,Bahrain,Muharraq,,,Samahij,26.28,50.635,1,14 February Revolution Youth Coalition; Bahrain Alyoum,Other-National,"On 15 November 2024, demonstrators, including February 14 Youth Coalition, held a protest in Samahij (Muharraq) in solidarity with the political detainees sentenced to death and with the Lebanese and Palestinian people, and to denounce the normalization of ties with Israel and to demand the release of all political detainees.",0,crowd size=no report,1741647033
BHR13187,2024-11-15,2024,1,Demonstrations,Protests,Peaceful protest,Protesters (Bahrain),February 14 Youth Coalition,Protesters,,,,Protesters only,,48,Middle East,Bahrain,Northern,,,Maqabah,26.2108,50.4875,1,14 February Revolution Youth Coalition,Other,"On 15 November 2024, demonstrators, including February 14 Youth Coalition, held a protest in Maqabah (Northern) in solidarity with the political detainees and with the Lebanese and Palestinian people, and to denounce the normalization of ties with Israel and to demand the release of all political detainees.",0,crowd size=no report,1741647033
BHR13188,2024-11-15,2024,1,Demonstrations,Protests,Peaceful protest,Protesters (Bahrain),February 14 Youth Coalition,Protesters,,,,Protesters only,,48,Middle East,Bahrain,Northern,,,Bani Jamrah,26.2097,50.4597,1,14 February Revolution Youth Coalition,Other,"On 15 November 2024, demonstrators, including February 14 Youth Coalition, held a protest in Bani Jamrah (Northern) in solidarity with the political detainees and with the Lebanese and Palestinian people, and to denounce the normalization of ties with Israel and to demand the release of all political detainees.",0,crowd size=no report,1741647033
BHR13184,2024-11-14,2024,1,Demonstrations,Protests,Peaceful protest,Protesters (Bahrain),February 14 Youth Coalition,Protesters,,,,Protesters only,,48,Middle East,Bahrain,Capital,,,Sanabis,26.2259,50.5452,1,14 February Revolution Youth Coalition,Other,"On 14 November 2024, demonstrators, including February 14 Youth Coalition, held a protest stand in Sanabis (Capital) in solidarity with the political detainees and with the Lebanese and Palestinian people, and to denounce the normalization of ties with Israel.",0,crowd size=no report,1741647033
BHR13185,2024-11-14,2024,1,Demonstrations,Protests,Peaceful protest,Protesters (Bahrain),February 14 Youth Coalition,Protesters,,,,Protesters only,,48,Middle East,Bahrain,Northern,,,Bani Jamrah,26.2097,50.4597,1,14 February Revolution Youth Coalition,Other,"On 14 November 2024, demonstrators, including February 14 Youth Coalition, held a protest march in Bani Jamrah (Northern) in solidarity with the Lebanese and Palestinian people and to denounce the normalization of ties with Israel.",0,crowd size=no report,1741647033
BHR13183,2024-11-11,2024,1,Demonstrations,Protests,Peaceful protest,Protesters (Bahrain),February 14 Youth Coalition,Protesters,,,,Protesters only,,48,Middle East,Bahrain,Northern,,,Ash Shakhurah,26.2147,50.5069,1,14 February Revolution Youth Coalition,Other,"On 11 November 2024, demonstrators, including February 14 Youth Coalition, held a protest in Ash Shakhurah (Northern) in solidarity with political detainees and to denounce the normalization of ties with Israel.",0,crowd size=no report,1741647033
BHR13182,2024-11-11,2024,1,Demonstrations,Protests,Peaceful protest,Protesters (Bahrain),February 14 Youth Coalition,Protesters,,,,Protesters only,,48,Middle East,Bahrain,Northern,,,Abu Saybi,26.2175,50.5069,1,14 February Revolution Youth Coalition,Other,"On 11 November 2024, demonstrators, including February 14 Youth Coalition, held a protest in Abu Saybi (Northern) in solidarity with political detainees and to denounce the normalization of ties with Israel.",0,crowd size=no report,1741647033
BHR13180,2024-11-10,2024,1,Demonstrations,Protests,Peaceful protest,Protesters (Bahrain),Bahraini Society Against Normalisation with Zionist Enemy; February 14 Youth Coalition,Protesters,,,,Protesters only,,48,Middle East,Bahrain,Capital,,,Manama - Adliya,26.216,50.5846,1,14 February Revolution Youth Coalition,Other,"On 10 November 2024, the Bahraini Society Against Normalization with Zionist Enemy and February 14 Youth Coalition held a protest in front of its headquarters in Manama - Adliya (Capital) in solidarity with the Lebanese and Palestinian people and to denounce the normalization of ties with Israel.",0,crowd size=no report,1741647034
BHR13179,2024-11-08,2024,1,Demonstrations,Protests,Peaceful protest,Protesters (Bahrain),Bahraini Society Against Normalisation with Zionist Enemy,Protesters,,,,Protesters only,,48,Middle East,Bahrain,Capital,,,Manama - Adliya,26.216,50.5846,1,ADHRB; Twitter,New media-National,"On 8 November 2024, the Bahraini Society Against Normalization with Zionist Enemy held a protest in Manama - Adliya (Capital) in solidarity with the Palestinian people and to denounce the normalization of ties with Israel.",0,crowd size=no report,1741647034
BHR13171,2024-11-08,2024,1,Demonstrations,Protests,Peaceful protest,Protesters (Bahrain),February 14 Youth Coalition,Protesters,,,,Protesters only,,48,Middle East,Bahrain,Northern,,,Al Markh,26.2103,50.4733,1,14 February Revolution Youth Coalition; ADHRB; Bahrain Alyoum; Instagram,Other-New media,"On 8 November 2024, demonstrators, including February 14 Youth Coalition, held a protest march in Al Markh (Northern) mourning Hassan Nasrallah the General-Secretary of the Lebanese Hezbollah, and to denounce the normalization of ties with Israel.",0,crowd size=no report,1741647034
BHR13161,2024-11-08,2024,1,Demonstrations,Riots,Violent demonstration,Rioters (Bahrain),February 14 Youth Coalition,Rioters,,,,Rioters only,,48,Middle East,Bahrain,Capital,,,Al Akr,26.1431,50.6103,1,14 February Revolution Youth Coalition,Other,"On 8 November 2024, demonstrators, including February 14 Youth Coalition, blocked a road with burning tires in Al Akr (Capital) in solidarity with political detainees and denounce the normalization of ties with Israel.",0,crowd size=no report,1741647034
BHR13163,2024-11-01,2024,1,Demonstrations,Protests,Peaceful protest,Protesters (Bahrain),Bahraini Society Against Normalisation with Zionist Enemy,Protesters,,,,Protesters only,,48,Middle East,Bahrain,Capital,,,Manama - Adliya,26.216,50.5846,1,ADHRB; Twitter; Youtube,New media-National,"On 1 November 2024, the Bahraini Society Against Normalization with Zionist Enemy held a protest in front of its headquarters in Manama - Adliya (Capital) in solidarity with the Lebanese and Palestinian people and to denounce the normalization of ties with Israel.",0,crowd size=no report,1741647034
BHR13152,2024-10-28,2024,1,Demonstrations,Riots,Violent demonstration,Rioters (Bahrain),February 14 Youth Coalition,Rioters,,,,Rioters only,,48,Middle East,Bahrain,Capital,,,Sitrah,26.1547,50.6206,1,14 February Revolution Youth Coalition,Other,"On 28 October 2024, demonstrators, including February 14 Youth Coalition, blocked a road with burning tires in Sitrah (Capital) as part of a demonstration in solidarity with the Palestine and Lebanese people and to denounce the normalization of diplomatic ties with Israel.",0,crowd size=no report,1741647034
BHR13150,2024-10-26,2024,1,Demonstrations,Riots,Violent demonstration,Rioters (Bahrain),February 14 Youth Coalition,Rioters,,,,Rioters only,,48,Middle East,Bahrain,Muharraq,,,Al Dair,26.2842,50.6236,1,14 February Revolution Youth Coalition,Other,"On 26 October 2024, demonstrators, including February 14 Youth Coalition, blocked a road with burning tires in Al Dair (Muharraq)as part of a demonstration in solidarity with the Palestine and Lebanese people and to denounce the normalization of diplomatic ties with Israel.",0,crowd size=no report,1741647034
BHR13128,2024-10-19,2024,1,Demonstrations,Riots,Violent demonstration,Rioters (Bahrain),February 14 Youth Coalition,Rioters,,,,Rioters only,,48,Middle East,Bahrain,Capital,,,Al Daih,26.225,50.5362,1,14 February Revolution Youth Coalition; ADHRB; Revolution Bahrain,Other-New media,"On 19 October 2024, demonstrators, including February 14 Youth Coalition, blocked a road with burning tires in Al Daih (Capital) in solidarity with Sheikh Ali Al Sadadi and to denounce the normalization of diplomatic ties with Israel.",0,crowd size=no report,1741647034
BHR13122,2024-10-13,2024,1,Demonstrations,Protests,Peaceful protest,Protesters (Bahrain),,Protesters,,,,Protesters only,,48,Middle East,Bahrain,Northern,,,Karranah,26.2292,50.5094,1,ADHRB; Al Wefaq National Islamic Society; Bahrain Alyoum,New media-National,"On 13 October 2024, for the second consecutive day, demonstrators held a protest in Karranah (Northern) to denounce the arrest of Sheikh Ali Al Sadadi and the normalization of diplomatic ties with Israel, and to show support for the Palestinians in Gaza and the Lebanese people.",0,crowd size=no report,1741647034
BHR13124,2024-10-13,2024,1,Demonstrations,Protests,Peaceful protest,Protesters (Bahrain),,Protesters,,,,Protesters only,,48,Middle East,Bahrain,Capital,,,Karbabad,26.2303,50.5294,1,ADHRB; Bahrain Alyoum,National,"On 13 October 2024, for the second consecutive day, demonstrators held a large protest in Karbabad (Capital) to denounce the arrest of Sheikh Ali Al Sadadi and the normalization of diplomatic ties with Israel, and to show support for the Palestinians in Gaza and the Lebanese people.",0,crowd size=no report,1741647034
BHR13082,2024-10-02,2024,1,Demonstrations,Protests,Peaceful protest,Protesters (Bahrain),Bahraini Society Against Normalisation with Zionist Enemy,Protesters,,,,Protesters only,,48,Middle East,Bahrain,Capital,,,Manama - Adliya,26.216,50.5846,1,ADHRB,National,"On 2 October 2024, the Bahraini Society Against Normalization with Zionist Enemy held a protest in front of its headquarters in Manama - Adliya (Capital) in solidarity with the Palestinian people in the context of the latest round of violence in Palestinian.",0,crowd size=no report,1741647034
BHR13083,2024-10-04,2024,1,Demonstrations,Protests,Peaceful protest,Protesters (Bahrain),Bahraini Society Against Normalisation with Zionist Enemy,Protesters,,,,Protesters only,,48,Middle East,Bahrain,Capital,,,Manama - Adliya,26.216,50.5846,1,ADHRB; Al Wafa; Al Wefaq National Islamic Society,Other-New media,"On 4 October 2024, the Bahraini Society Against Normalization with Zionist Enemy held a protest in front of its headquarters in Manama - Adliya (Capital) in solidarity with the Palestinian people in the context of the latest round of violence in Palestinian.",0,crowd size=no report,1741647034
BHR13075,2024-10-04,2024,1,Demonstrations,Protests,Peaceful protest,Protesters (Bahrain),,Protesters,,,,Protesters only,,48,Middle East,Bahrain,Northern,,,Karzakkan,26.1156,50.4819,1,ADHRB; Al Wafa; Bahrain Alyoum,Other-National,"On 4 October 2024, demonstrators held a protest in Karzakkan (Northern) in solidarity with Palestinians and Lebanese people and denounced the normalization of diplomatic ties with Israel and called for cutting them.",0,crowd size=no report,1741647034
BHR13076,2024-10-04,2024,1,Demonstrations,Protests,Peaceful protest,Protesters (Bahrain),,Protesters,,,,Protesters only,,48,Middle East,Bahrain,Northern,,,Maqabah,26.2108,50.4875,1,Al Wafa,Other,"On 4 October 2024, demonstrators held a protest in Maqabah (Northern) in solidarity with Palestinians and Lebanese people and denounced the normalization of diplomatic ties with Israel and called for cutting them.",0,crowd size=no report,1741647034
BHR13495,2025-03-03,2025,1,Demonstrations,Riots,Violent demonstration,Rioters (Bahrain),February 14 Youth Coalition,Rioters,,,,Rioters only,,48,Middle East,Bahrain,Northern,,,Maqabah,26.2108,50.4875,1,14 February Revolution Youth Coalition,Other,"On 3 March 2025, demonstrators, including February 14 Youth Coalition, blocked a road with burning tires in Maqabah (Northern) as a part of a demonstration in solidarity with the political prisoners.",0,crowd size=no report,1741741853
BHR13496,2025-03-03,2025,1,Demonstrations,Riots,Violent demonstration,Rioters (Bahrain),February 14 Youth Coalition,Rioters,,,,Rioters only,,48,Middle East,Bahrain,Southern,,,Nuwaidrat,26.1347,50.5975,1,14 February Revolution Youth Coalition,Other,"On 3 March 2025, demonstrators, including February 14 Youth Coalition, blocked a road with burning tires in Nuwaidrat (Southern) as a part of a demonstration in solidarity with the political prisoners.",0,crowd size=no report,1741741853
BHR13498,2025-03-07,2025,1,Demonstrations,Riots,Violent demonstration,Rioters (Bahrain),February 14 Youth Coalition,Rioters,,,,Rioters only,,48,Middle East,Bahrain,Capital,,,Jidd Hafs,26.2167,50.5333,1,14 February Revolution Youth Coalition,Other,"On 7 March 2025, demonstrators, including February 14 Youth Coalition, blocked a road with burning tires in Jidd Hafs (Capital) to condemn the Bahraini authorities for preventing the Friday prayers in Diraz.",0,crowd size=no report,1741741853
BHR13500,2025-03-01,2025,1,Demonstrations,Protests,Peaceful protest,Protesters (Bahrain),February 14 Youth Coalition,Protesters,,,,Protesters only,,48,Middle East,Bahrain,Northern,,,Al Diraz,26.2181,50.4706,1,14 February Revolution Youth Coalition; ADHRB; LuaLua TV; Twitter,Other-New media,"On 1 March 2025, demonstrators, including February 14 Youth Coalition, held a protest march in Al Diraz (Northern) in solidarity with the political prisoners, to mourn Hassan Nasrallah the general secretary of Lebanese Hezbollah, and to show support of the resistance against Israel.",0,crowd size=no report,1741741853
BHR13501,2025-03-01,2025,1,Demonstrations,Protests,Peaceful protest,Protesters (Bahrain),February 14 Youth Coalition,Protesters,,,,Protesters only,,48,Middle East,Bahrain,Capital,,,Sitrah,26.1547,50.6206,1,14 February Revolution Youth Coalition; Mayadeen Al Wefaq,Other-National,"On 1 March 2025, demonstrators, including February 14 Youth Coalition, held a protest march in Sitrah (Capital) mourning Hassan Nasrallah the general secretary of Lebanese Hezbollah and to show support of the resistance against Israel.",0,crowd size=no report,1741741853
BHR13502,2025-03-04,2025,1,Political violence,Violence against civilians,Attack,Police Forces of Bahrain (1999-) Prison Guards,,State forces,Civilians (Bahrain),Prisoners (Bahrain),Civilians,State forces-Civilians,Civilian targeting,48,Middle East,Bahrain,Southern,,,Jaw Prison,25.9916,50.6165,1,Bahrain Alyoum; LuaLua TV,National,"On 4 March 2025, Bahraini prison guards assaulted political prisoners by beating and pepper-spraying them, injuring 4 of them in Ward 2 in Building 3 in Jaw Prison (Southern) for protesting against the failure of the prison administration to fulfill the prisoners agreement. There were no fatalities.",0,,1754409470
BHR13506,2025-02-25,2025,1,Demonstrations,Protests,Peaceful protest,Protesters (Bahrain),,Protesters,,,,Protesters only,,48,Middle East,Bahrain,Northern,,,Al Diraz,26.2181,50.4706,1,ADHRB; Al Wefaq National Islamic Society,New media-National,"On 25 February 2025, demonstrators held a protest march in Al Diraz (Northern) as part of a symbolic funeral to honor Hassan Nasrallah the general secretary of Lebanese Hezbollah and to show support of the resistance against Israel.",0,crowd size=no report,1741741853
BHR13507,2025-02-28,2025,1,Demonstrations,Protests,Peaceful protest,Protesters (Bahrain),,Protesters,,,,Protesters only,,48,Middle East,Bahrain,Capital,,,Sitrah,26.1547,50.6206,1,ADHRB; Al Wefaq National Islamic Society,New media-National,"On 28 February 2025, demonstrators held a protest march in Sitrah (Capital) as part of a symbolic funeral to honor Hassan Nasrallah the general secretary of Lebanese Hezbollah and to show support of the resistance against Israel, and condemning Bahrain's normalization with Israel. Security forces deployed in the area but did not intervene.",0,crowd size=no report,1741741853
BHR13508,2025-02-28,2025,1,Demonstrations,Protests,Peaceful protest,Protesters (Bahrain),,Protesters,,,,Protesters only,,48,Middle East,Bahrain,Northern,,,Al Diraz,26.2181,50.4706,1,ADHRB; Al Wefaq National Islamic Society,New media-National,"On 28 February 2025, demonstrators held a protest march in Al Diraz (Northern) as part of a symbolic funeral to honor Hassan Nasrallah the general secretary of Lebanese Hezbollah and to show support of the resistance against Israel, and condemning Bahrain's normalization with Israel. Security forces deployed in the area but did not intervene.",0,crowd size=no report,1741741853
BHR13497,2025-03-03,2025,1,Demonstrations,Riots,Violent demonstration,Rioters (Bahrain),February 14 Youth Coalition,Rioters,,,,Rioters only,,48,Middle East,Bahrain,Capital,,,Karbabad,26.2303,50.5294,1,14 February Revolution Youth Coalition; ADHRB; Karbabad Media,Other-New media,"On 3 March 2025, demonstrators, including February 14 Youth Coalition, blocked a road with burning tires in Karbabad (Capital) as a part of a demonstration in solidarity with the political prisoners.",0,crowd size=no report,1742247756
BHR13504,2025-03-03,2025,1,Demonstrations,Protests,Peaceful protest,Protesters (Bahrain),Prisoners (Bahrain),Protesters,,,,Protesters only,,48,Middle East,Bahrain,Southern,,,Jaw Prison,25.9916,50.6165,1,ADHRB; Bahrain Alyoum; Prisoners Affairs Authority in Bahrain,New media-National,"On 3 March 2025, prisoners in Building 3 held a protest in Jaw Prison (Southern) against the prison administration's failure to fulfill the agreement with the prisoners on improving living conditions.",0,crowd size=no report,1742247756
BHR13503,2025-03-07,2025,1,Demonstrations,Protests,Peaceful protest,Protesters (Bahrain),February 14 Youth Coalition,Protesters,,,,Protesters only,,48,Middle East,Bahrain,Northern,,,Aali,26.1619,50.5164,1,14 February Revolution Youth Coalition; ADHRB; Instagram; Twitter,Other-New media,"On 7 March 2025, demonstrators, including February 14 Youth Coalition, held a protest march in Aali (Northern) to condemn the Bahraini authorities for preventing the Friday prayers in Diraz.",0,crowd size=no report,1742247756
BHR13509,2025-03-04,2025,1,Demonstrations,Protests,Peaceful protest,Protesters (Bahrain),Prisoners (Bahrain),Protesters,,,,Protesters only,,48,Middle East,Bahrain,Southern,,,Jaw Prison,25.9916,50.6165,1,ADHRB; Prisoners Affairs Authority in Bahrain,New media-National,"On 4 March 2025, prisoners held a protest inside Building 3 of Jaw Prison (southern) after prison security forces attempted to seal the small window openings in the cell doors.",0,crowd size=no report,1742254307
BHR13510,2025-03-08,2025,1,Demonstrations,Riots,Violent demonstration,Rioters (Bahrain),February 14 Youth Coalition,Rioters,,,,Rioters only,,48,Middle East,Bahrain,Northern,,,Sadad,26.0828,50.4897,1,14 February Revolution Youth Coalition; Instagram,Other-New media,"On 8 March 2025, demonstrators, including February 14 Youth Coalition, blocked a road with burning tires in Sadad (Northern) as a part of a demonstration against the existence of US military bases in Bahrain.",0,crowd size=no report,1742254307
BHR13511,2025-03-08,2025,1,Demonstrations,Riots,Violent demonstration,Rioters (Bahrain),February 14 Youth Coalition,Rioters,,,,Rioters only,,48,Middle East,Bahrain,Capital,,,Sanabis,26.2259,50.5452,1,14 February Revolution Youth Coalition; Instagram,Other-New media,"On 8 March 2025, demonstrators, including February 14 Youth Coalition, blocked a road with burning tires in Sanabis (Capital) as a part of a demonstration against the existence of US military bases in Bahrain.",0,crowd size=no report,1742254307
BHR13512,2025-03-09,2025,1,Demonstrations,Riots,Violent demonstration,Rioters (Bahrain),February 14 Youth Coalition,Rioters,,,,Rioters only,,48,Middle East,Bahrain,Capital,,,Al Akr,26.1431,50.6103,1,14 February Revolution Youth Coalition,Other,"On 9 March 2025, demonstrators, including February 14 Youth Coalition, blocked a road with burning tires in Al Akr (Capital) as a part of a demonstration against the existence of US military bases in Bahrain.",0,crowd size=no report,1742254307
BHR13513,2025-03-09,2025,1,Demonstrations,Riots,Violent demonstration,Rioters (Bahrain),February 14 Youth Coalition,Rioters,,,,Rioters only,,48,Middle East,Bahrain,Capital,,,Bilad al Qadim,26.2117,50.5619,1,14 February Revolution Youth Coalition,Other,"On 9 March 2025, demonstrators, including February 14 Youth Coalition, blocked a road with burning tires in Bilad al Qadim (Capital) as a part of a demonstration against the existence of US military bases in Bahrain.",0,crowd size=no report,1742254307
BHR13514,2025-03-09,2025,1,Demonstrations,Riots,Violent demonstration,Rioters (Bahrain),February 14 Youth Coalition,Rioters,,,,Rioters only,,48,Middle East,Bahrain,Capital,,,Karbabad,26.2303,50.5294,1,14 February Revolution Youth Coalition,Other,"On 9 March 2025, demonstrators, including February 14 Youth Coalition, blocked a road with burning tires in Karbabad (Capital) as a part of a demonstration against the existence of US military bases in Bahrain.",0,crowd size=no report,1742254307
BHR13515,2025-03-10,2025,1,Demonstrations,Riots,Violent demonstration,Rioters (Bahrain),February 14 Youth Coalition,Rioters,,,,Rioters only,,48,Middle East,Bahrain,Northern,,,Al Diraz,26.2181,50.4706,1,14 February Revolution Youth Coalition,Other,"On 10 March 2025, demonstrators, including February 14 Youth Coalition, blocked a road with burning tires in Al Diraz (Northern) as a part of a demonstration to commemorate the anniversary of an anti-government demonstrator who was killed by police forces.",0,crowd size=no report,1742254307
BHR13516,2025-03-11,2025,1,Demonstrations,Riots,Violent demonstration,Rioters (Bahrain),February 14 Youth Coalition,Rioters,,,,Rioters only,,48,Middle East,Bahrain,Capital,,,Sitrah,26.1547,50.6206,1,14 February Revolution Youth Coalition; Instagram,Other-New media,"On 11 March 2025, demonstrators, including February 14 Youth Coalition, blocked a road with burning tires in Sitrah (Capital) as a part of a demonstration to commemorate the anniversary of an anti-government demonstrator who was killed by police forces.",0,crowd size=no report,1742254307
BHR13517,2025-03-13,2025,1,Demonstrations,Riots,Violent demonstration,Rioters (Bahrain),February 14 Youth Coalition,Rioters,,,,Rioters only,,48,Middle East,Bahrain,Northern,,,Bani Jamrah,26.2097,50.4597,1,14 February Revolution Youth Coalition,Other,"On 13 March 2025, demonstrators, including the February 14 Youth Coalition, blocked a road with burning tires in Bani Jamrah (Northern) as part of a demonstration against the Bahraini authorities for preventing the Friday prayers in Diraz.",0,crowd size=no report,1742254307
BHR13518,2025-03-13,2025,1,Demonstrations,Riots,Violent demonstration,Rioters (Bahrain),February 14 Youth Coalition,Rioters,,,,Rioters only,,48,Middle East,Bahrain,Northern,,,Jannusan,26.2305,50.4947,1,14 February Revolution Youth Coalition,Other,"On 13 March 2025, demonstrators, including the February 14 Youth Coalition, blocked a road with burning tires in Jannusan (Northern) as part of a demonstration against the entry of the Saudi-Emirati forces into Bahrain to help suppress anti-government demonstrations during the Bahraini uprising.",0,crowd size=no report,1742254307
BHR13519,2025-03-14,2025,1,Demonstrations,Riots,Violent demonstration,Rioters (Bahrain),February 14 Youth Coalition,Rioters,,,,Rioters only,,48,Middle East,Bahrain,Capital,,,Al Daih,26.225,50.5362,1,14 February Revolution Youth Coalition,Other,"On 14 March 2025, demonstrators, including the February 14 Youth Coalition, blocked a road with burning tires in Al Daih (Capital) as part of a demonstration against the entry of the Saudi-Emirati forces into Bahrain to help suppress anti-government demonstrations during the Bahraini uprising.",0,crowd size=no report,1742254307
BHR13520,2025-03-17,2025,1,Demonstrations,Riots,Violent demonstration,Rioters (Bahrain),February 14 Youth Coalition,Rioters,,,,Rioters only,,48,Middle East,Bahrain,Capital,,,Al Akr,26.1431,50.6103,1,14 February Revolution Youth Coalition,Other,"On 17 March 2025, demonstrators, including the February 14 Youth Coalition, blocked a road with burning tires in Al Akr (Capital) as part of a demonstration against the Saudi presence in Bahrain.",0,crowd size=no report,1742858650
BHR13521,2025-03-16,2025,1,Demonstrations,Riots,Violent demonstration,Rioters (Bahrain),February 14 Youth Coalition,Rioters,,,,Rioters only,,48,Middle East,Bahrain,Capital,,,Al Daih,26.225,50.5362,1,14 February Revolution Youth Coalition,Other,"On 16 March 2025, demonstrators, including the February 14 Youth Coalition, blocked a road with burning tires in Al Daih (Capital) as part of a demonstration against the presence of foreign presence in Bahrain.",0,crowd size=no report,1742858650
BHR13522,2025-03-20,2025,1,Demonstrations,Riots,Violent demonstration,Rioters (Bahrain),February 14 Youth Coalition,Rioters,,,,Rioters only,,48,Middle East,Bahrain,Capital,,,Al Daih,26.225,50.5362,1,14 February Revolution Youth Coalition,Other,"On 20 March 2025, demonstrators, including the February 14 Youth Coalition, blocked a road with burning tires in Al Daih (Capital) as part of a demonstration in solidarity with the political prisoners.",0,crowd size=no report,1742858650
BHR13524,2025-03-19,2025,1,Demonstrations,Riots,Violent demonstration,Rioters (Bahrain),February 14 Youth Coalition,Rioters,,,,Rioters only,,48,Middle East,Bahrain,Capital,,,Bilad al Qadim,26.2117,50.5619,1,14 February Revolution Youth Coalition; Instagram,Other-New media,"On 19 March 2025, demonstrators, including the February 14 Youth Coalition, blocked a road with burning tires in Bilad al Qadim (Capital) as part of a demonstration to commemorate the anniversary of an anti-government demonstrator who was killed by police forces.",0,crowd size=no report,1742858650
BHR13525,2025-03-16,2025,1,Demonstrations,Protests,Peaceful protest,Protesters (Bahrain),,Protesters,,,,Protesters only,,48,Middle East,Bahrain,Capital,,,Manama,26.2279,50.5857,1,Bahrain Mirror; LuaLua TV,National,"On 16 March 2025, a number of detainees released as part of the issued royal pardon staged a sit-in in front of the Ministry of Housing in Manama (Capital) to demand their rights to obtain housing services.",0,crowd size=no report,1742858650
BHR13527,2025-03-17,2025,1,Demonstrations,Riots,Violent demonstration,Rioters (Bahrain),February 14 Youth Coalition,Rioters,,,,Rioters only,,48,Middle East,Bahrain,Capital,,,Sanabis,26.2259,50.5452,1,14 February Revolution Youth Coalition,Other,"On 17 March 2025, demonstrators, including the February 14 Youth Coalition, blocked a road with burning tires in Sanabis (Capital) as part of a demonstration to commemorate the anniversary of an anti-government demonstrator who was killed by police forces.",0,crowd size=no report,1742858650
BHR13528,2025-03-20,2025,1,Demonstrations,Riots,Violent demonstration,Rioters (Bahrain),February 14 Youth Coalition,Rioters,,,,Rioters only,,48,Middle East,Bahrain,Capital,,,Sanabis,26.2259,50.5452,1,14 February Revolution Youth Coalition,Other,"On 20 March 2025, demonstrators, including the February 14 Youth Coalition, blocked a road with burning tires in Sanabis (Capital) as part of a demonstration in solidarity with the political prisoners.",0,crowd size=no report,1742858650
BHR13529,2025-03-14,2025,1,Demonstrations,Protests,Peaceful protest,Protesters (Bahrain),February 14 Youth Coalition,Protesters,,,,Protesters only,,48,Middle East,Bahrain,Capital,,,Sitrah,26.1547,50.6206,1,14 February Revolution Youth Coalition; ADHRB; Al Wefaq National Islamic Society,Other-New media,"On 14 March 2025, demonstrators, including the February 14 Youth Coalition, held a protest march in Sitrah (Capital) against the Saudi presence in Bahrain and to commemorate the anniversary of an anti-government demonstrator who was killed by police forces.",0,crowd size=no report,1742858650
BHR13531,2025-03-14,2025,1,Demonstrations,Protests,Peaceful protest,Protesters (Bahrain),February 14 Youth Coalition,Protesters,,,,Protesters only,,48,Middle East,Bahrain,Northern,,,Abu Saybi,26.2175,50.5069,1,14 February Revolution Youth Coalition; Bahrain Alyoum,Other-National,"On 14 March 2025, demonstrators, including the February 14 Youth Coalition, held a protest march in Abu Saybi (Northern) against the Bahraini authorities for preventing the Friday prayers in Diraz.",0,crowd size=no report,1742858650
BHR13532,2025-03-16,2025,1,Demonstrations,Riots,Violent demonstration,Rioters (Bahrain),February 14 Youth Coalition,Rioters,,,,Rioters only,,48,Middle East,Bahrain,Northern,,,Al Diraz,26.2181,50.4706,1,14 February Revolution Youth Coalition,Other,"On 16 March 2025, demonstrators, including the February 14 Youth Coalition, blocked a road with burning tires in Al Diraz (Northern) as part of a demonstration in solidarity with the political prisoners.",0,crowd size=no report,1742858650
BHR13533,2025-03-16,2025,1,Demonstrations,Riots,Violent demonstration,Rioters (Bahrain),February 14 Youth Coalition,Rioters,,,,Rioters only,,48,Middle East,Bahrain,Northern,,,Shahrakkan,26.0753,50.5014,1,14 February Revolution Youth Coalition; Instagram,Other-New media,"On 16 March 2025, demonstrators, including the February 14 Youth Coalition, blocked a road with burning tires in Shahrakkan (Northern) as part of a demonstration against the presence of foreign forces in Bahrain and to commemorate the anniversary of an anti-government demonstrator who was killed by police forces.",0,crowd size=no report,1742858650
BHR13523,2025-03-18,2025,1,Demonstrations,Protests,Peaceful protest,Protesters (Bahrain),February 14 Youth Coalition,Protesters,,,,Protesters only,,48,Middle East,Bahrain,Capital,,,Bilad al Qadim,26.2117,50.5619,1,14 February Revolution Youth Coalition; ADHRB; Al Wefaq National Islamic Society; Bahrain Alyoum; LuaLua TV,Other-New media,"On 18 March 2025, demonstrators, including the February 14 Youth Coalition, held a large protest in Bilad al Qadim (Capital) to express their support for the Palestinian and Yemeni people, and against Israeli actions in Gaza. The protestors condemned the ongoing violence in Gaza and Yemen, calling for an end to what they described as violations of international law and human rights, and condemning Bahrain's normalization with Israel.",0,crowd size=large,1743457594
BHR13526,2025-03-20,2025,1,Demonstrations,Protests,Peaceful protest,Protesters (Bahrain),,Protesters,,,,Protesters only,,48,Middle East,Bahrain,Capital,,,Manama,26.2279,50.5857,1,ADHRB; Bahrain Alyoum; LuaLua TV; Twitter,New media-National,"On 20 March 2025, a number of detainees released as part of the issued royal pardon staged a sit-in in front of the Ministry of Housing in Manama (Capital) to demand their rights to obtain housing services.",0,crowd size=no report,1743457594
BHR13530,2025-03-21,2025,1,Demonstrations,Protests,Peaceful protest,Protesters (Bahrain),February 14 Youth Coalition,Protesters,,,,Protesters only,,48,Middle East,Bahrain,Northern,,,Aali,26.1619,50.5164,1,14 February Revolution Youth Coalition; ADHRB; Instagram,Other-New media,"On 21 March 2025, demonstrators, including the February 14 Youth Coalition, held a large protest in Aali (Northern) in solidarity with the Palestinian people and to commemorate the anniversary of anti-government demonstrators who were killed by police forces.",0,crowd size=no report,1743457594
BHR13534,2025-03-18,2025,1,Demonstrations,Protests,Peaceful protest,Protesters (Bahrain),,Protesters,,,,Protesters only,,48,Middle East,Bahrain,Capital,,,Sanabis,26.2259,50.5452,1,ADHRB; Sanabis Revolution,New media-National,"On 18 March 2025, demonstrators held a protest in Sanabis (Capital) to commemorate the 14th anniversary of the arrest of the 2011 uprising's leaders.",0,crowd size=no report,1743467533
BHR13535,2025-03-19,2025,1,Demonstrations,Protests,Peaceful protest,Protesters (Bahrain),,Protesters,,,,Protesters only,,48,Middle East,Bahrain,Capital,,,Manama,26.2279,50.5857,1,ADHRB; Bahrain Mirror; Twitter,New media-National,"On 19 March 2025, a number of detainees released as part of the issued royal pardon staged a sit-in in front of the Ministry of Housing in Manama (Capital) to demand their rights to obtain housing services.",0,crowd size=no report,1743467533
BHR13536,2025-03-22,2025,1,Demonstrations,Protests,Peaceful protest,Protesters (Bahrain),February 14 Youth Coalition,Protesters,,,,Protesters only,,48,Middle East,Bahrain,Northern,,,Aali,26.1619,50.5164,1,14 February Revolution Youth Coalition,Other,"On 22 March 2025, demonstrators, including the February 14 Youth Coalition, held a large protest in Aali (Northern) in solidarity with the Palestinian people and to commemorate the anniversary of anti-government demonstrators who were killed by police forces.",0,crowd size=no report,1743467533
BHR13537,2025-03-22,2025,1,Demonstrations,Riots,Violent demonstration,Rioters (Bahrain),February 14 Youth Coalition,Rioters,,,,Rioters only,,48,Middle East,Bahrain,Northern,,,Ash Shakhurah,26.2147,50.5069,1,14 February Revolution Youth Coalition,Other,"On 22 March 2025, demonstrators, including the February 14 Youth Coalition, blocked a road with burning tires in Ash Shakhurah (Northern) as part of a demonstration in solidarity with the political prisoners.",0,crowd size=no report,1743467533
BHR13538,2025-03-22,2025,1,Demonstrations,Protests,Peaceful protest,Protesters (Bahrain),February 14 Youth Coalition,Protesters,,,,Protesters only,,48,Middle East,Bahrain,Northern,,,Bani Jamrah,26.2097,50.4597,1,14 February Revolution Youth Coalition; ADHRB; Al Wefaq National Islamic Society; Instagram,Other-New media,"On 22 March 2025, demonstrators, including the February 14 Youth Coalition, held a protest in Bani Jamrah (Northern) in solidarity with the Palestinian and Yemeni people.",0,crowd size=no report,1743467533
BHR13539,2025-03-22,2025,1,Demonstrations,Riots,Violent demonstration,Rioters (Bahrain),February 14 Youth Coalition,Rioters,,,,Rioters only,,48,Middle East,Bahrain,Capital,,,Jidd Hafs,26.2167,50.5333,1,14 February Revolution Youth Coalition,Other,"On 22 March 2025, demonstrators, including the February 14 Youth Coalition, blocked a road with burning tires in Jidd Hafs (Capital) as part of a demonstration in solidarity with the political prisoners.",0,crowd size=no report,1743467533
BHR13540,2025-03-22,2025,1,Demonstrations,Protests,Peaceful protest,Protesters (Bahrain),Bahraini Society Against Normalisation with Zionist Enemy,Protesters,,,,Protesters only,,48,Middle East,Bahrain,Capital,,,Manama - Adliya,26.216,50.5846,1,ADHRB; Bahraini Society Against Normalisation with Zionist Enemy,Other-National,"On 22 March 2025, the Bahraini Society Against Normalization organized a sit-in in front of its headquarters in Manama - Adliya (Capital) in solidarity with the Palestinian people and condemning the ongoing 'genocide' and 'forced displacement plans' targeting Palestinians, in reference to Israeli operations in the Gaza Strip, and to denounce the normalization of ties with Israel.",0,crowd size=no report,1743467533
BHR13541,2025-03-23,2025,1,Demonstrations,Protests,Peaceful protest,Protesters (Bahrain),,Protesters,,,,Protesters only,,48,Middle East,Bahrain,Capital,,,Manama,26.2279,50.5857,1,ADHRB; Twitter,New media-National,"On 23 March 2025, a number of detainees released as part of the issued royal pardon staged a sit-in in front of the Ministry of Housing in Manama (Capital) to demand their rights to obtain housing services.",0,crowd size=no report,1743467533
BHR13543,2025-03-24,2025,1,Demonstrations,Riots,Violent demonstration,Rioters (Bahrain),February 14 Youth Coalition,Rioters,,,,Rioters only,,48,Middle East,Bahrain,Northern,,,Abu Saybi,26.2175,50.5069,1,14 February Revolution Youth Coalition; Instagram,Other-New media,"On 24 March 2025, demonstrators, including the February 14 Youth Coalition, blocked a road with burning tires in Abu Saybi (Northern) as part of a demonstration to commemorate the anniversary of anti-government demonstrators who were killed by police forces.",0,crowd size=no report,1743467533
BHR13544,2025-03-24,2025,1,Demonstrations,Riots,Violent demonstration,Rioters (Bahrain),February 14 Youth Coalition,Rioters,,,,Rioters only,,48,Middle East,Bahrain,Capital,,,Al Akr,26.1431,50.6103,1,14 February Revolution Youth Coalition,Other,"On 24 March 2025, demonstrators, including the February 14 Youth Coalition, blocked a road with burning tires in Al Akr (Capital) as part of a demonstration to commemorate the anniversary of an anti-government demonstrator who was killed by police forces.",0,crowd size=no report,1743467533
BHR13545,2025-03-25,2025,1,Demonstrations,Protests,Peaceful protest,Protesters (Bahrain),,Protesters,,,,Protesters only,,48,Middle East,Bahrain,Capital,,,Manama,26.2279,50.5857,1,Bahrain Alyoum; LuaLua TV,National,"On 25 March 2025, a number of detainees released as part of the issued royal pardon staged a sit-in in front of the House of Representatives and the Shura Council in Manama (Capital) against the decision of the Ministry of Housing, and to demand their rights to obtain housing services.",0,crowd size=no report,1743467533
BHR13547,2025-03-25,2025,1,Political violence; Demonstrations,Protests,Excessive force against protesters,Protesters (Bahrain),February 14 Youth Coalition,Protesters,Police Forces of Bahrain (1999-),,State forces,State forces-Protesters,Civilian targeting,48,Middle East,Bahrain,Northern,,,Al Markh,26.2103,50.4733,1,14 February Revolution Youth Coalition,Other,"On 25 March 2025, demonstrators, including the February 14 Youth Coalition, held a protest march in Al Markh (Northern) to commemorate the anniversary of an anti-government demonstrator who was killed by police forces. Security forces deployed in the area and intervened by using tear gas and expanding bullets to disperse the protesters. The use of expanding bullets is not corroborated by non-opposition sources.",0,crowd size=no report,1754409470
BHR13561,2025-03-28,2025,1,Demonstrations,Protests,Peaceful protest,Protesters (Bahrain),,Protesters,,,,Protesters only,,48,Middle East,Bahrain,Capital,,,Jidd Hafs,26.2167,50.5333,1,LuaLua TV,National,"On 28 March 2025, demonstrators held a protest march in Jidd Hafs (Capital) to commemorate International Quds Day in solidarity with the Palestinian people.",0,crowd size=no report,1743467533
BHR13562,2025-03-28,2025,1,Demonstrations,Protests,Peaceful protest,Protesters (Bahrain),,Protesters,,,,Protesters only,,48,Middle East,Bahrain,Capital,,,Al Daih,26.225,50.5362,1,LuaLua TV,National,"On 28 March 2025, demonstrators held a protest march in Al Daih (Capital) to commemorate International Quds Day in solidarity with the Palestinian people.",0,crowd size=no report,1743467533
BHR13546,2025-03-25,2025,1,Demonstrations,Protests,Protest with intervention,Protesters (Bahrain),February 14 Youth Coalition,Protesters,Police Forces of Bahrain (1999-),,State forces,State forces-Protesters,,48,Middle East,Bahrain,Northern,,,Al Diraz,26.2181,50.4706,1,14 February Revolution Youth Coalition; ADHRB; Ahrar Abu Saiba; Bahrain Alyoum; Duraz Mirror; Sada al Bahrain,Other-New media,"On 25 March 2025, demonstrators, including the February 14 Youth Coalition, held a protest march in Al Diraz (Northern) to commemorate the anniversary of an anti-government demonstrator who was killed by police forces in 2017. Security forces deployed in the area and intervened to stop the protest by arresting two of the protesters",0,crowd size=no report,1753969827
BHR13548,2025-03-26,2025,1,Demonstrations,Protests,Peaceful protest,Protesters (Bahrain),,Protesters,,,,Protesters only,,48,Middle East,Bahrain,Northern,,,Bu Quwa,26.2047,50.52,1,ADHRB; Al Wefaq National Islamic Society; LuaLua TV,New media-National,"On 26 March 2025, demonstrators protested in Bu Quwa (Northern) to commemorate International Quds Day in solidarity with the Palestinian people.",0,crowd size=no report,1744070416
BHR13549,2025-03-27,2025,1,Demonstrations,Protests,Peaceful protest,Protesters (Bahrain),February 14 Youth Coalition,Protesters,,,,Protesters only,,48,Middle East,Bahrain,Capital,,,Sitrah,26.1547,50.6206,1,14 February Revolution Youth Coalition; ADHRB; Bahrain Alyoum; LuaLua TV,Other-National,"On 27 March 2025, demonstrators, including the February 14 Youth Coalition, held a protest march in Sitrah (Capital) to commemorate International Quds Day in solidarity with the Palestinian people.",0,crowd size=no report,1744070416
BHR13550,2025-03-27,2025,1,Demonstrations,Protests,Peaceful protest,Protesters (Bahrain),February 14 Youth Coalition,Protesters,,,,Protesters only,,48,Middle East,Bahrain,Muharraq,,,Al Dair,26.2842,50.6236,1,14 February Revolution Youth Coalition; ADHRB; Bahrain Alyoum; LuaLua TV,Other-National,"On 27 March 2025, demonstrators, including the February 14 Youth Coalition, held a protest march in Al Dair (Muharraq) to commemorate International Quds Day in solidarity with the Palestinian people.",0,crowd size=no report,1744070416
BHR13551,2025-03-27,2025,1,Demonstrations,Protests,Peaceful protest,Protesters (Bahrain),February 14 Youth Coalition,Protesters,,,,Protesters only,,48,Middle East,Bahrain,Capital,,,Bilad al Qadim,26.2117,50.5619,1,14 February Revolution Youth Coalition; ADHRB; Bahrain Alyoum; LuaLua TV,Other-National,"On 27 March 2025, demonstrators, including the February 14 Youth Coalition, held a protest march in Bilad al Qadim (Capital) to commemorate International Quds Day in solidarity with the Palestinian people.",0,crowd size=no report,1744070416
BHR13552,2025-03-27,2025,1,Demonstrations,Protests,Peaceful protest,Protesters (Bahrain),February 14 Youth Coalition,Protesters,,,,Protesters only,,48,Middle East,Bahrain,Northern,,,Al Diraz,26.2181,50.4706,1,14 February Revolution Youth Coalition; ADHRB; Bahrain Alyoum; LuaLua TV,Other-National,"On 27 March 2025, demonstrators, including the February 14 Youth Coalition, held a protest march in Al Diraz (Northern) to commemorate International Quds Day in solidarity with the Palestinian people.",0,crowd size=no report,1744070416
BHR13553,2025-03-27,2025,1,Demonstrations,Protests,Peaceful protest,Protesters (Bahrain),February 14 Youth Coalition,Protesters,,,,Protesters only,,48,Middle East,Bahrain,Capital,,,Al Musalla,26.2122,50.5372,1,14 February Revolution Youth Coalition; ADHRB; Bahrain Alyoum; LuaLua TV,Other-National,"On 27 March 2025, demonstrators, including the February 14 Youth Coalition, held a protest march in Al Musalla (Capital) to commemorate International Quds Day in solidarity with the Palestinian people.",0,crowd size=no report,1744070416
BHR13554,2025-03-28,2025,1,Demonstrations,Protests,Peaceful protest,Protesters (Bahrain),February 14 Youth Coalition,Protesters,,,,Protesters only,,48,Middle East,Bahrain,Muharraq,,,Samahij,26.28,50.635,1,14 February Revolution Youth Coalition; ADHRB; Al Wefaq National Islamic Society,Other-New media,"On 28 March 2025, demonstrators, including the February 14 Youth Coalition, held a protest in Samahij (Muharraq) to commemorate International Quds Day in solidarity with the Palestinian people. The protesters also burned Israeli flags.",0,crowd size=no report,1744070416
BHR13555,2025-03-28,2025,1,Demonstrations,Protests,Peaceful protest,Protesters (Bahrain),February 14 Youth Coalition,Protesters,,,,Protesters only,,48,Middle East,Bahrain,Capital,,,Manama,26.2279,50.5857,1,14 February Revolution Youth Coalition; ADHRB; Al Wefaq National Islamic Society; Bahrain Alyoum,Other-New media,"On 28 March 2025, demonstrators, including the February 14 Youth Coalition, held a protest in Manama (Capital) to commemorate International Quds Day in solidarity with the Palestinian people.",0,crowd size=no report,1744070416
BHR13556,2025-03-28,2025,1,Demonstrations,Protests,Peaceful protest,Protesters (Bahrain),February 14 Youth Coalition,Protesters,,,,Protesters only,,48,Middle East,Bahrain,Northern,,,Karzakkan,26.1156,50.4819,1,14 February Revolution Youth Coalition; ADHRB; Al Wefaq National Islamic Society,Other-New media,"On 28 March 2025, demonstrators, including the February 14 Youth Coalition, held a protest in Karzakkan (Northern) to commemorate International Quds Day in solidarity with the Palestinian people.",0,crowd size=no report,1744070416
BHR13557,2025-03-28,2025,1,Demonstrations,Protests,Peaceful protest,Protesters (Bahrain),February 14 Youth Coalition,Protesters,,,,Protesters only,,48,Middle East,Bahrain,Capital,,,Nabih Saleh,26.183,50.585,1,14 February Revolution Youth Coalition; ADHRB; Al Wefaq National Islamic Society,Other-New media,"On 28 March 2025, demonstrators, including the February 14 Youth Coalition, held a protest in Nabih Saleh (Capital) to commemorate International Quds Day in solidarity with the Palestinian people.",0,crowd size=no report,1744070416
BHR13558,2025-03-28,2025,1,Demonstrations,Protests,Peaceful protest,Protesters (Bahrain),February 14 Youth Coalition,Protesters,,,,Protesters only,,48,Middle East,Bahrain,Northern,,,Al Qadam,26.2156,50.5192,1,14 February Revolution Youth Coalition; ADHRB; Al Wefaq National Islamic Society,Other-New media,"On 28 March 2025, demonstrators, including the February 14 Youth Coalition, held a protest march in Al Qadam (Northern) to commemorate International Quds Day in solidarity with the Palestinian people.",0,crowd size=no report,1744070416
BHR13560,2025-03-28,2025,1,Demonstrations,Protests,Peaceful protest,Protesters (Bahrain),February 14 Youth Coalition,Protesters,,,,Protesters only,,48,Middle East,Bahrain,Northern,,,Al Markh,26.2103,50.4733,1,14 February Revolution Youth Coalition; ADHRB; Al Wefaq National Islamic Society; Bahrain Alyoum; LuaLua TV,Other-New media,"On 28 March 2025, demonstrators, including the February 14 Youth Coalition, held a protest march in Al Markh (Northern) to commemorate International Quds Day in solidarity with the Palestinian people.",0,crowd size=no report,1744070416
BHR13566,2025-03-30,2025,1,Political violence,Violence against civilians,Attack,Police Forces of Bahrain (1999-) Prison Guards,,State forces,Civilians (Bahrain),Prisoners (Bahrain),Civilians,State forces-Civilians,Civilian targeting,48,Middle East,Bahrain,Southern,,,Jaw Prison,25.9916,50.6165,1,ADHRB; Bahrain Alyoum; LuaLua TV; Prisoners Affairs Authority in Bahrain,New media-National,"On 30 March 2025, prison guards assaulted and severely beat 3 political prisoners in building 3 in Jaw Prison (Southern), causing 1 prisoner to be hospitalized and other two transferred to a clinic. The attack occurred when police forces delayed opening the doors of cells in Wards 1 and 2 for the dawn prayer, prompting prisoners to knock on the doors to remind guards of the prayer time.",0,,1754409470
BHR13568,2025-03-28,2025,1,Demonstrations,Protests,Peaceful protest,Protesters (Bahrain),February 14 Youth Coalition,Protesters,,,,Protesters only,,48,Middle East,Bahrain,Northern,,,Aali,26.1619,50.5164,1,14 February Revolution Youth Coalition,Other,"On 28 March 2025, demonstrators, including the February 14 Youth Coalition, held a protest in Aali (Northern) to commemorate International Quds Day in solidarity with the Palestinian people.",0,crowd size=no report,1744085339
BHR13569,2025-03-28,2025,1,Demonstrations,Protests,Peaceful protest,Protesters (Bahrain),February 14 Youth Coalition,Protesters,,,,Protesters only,,48,Middle East,Bahrain,Northern,,,Abu Saybi,26.2175,50.5069,1,14 February Revolution Youth Coalition; Al Wefaq National Islamic Society; Bahrain Alyoum,Other-New media,"On 28 March 2025, demonstrators, including the February 14 Youth Coalition, held a protest in Abu Saybi (Northern) to commemorate International Quds Day in solidarity with the Palestinian people.",0,crowd size=no report,1744085339
BHR13570,2025-03-28,2025,1,Demonstrations,Protests,Peaceful protest,Protesters (Bahrain),February 14 Youth Coalition,Protesters,,,,Protesters only,,48,Middle East,Bahrain,Northern,,,Jannusan,26.2305,50.4947,1,14 February Revolution Youth Coalition; ADHRB; Al Wefaq National Islamic Society; Bahrain Alyoum,Other-New media,"On 28 March 2025, demonstrators, including the February 14 Youth Coalition, held a protest in Jannusan (Northern) to commemorate International Quds Day in solidarity with the Palestinian people.",0,crowd size=no report,1744085340
BHR13571,2025-03-28,2025,1,Demonstrations,Protests,Peaceful protest,Protesters (Bahrain),February 14 Youth Coalition,Protesters,,,,Protesters only,,48,Middle East,Bahrain,Capital,,,Sanabis,26.2259,50.5452,1,14 February Revolution Youth Coalition; ADHRB,Other-National,"On 28 March 2025, demonstrators, including the February 14 Youth Coalition, held a protest in Sanabis (Capital) to commemorate International Quds Day in solidarity with the Palestinian people. Security forces deployed in the area but did not intervene.",0,crowd size=no report,1744085340
BHR13572,2025-03-28,2025,1,Demonstrations,Protests,Peaceful protest,Protesters (Bahrain),February 14 Youth Coalition,Protesters,,,,Protesters only,,48,Middle East,Bahrain,Capital,,,Tubli,26.1869,50.5494,1,14 February Revolution Youth Coalition,Other,"On 28 March 2025, demonstrators, including the February 14 Youth Coalition, held a protest in Tubli (Capital) to commemorate International Quds Day in solidarity with the Palestinian people.",0,crowd size=no report,1744085340
BHR13573,2025-03-29,2025,1,Demonstrations,Protests,Peaceful protest,Protesters (Bahrain),February 14 Youth Coalition,Protesters,,,,Protesters only,,48,Middle East,Bahrain,Capital,,,Al Akr,26.1431,50.6103,1,14 February Revolution Youth Coalition,Other,"On 29 March 2025, demonstrators, including the February 14 Youth Coalition, held a protest in Al Akr (Capital) to commemorate International Quds Day in solidarity with the Palestinian people.",0,crowd size=no report,1744085340
BHR13574,2025-03-29,2025,1,Demonstrations,Protests,Peaceful protest,Protesters (Bahrain),February 14 Youth Coalition,Protesters,,,,Protesters only,,48,Middle East,Bahrain,Northern,,,Al Malikiyah,26.098,50.4866,1,ADHRB; Ahrar Abu Saiba; Duraz Mirror; Sada al Bahrain,New media-National,"On 29 March 2025, demonstrators, including the February 14 Youth Coalition, held a protest in Al Malikiyah (Northern) to commemorate International Quds Day in solidarity with the Palestinian people.",0,crowd size=no report,1744085340
BHR13575,2025-03-29,2025,1,Demonstrations,Protests,Peaceful protest,Protesters (Bahrain),February 14 Youth Coalition,Protesters,,,,Protesters only,,48,Middle East,Bahrain,Northern,,,Ash Shakhurah,26.2147,50.5069,1,14 February Revolution Youth Coalition,Other,"On 29 March 2025, demonstrators, including the February 14 Youth Coalition, held a protest in Ash Shakhurah (Northern) to commemorate International Quds Day in solidarity with the Palestinian people.",0,crowd size=no report,1744085340
BHR13576,2025-03-29,2025,1,Demonstrations,Protests,Peaceful protest,Protesters (Bahrain),February 14 Youth Coalition,Protesters,,,,Protesters only,,48,Middle East,Bahrain,Northern,,,Barbar,26.2294,50.4806,1,14 February Revolution Youth Coalition,Other,"On 29 March 2025, demonstrators, including the February 14 Youth Coalition, held a protest in Barbar (Northern) to commemorate International Quds Day in solidarity with the Palestinian people.",0,crowd size=no report,1744085340
BHR13577,2025-03-29,2025,1,Demonstrations,Protests,Peaceful protest,Protesters (Bahrain),February 14 Youth Coalition,Protesters,,,,Protesters only,,48,Middle East,Bahrain,Capital,,,Sitrah,26.1547,50.6206,1,14 February Revolution Youth Coalition,Other,"On 29 March 2025, demonstrators, including February 14 Youth Coalition, protested in Sitrah (Capital) to commemorate the International Quds Day in solidarity with the Palestinian people.",0,crowd size=no report,1744085340
BHR13580,2025-03-30,2025,1,Demonstrations,Protests,Peaceful protest,Protesters (Bahrain),Prisoners (Bahrain),Protesters,,,,Protesters only,,48,Middle East,Bahrain,Southern,,,Jaw Prison,25.9916,50.6165,1,LuaLua TV; Prisoners Affairs Authority in Bahrain,New media-National,"On 30 March 2025, prisoners held a protest inside Ward 3 of Building 3 in Jaw Prison (southern) following an incident involving prison security forces and prisoners in Wards 1 and 2 of the same building.",0,crowd size=no report,1744085340
BHR13581,2025-03-25,2025,1,Demonstrations,Protests,Peaceful protest,Protesters (Bahrain),,Protesters,,,,Protesters only,,48,Middle East,Bahrain,Northern,,,Al Markh,26.2103,50.4733,1,ADHRB; Al Wefaq National Islamic Society,New media-National,"On 25 March 2025, demonstrators held a protest march in Al Markh (Northern) to commemorate the anniversary of an anti-government demonstrator who was killed by police forces in 2017.",0,crowd size=no report,1744085340
BHR13582,2025-03-26,2025,1,Demonstrations,Protests,Peaceful protest,Protesters (Bahrain),,Protesters,,,,Protesters only,,48,Middle East,Bahrain,Capital,,,Karbabad,26.2303,50.5294,1,ADHRB; Karbabad Media,New media-National,"On 26 March 2025, demonstrators held a protest in Karbabad (Capital) in preparation to commemorate International Quds Day in solidarity with the Palestinian people.",0,crowd size=no report,1744085340
BHR13583,2025-03-27,2025,1,Demonstrations,Protests,Peaceful protest,Protesters (Bahrain),,Protesters,,,,Protesters only,,48,Middle East,Bahrain,Northern,,,Al Markh,26.2103,50.4733,1,ADHRB; Bahrain Alyoum,National,"On 27 March 2025, demonstrators held a protest march in Al Markh (Northern) to commemorate International Quds Day in solidarity with the Palestinian people.",0,crowd size=no report,1744085340
BHR13584,2025-03-28,2025,1,Demonstrations,Protests,Peaceful protest,Protesters (Bahrain),,Protesters,,,,Protesters only,,48,Middle East,Bahrain,Northern,,,Karranah,26.2292,50.5094,1,ADHRB; Al Wefaq National Islamic Society,New media-National,"On 28 March 2025, demonstrators held a protest in Karranah (Northern) to commemorate International Quds Day in solidarity with the Palestinian people.",0,crowd size=no report,1744085340
BHR13585,2025-03-28,2025,1,Demonstrations,Protests,Peaceful protest,Protesters (Bahrain),,Protesters,,,,Protesters only,,48,Middle East,Bahrain,Capital,,,Sitrah,26.1547,50.6206,1,ADHRB; Al Wefaq National Islamic Society; Bahrain Alyoum,New media-National,"On 28 March 2025, demonstrators held a protest in Sitrah (Capital), chanting slogans against Israel and in solidarity with the Palestinian people.",0,crowd size=no report,1744085340
BHR13586,2025-04-02,2025,1,Demonstrations,Protests,Peaceful protest,Protesters (Bahrain),,Protesters,,,,Protesters only,,48,Middle East,Bahrain,Capital,,,Manama,26.2279,50.5857,1,ADHRB; Bahrain Alyoum; Twitter,New media-National,"On 2 April 2025, a number of detainees released as part of the issued royal pardon staged a sit-in in front of the House of Representatives and the Shura Council in Manama (Capital) against the decision of the Ministry of Housing, such as changes in the housing request dates and the failure to provide retroactive housing allowances, and to demand their rights to obtain housing services.",0,crowd size=no report,1744085340
BHR13588,2025-03-28,2025,1,Demonstrations,Riots,Violent demonstration,Rioters (Bahrain),February 14 Youth Coalition,Rioters,,,,Rioters only,,48,Middle East,Bahrain,Muharraq,,,Samahij,26.28,50.635,1,14 February Revolution Youth Coalition,Other,"On 28 March 2025, demonstrators, including the February 14 Youth Coalition, blocked a road with burning tires in Samahij (Muharraq) as part of a demonstration in rejection of Bahrain's normalization with Israel.",0,crowd size=no report,1744085340
BHR13590,2025-03-31,2025,1,Demonstrations,Riots,Violent demonstration,Rioters (Bahrain),February 14 Youth Coalition,Rioters,,,,Rioters only,,48,Middle East,Bahrain,Northern,,,Bu Quwa,26.2047,50.52,1,14 February Revolution Youth Coalition,Other,"On 31 March 2025, demonstrators, including the February 14 Youth Coalition, blocked a road with burning tires in Bu Quwa (Northern) as part of a demonstration in solidarity with the political prisoners.",0,crowd size=no report,1744085340
BHR13591,2025-04-01,2025,1,Demonstrations,Riots,Violent demonstration,Rioters (Bahrain),February 14 Youth Coalition,Rioters,,,,Rioters only,,48,Middle East,Bahrain,Capital,,,Al Akr,26.1431,50.6103,1,ADHRB; Al Wefaq National Islamic Society,New media-National,"On 1 April 2025, demonstrators, including the February 14 Youth Coalition, blocked a road with burning tires in Al Akr (Capital) as part of a demonstration to commemorate the anniversary of an anti-government demonstrator who died in 2014.",0,crowd size=no report,1744085340
BHR13592,2025-04-01,2025,1,Demonstrations,Riots,Violent demonstration,Rioters (Bahrain),February 14 Youth Coalition,Rioters,,,,Rioters only,,48,Middle East,Bahrain,Capital,,,Karbabad,26.2303,50.5294,1,14 February Revolution Youth Coalition,Other,"On 1 April 2025, demonstrators, including the February 14 Youth Coalition, blocked a road with burning tires in Karbabad (Capital) as part of a demonstration in solidarity with the political prisoners.",0,crowd size=no report,1744085340
BHR13587,2025-04-03,2025,1,Demonstrations,Protests,Peaceful protest,Protesters (Bahrain),,Protesters,,,,Protesters only,,48,Middle East,Bahrain,Capital,,,Manama,26.2279,50.5857,1,ADHRB; LuaLua TV; Twitter,New media-National,"On 3 April 2025, a number of detainees released as part of the issued royal pardon staged a sit-in in front of the House of Representatives and the Shura Council in Manama (Capital) against the decision of the Ministry of Housing, such as changes in the housing request dates and the failure to provide retroactive housing allowances, and to demand their rights to obtain housing services.",0,crowd size=no report,1744664315
BHR13579,2025-04-04,2025,1,Demonstrations,Protests,Peaceful protest,Protesters (Bahrain),February 14 Youth Coalition,Protesters,,,,Protesters only,,48,Middle East,Bahrain,Muharraq,,,Samahij,26.28,50.635,1,14 February Revolution Youth Coalition; ADHRB; Al Wefaq National Islamic Society,Other-New media,"On 4 April 2025, demonstrators, including the February 14 Youth Coalition, held a protest march in Samahij (Muharraq) in solidarity with the Palestinian and Yemen people.",0,crowd size=no report,1744664315
BHR13593,2025-04-04,2025,1,Demonstrations,Protests,Peaceful protest,Protesters (Bahrain),Bahraini Society Against Normalisation with Zionist Enemy,Protesters,,,,Protesters only,,48,Middle East,Bahrain,Capital,,,Manama - Adliya,26.216,50.5846,1,ADHRB; AhlulBayt News Agency; Al Wefaq National Islamic Society,New media-National,"On 4 April 2025, dozens of the Bahraini Society Against Normalization with Zionist Enemy held a protest stand in the '7th October' square in Manama - Adliya (Capital) in solidarity with the Palestinian people and to denounce the ongoing violence in Gaza.",0,crowd size=dozens,1744679459
BHR13594,2025-04-04,2025,1,Demonstrations,Protests,Peaceful protest,Protesters (Bahrain),February 14 Youth Coalition,Protesters,,,,Protesters only,,48,Middle East,Bahrain,Capital,,,Karbabad,26.2303,50.5294,1,14 February Revolution Youth Coalition; ADHRB; Karbabad Media; LuaLua TV,Other-New media,"On 4 April 2025, demonstrators, including the February 14 Youth Coalition, held a protest march in Karbabad (Capital) as part of a symbolic funeral to honor Hassan Nasrallah the general secretary of Lebanese Hezbollah and to show support for the resistance against Israel, and in solidarity with political prisoners and the Palestinian people.",0,crowd size=no report,1744679459
BHR13595,2025-04-05,2025,1,Demonstrations,Protests,Peaceful protest,Protesters (Bahrain),February 14 Youth Coalition,Protesters,,,,Protesters only,,48,Middle East,Bahrain,Northern,,,Aali,26.1619,50.5164,1,14 February Revolution Youth Coalition; ADHRB; Bahrain Alyoum; LuaLua TV,Other-National,"On 5 April 2025, demonstrators, including the February 14 Youth Coalition, held a protest march in Aali (Northern) in solidarity with the people of Palestine, Lebanon, and Yemen.",0,crowd size=no report,1744679459
BHR13596,2025-04-05,2025,1,Demonstrations,Protests,Peaceful protest,Protesters (Bahrain),February 14 Youth Coalition,Protesters,,,,Protesters only,,48,Middle East,Bahrain,Capital,,,Al Muqsha,26.2197,50.5231,1,14 February Revolution Youth Coalition; ADHRB; Bahrain Alyoum,Other-National,"On 5 April 2025, demonstrators, including the February 14 Youth Coalition, held a protest march in Al Muqsha (Capital) in solidarity with the people of Palestine, Lebanon, and Yemen. And in solidarity with the political prisoners.",0,crowd size=no report,1744679459
BHR13597,2025-04-05,2025,1,Demonstrations,Protests,Peaceful protest,Protesters (Bahrain),February 14 Youth Coalition,Protesters,,,,Protesters only,,48,Middle East,Bahrain,Northern,,,Shahrakkan,26.0753,50.5014,1,14 February Revolution Youth Coalition,Other,"On 5 April 2025, demonstrators, including the February 14 Youth Coalition, held a protest march in Shahrakkan (Northern) as part of a symbolic funeral to honor Hassan Nasrallah the general secretary of Lebanese Hezbollah and to show support for the resistance against Israel, and in solidarity with political prisoners and the Palestinian people.",0,crowd size=no report,1744679459
BHR13598,2025-04-05,2025,1,Demonstrations,Protests,Peaceful protest,Protesters (Bahrain),February 14 Youth Coalition,Protesters,,,,Protesters only,,48,Middle East,Bahrain,Northern,,,Al Diraz,26.2181,50.4706,1,14 February Revolution Youth Coalition; ADHRB; Bahrain Alyoum; LuaLua TV,Other-National,"On 5 April 2025, demonstrators, including the February 14 Youth Coalition, held a protest march in Al Diraz (Northern) in solidarity with the people of Palestine, Lebanon, and Yemen, and in solidarity with political prisoners.",0,crowd size=no report,1744679459
BHR13599,2025-04-05,2025,1,Demonstrations,Riots,Violent demonstration,Rioters (Bahrain),February 14 Youth Coalition,Rioters,,,,Rioters only,,48,Middle East,Bahrain,Capital,,,Al Daih,26.225,50.5362,1,14 February Revolution Youth Coalition,Other,"On 5 April 2025, demonstrators, including the February 14 Youth Coalition, blocked a road with burning materials in Al Daih (Capital) as part of a demonstration in solidarity with the political prisoners.",0,crowd size=no report,1744679459
BHR13601,2025-04-05,2025,1,Demonstrations,Protests,Peaceful protest,Protesters (Bahrain),,Protesters,,,,Protesters only,,48,Middle East,Bahrain,Northern,,,Barbar,26.2294,50.4806,1,LuaLua TV,National,"On 5 April 2025, demonstrators held a protest march in Barbar (Northern) to commemorate the burial of Hassan Nasrallah, the general secretary of Lebanese Hezbollah, to show support for the people of Palestine in Gaza, and to condemn the escalation of violence in Gaza.",0,crowd size=no report,1744679459
BHR13602,2025-04-04,2025,1,Political violence,Violence against civilians,Attack,Police Forces of Bahrain (1999-) Prison Guards,,State forces,Civilians (Bahrain),Prisoners (Bahrain),Civilians,State forces-Civilians,Civilian targeting,48,Middle East,Bahrain,Southern,,,Jaw Prison,25.9916,50.6165,1,14 February Revolution Youth Coalition; ADHRB; Prisoners Affairs Authority in Bahrain,Other-New media,"On 4 April 2025, prison guards stormed Wards 2 and 3, assaulting and severely beating the political prisoners in building 3 in Jaw Prison (Southern), causing various injuries among prisoners. The raid was aimed at forcibly transferring several prisoners to another building.",0,,1754409470
BHR13603,2025-04-07,2025,1,Demonstrations,Riots,Violent demonstration,Rioters (Bahrain),February 14 Youth Coalition,Rioters,,,,Rioters only,,48,Middle East,Bahrain,Capital,,,Al Akr,26.1431,50.6103,1,14 February Revolution Youth Coalition,Other,"On 7 April 2025, demonstrators, including the February 14 Youth Coalition, blocked a road with burning materials in Al Akr (Capital) as part of a demonstration in solidarity with the political prisoners.",0,crowd size=no report,1744679459
BHR13604,2025-04-07,2025,1,Demonstrations,Riots,Violent demonstration,Rioters (Bahrain),February 14 Youth Coalition,Rioters,,,,Rioters only,,48,Middle East,Bahrain,Capital,,,Sanabis,26.2259,50.5452,1,14 February Revolution Youth Coalition,Other,"On 7 April 2025, demonstrators, including the February 14 Youth Coalition, blocked a road with burning materials in Sanabis (Capital) as part of a demonstration in solidarity with the political prisoners.",0,crowd size=no report,1744679459
BHR13605,2025-04-07,2025,1,Demonstrations,Protests,Protest with intervention,Protesters (Bahrain),,Protesters,Police Forces of Bahrain (1999-),,State forces,State forces-Protesters,,48,Middle East,Bahrain,Capital,,,Manama,26.2279,50.5857,1,ADHRB; Bahrain Alyoum; Twitter,New media-National,"On 7 April 2025, a number of detainees released as part of the issued royal pardon held a sit-in in front of the Office of the Prime Minister in Manama (Capital) against the decision of the Ministry of Housing, such as changes in the housing request dates and the failure to provide retroactive housing allowances, and to demand their rights to obtain housing services. The protest was aimed at highlighting what they described as unfair and unconstitutional actions by the Ministry of Housing. Police forces arrived at the location, surrounded them and requested their ID cards, and brought them to a police station for interrogation. They were release after pledging to report to a police station if summoned.",0,crowd size=no report,1753969827
BHR13606,2025-04-08,2025,1,Demonstrations,Riots,Violent demonstration,Rioters (Bahrain),February 14 Youth Coalition,Rioters,,,,Rioters only,,48,Middle East,Bahrain,Southern,,,Nuwaidrat,26.1347,50.5975,1,14 February Revolution Youth Coalition,Other,"On 8 April 2025, demonstrators, including the February 14 Youth Coalition, blocked a road with burning materials in Nuwaidrat (Southern) as part of a demonstration in solidarity with the political prisoners.",0,crowd size=no report,1744679459
BHR13607,2025-04-11,2025,1,Demonstrations,Riots,Violent demonstration,Rioters (Bahrain),February 14 Youth Coalition,Rioters,,,,Rioters only,,48,Middle East,Bahrain,Northern,,,Sar,26.1942,50.4819,1,14 February Revolution Youth Coalition,Other,"On 11 April 2025, demonstrators, including the February 14 Youth Coalition, blocked a road with burning tires in Sar (Northern) as part of a demonstration against the Bahrain Grand Prix event taking place the next day.",0,crowd size=no report,1744679459
BHR13608,2025-04-11,2025,1,Demonstrations,Riots,Violent demonstration,Rioters (Bahrain),February 14 Youth Coalition,Rioters,,,,Rioters only,,48,Middle East,Bahrain,Capital,,,Jidd Hafs,26.2167,50.5333,1,14 February Revolution Youth Coalition,Other,"On 11 April 2025, demonstrators, including the February 14 Youth Coalition, blocked a road with burning tires in Jidd Hafs (Capital) as part of a demonstration in solidarity with the political prisoners.",0,crowd size=no report,1744679459
BHR13609,2025-04-11,2025,1,Demonstrations,Riots,Violent demonstration,Rioters (Bahrain),February 14 Youth Coalition,Rioters,,,,Rioters only,,48,Middle East,Bahrain,Capital,,,Al Maamir,26.1333,50.6086,1,14 February Revolution Youth Coalition,Other,"On 11 April 2025, demonstrators, including the February 14 Youth Coalition, blocked a road with burning tires in Al Maamir (Capital) as part of a demonstration against the Bahrain Grand Prix event taking place the next day, and in solidarity with political prisoners.",0,crowd size=no report,1744679459
BHR13613,2025-04-04,2025,1,Demonstrations,Protests,Peaceful protest,Protesters (Bahrain),,Protesters,,,,Protesters only,,48,Middle East,Bahrain,Capital,,,Sitrah,26.1547,50.6206,1,ADHRB; Prisoners Affairs Authority in Bahrain,New media-National,"On 4 April 2025, a family of a political prisoner held a sit-in near the Police Station in Sitrah (Capital), demanding information about the inmate's health condition and whereabouts after the violent security raid on Building 3 of Jaw Prison that day.",0,crowd size=no report,1744679459
BHR13614,2025-04-05,2025,1,Demonstrations,Protests,Peaceful protest,Protesters (Bahrain),,Protesters,,,,Protesters only,,48,Middle East,Bahrain,Northern,,,Al Markh,26.2103,50.4733,1,14 February Revolution Youth Coalition; ADHRB; Bahrain Alyoum; LuaLua TV,Other-National,"On 5 April 2025, demonstrators held a protest march in Al Markh (Northern) as part of a symbolic funeral to commemorate the fortieth day since the burial of Hassan Nasrallah, the general secretary of Lebanese Hezbollah, to show support for the people of Palestine in Gaza, and to demand the release of political prisoners.",0,crowd size=no report,1744679459
BHR13615,2025-04-05,2025,1,Demonstrations,Protests,Peaceful protest,Protesters (Bahrain),,Protesters,,,,Protesters only,,48,Middle East,Bahrain,Capital,,,Southern Sehla,26.2019,50.5368,1,14 February Revolution Youth Coalition; ADHRB; Bahrain Alyoum; LuaLua TV,Other-National,"On 5 April 2025, demonstrators held a protest march in Southern Sehla (Capital) as part of a symbolic funeral to commemorate the fortieth day since the burial of Hassan Nasrallah, the general secretary of Lebanese Hezbollah, to show support for the people of Palestine in Gaza, and demand the release of political prisoners.",0,crowd size=no report,1744679459
BHR13616,2025-04-05,2025,1,Demonstrations,Protests,Peaceful protest,Protesters (Bahrain),,Protesters,,,,Protesters only,,48,Middle East,Bahrain,Northern,,,Abu Saybi,26.2175,50.5069,1,LuaLua TV,National,"On 5 April 2025, demonstrators held a protest march in Abu Saybi (Northern) to commemorate the burial of Hassan Nasrallah, the general secretary of Lebanese Hezbollah, to show support for the people of Palestine in Gaza, and to condemn the escalation of violence in Gaza.",0,crowd size=no report,1744679459
BHR13617,2025-04-06,2025,1,Demonstrations,Protests,Peaceful protest,Protesters (Bahrain),,Protesters,,,,Protesters only,,48,Middle East,Bahrain,Northern,,,Karzakkan,26.1156,50.4819,1,ADHRB; Mayadeen Al Wefaq,National,"On 6 April 2025, demonstrators held a protest in Karzakkan (Northern) denouncing the ongoing violence in Gaza.",0,crowd size=no report,1744679459
BHR13618,2025-04-06,2025,1,Demonstrations,Protests,Peaceful protest,Protesters (Bahrain),,Protesters,,,,Protesters only,,48,Middle East,Bahrain,Southern,,,Nuwaidrat,26.1347,50.5975,1,ADHRB; Instagram,New media-National,"On 6 April 2025, demonstrators held a protest in Nuwaidrat (Southern) to commemorate the death of a political prisoner who died in 2021 in Jaw Prison.",0,crowd size=no report,1744679459
BHR13619,2025-04-06,2025,1,Demonstrations,Protests,Peaceful protest,Protesters (Bahrain),,Protesters,,,,Protesters only,,48,Middle East,Bahrain,Capital,,,Manama,26.2279,50.5857,1,ADHRB; Instagram; Twitter,New media-National,"On 6 April 2025, a number of detainees released as part of the issued royal pardon staged a sit-in in front of the Ministry of Housing building in Manama (Capital) against the decision of the Ministry of Housing, such as changes in the housing request dates and the failure to provide retroactive housing allowances, and to demand their rights to obtain housing services.",0,crowd size=no report,1744679459
BHR13610,2025-04-11,2025,1,Demonstrations,Protests,Protest with intervention,Protesters (Bahrain),February 14 Youth Coalition,Protesters,Police Forces of Bahrain (1999-),,State forces,State forces-Protesters,,48,Middle East,Bahrain,Capital,,,Bilad al Qadim,26.2117,50.5619,1,14 February Revolution Youth Coalition; ADHRB; Bahrain Alyoum; LuaLua TV; Mayadeen Al Wefaq; Prisoners Affairs Authority in Bahrain; Twitter,Other-New media,"On 11 April 2025, demonstrators, including the February 14 Youth Coalition, held a protest in Bilad al Qadim (Capital) against the Bahrain Grand Prix event taking place the next day, in solidarity with Palestinians in Gaza, and to denounce the ongoing violence in Gaza. They also demanded the release of the political prisoners. Security forces suppressed the protest and arrested a number of protesters.",0,crowd size=no report,1753969827
BHR13620,2025-04-10,2025,1,Demonstrations,Protests,Peaceful protest,Protesters (Bahrain),,Protesters,,,,Protesters only,,48,Middle East,Bahrain,Southern,,,Nuwaidrat,26.1347,50.5975,1,ADHRB; Instagram,New media-National,"On 10 April 2025, a demonstration was held in Nuwaidrat (Southern) in solidarity with political prisoners.",0,crowd size=no report,1745363457
BHR13621,2025-04-11,2025,1,Demonstrations,Protests,Peaceful protest,Protesters (Bahrain),Bahraini Society Against Normalisation with Zionist Enemy,Protesters,,,,Protesters only,,48,Middle East,Bahrain,Capital,,,Manama - Adliya,26.216,50.5846,1,ADHRB; AhlulBayt News Agency; Al Wefaq National Islamic Society; Bahrain Alyoum,New media-National,"On 11 April 2025, the Bahraini Society Against Normalization with Zionist Enemy held a protest stand in the '7th October' square in Manama - Adliya (Capital) in solidarity with the Palestinian people in Gaza.",0,crowd size=no report,1745363457
BHR13622,2025-04-11,2025,1,Demonstrations,Protests,Peaceful protest,Protesters (Bahrain),,Protesters,,,,Protesters only,,48,Middle East,Bahrain,Muharraq,,,Al Hidd,26.2455,50.6541,1,ADHRB; Al Wefaq National Islamic Society; Bahrain Alyoum,New media-National,"On 11 April 2025, a demonstration was held in Al Hidd (Muharraq) in solidarity with the Palestinian people in Gaza.",0,crowd size=no report,1745363457
BHR13623,2025-04-13,2025,1,Demonstrations,Protests,Peaceful protest,Protesters (Bahrain),,Protesters,,,,Protesters only,,48,Middle East,Bahrain,Capital,,,Manama,26.2279,50.5857,1,ADHRB; Bahrain Alyoum; Instagram,New media-National,"On 13 April 2025, a number of detainees released as part of the issued royal pardon staged a sit-in in front of the Ministry of Housing building in Manama (Capital) against the decision of the Ministry of Housing, such as changes in the housing request dates and the failure to provide retroactive housing allowances, and to demand their rights to obtain housing services.",0,crowd size=no report,1745363457
BHR13624,2025-04-13,2025,1,Demonstrations,Riots,Violent demonstration,Rioters (Bahrain),February 14 Youth Coalition,Rioters,,,,Rioters only,,48,Middle East,Bahrain,Northern,,,Jannusan,26.2305,50.4947,1,14 February Revolution Youth Coalition,Other,"On 13 April 2025, demonstrators, including the February 14 Youth Coalition, blocked a road with burning tires in Jannusan (Northern) as part of a demonstration against the Bahrain Grand Prix event taking place during the week.",0,crowd size=no report,1745363457
BHR13625,2025-04-13,2025,1,Demonstrations,Riots,Violent demonstration,Rioters (Bahrain),February 14 Youth Coalition,Rioters,,,,Rioters only,,48,Middle East,Bahrain,Northern,,,Maqabah,26.2108,50.4875,1,14 February Revolution Youth Coalition,Other,"On 13 April 2025, demonstrators, including the February 14 Youth Coalition, blocked a road with burning tires in Maqabah (Northern) as part of a demonstration against the Bahrain Grand Prix event taking place during the week.",0,crowd size=no report,1745363457
BHR13626,2025-04-13,2025,1,Demonstrations,Riots,Violent demonstration,Rioters (Bahrain),February 14 Youth Coalition,Rioters,,,,Rioters only,,48,Middle East,Bahrain,Northern,,,Karzakkan,26.1156,50.4819,1,14 February Revolution Youth Coalition,Other,"On 13 April 2025, demonstrators, including the February 14 Youth Coalition, blocked a road with burning tires in Karzakkan (Northern) as part of a demonstration against the Bahrain Grand Prix event taking place during the week.",0,crowd size=no report,1745363457
BHR13627,2025-04-14,2025,1,Demonstrations,Riots,Violent demonstration,Rioters (Bahrain),February 14 Youth Coalition,Rioters,,,,Rioters only,,48,Middle East,Bahrain,Capital,,,Sitrah,26.1547,50.6206,1,14 February Revolution Youth Coalition,Other,"On 14 April 2025, demonstrators, including the February 14 Youth Coalition, blocked a road with burning tires in Sitrah (Capital) as part of a demonstration against the Bahrain Grand Prix event taking place during the week.",0,crowd size=no report,1745363457
BHR13628,2025-04-14,2025,1,Demonstrations,Riots,Violent demonstration,Rioters (Bahrain),February 14 Youth Coalition,Rioters,,,,Rioters only,,48,Middle East,Bahrain,Capital,,,Al Maamir,26.1333,50.6086,1,14 February Revolution Youth Coalition,Other,"On 14 April 2025, demonstrators, including the February 14 Youth Coalition, blocked a road with burning tires in Al Maamir (Capital) as part of a demonstration against the Bahrain Grand Prix event taking place during the week.",0,crowd size=no report,1745363457
BHR13629,2025-04-15,2025,1,Demonstrations,Protests,Peaceful protest,Protesters (Bahrain),,Protesters,,,,Protesters only,,48,Middle East,Bahrain,Capital,,,Manama,26.2279,50.5857,1,14 February Revolution Youth Coalition; ADHRB; Al Wefaq National Islamic Society; Twitter,Other-New media,"On 15 April 2025, a number of detainees released as part of the issued royal pardon staged a sit-in in front of the Ministry of Housing building in Manama (Capital) against the decision of the Ministry of Housing, such as changes in the housing request dates and the failure to provide retroactive housing allowances, and to demand their rights to obtain housing services.",0,crowd size=no report,1745877310
BHR13635,2025-04-16,2025,1,Demonstrations,Protests,Peaceful protest,Protesters (Bahrain),,Protesters,,,,Protesters only,,48,Middle East,Bahrain,Capital,,,Manama,26.2279,50.5857,1,ADHRB; Twitter,New media-National,"On 16 April 2025, a number of detainees released as part of the issued royal pardon staged a sit-in in front of the Ministry of Housing building in Manama (Capital) to demand their housing rights, which they claim have been unjustly denied by the government.",0,crowd size=no report,1745881585
BHR12944,2024-07-20,2024,1,Demonstrations,Protests,Peaceful protest,Protesters (Iraq),February 14 Youth Coalition,Protesters,,,,Protesters only,,48,Middle East,Bahrain,Capital,,,Bilad al Qadim,26.2117,50.5619,1,14 February Revolution Youth Coalition; ADHRB; Bahrain Alyoum,Other-National,"On 20 July 2024, demonstrators, including February 14 Youth Coalition, held a protest in Bilad al Qadim (Capital) demanding the release of political prisoners who suffered from restrictions and punitive measures by the prison administration in Jaw Prison, including electricity and water outages. Demonstrators also raised slogans against Israel and demanded the cancellation of the normalization agreement.",0,crowd size=no report,1748296548
BHR13054,2024-10-04,2024,1,Demonstrations,Protests,Protest with intervention,Protesters (Bahrain),February 14 Youth Coalition; Shiite Muslim Group (Bahrain),Protesters,Police Forces of Bahrain (1999-),,State forces,State forces-Protesters,,48,Middle East,Bahrain,Northern,,,Al Diraz,26.2181,50.4706,1,14 February Revolution Youth Coalition; ADHRB; Al Wafa; Bahrain Alyoum; Bahrain Mirror; Duraz Mirror; LuaLua TV,Other-New media,"On 4 October 2024, demonstrators, including February 14 Youth Coalition and Shiite Muslims, protested in front of Al Imam Sadiq Mosque in Al Diraz (Northern) after performing Friday prayers to denounce the assassination of Hasan Nasrullah the general secretary of Lebanese Hezbollah by Israel, in solidarity with Palestinians and Lebanese people as well as 'resistance' groups, and to condemn Israeli actions in the latest round of violence in Palestine and Lebanon. Protests also condemned the Bahraini government's normalization of relations with Israel. Bahrain police forces deployed in front of the mosque, surrounded the area, and dispersed the protest by firing rubber-coated bullets, tear gas cannisters, and sound bombs.",0,crowd size=no report,1753969827
BHR13089,2024-10-09,2024,1,Demonstrations,Protests,Peaceful protest,Protesters (Bahrain),February 14 Youth Coalition,Protesters,,,,Protesters only,,48,Middle East,Bahrain,Capital,,,Sanabis,26.2259,50.5452,1,14 February Revolution Youth Coalition; ADHRB; Al Wefaq National Islamic Society; Bahrain Alyoum,Other-New media,"On 9 October 2024, demonstrators, including February 14 Youth Coalition, held a protest in Sanabis (Capital) to show support to Hezbollah in it actions against Israel. The protesters also chanted against Bahrain's normalization of relations with Israel and called for the closure of the Israeli embassy.",0,crowd size=no report,1748296548
BHR13567,2025-03-28,2025,1,Demonstrations,Protests,Peaceful protest,Protesters (Bahrain),Bahraini Society Against Normalisation with Zionist Enemy,Protesters,,,,Protesters only,,48,Middle East,Bahrain,Capital,,,Manama - Adliya,26.216,50.5846,1,ADHRB; Instagram,New media-National,"On 28 March 2025, the Bahraini Society Against Normalization organized a sit-in in front of its headquarters in Manama - Adliya (Capital) in solidarity with the Palestinian people in the Gaza Strip, demanding the cancellation of normalization and diplomatic ties with Israel, and the expulsion of the Israeli Ambassador from Bahrain.",0,crowd size=no report,1748296548
BHR13589,2025-03-29,2025,1,Demonstrations,Riots,Violent demonstration,Rioters (Bahrain),February 14 Youth Coalition,Rioters,,,,Rioters only,,48,Middle East,Bahrain,Northern,,,Maqabah,26.2108,50.4875,1,14 February Revolution Youth Coalition,Other,"On 29 March 2025, demonstrators, including the February 14 Youth Coalition, blocked a road with burning tires in Maqabah (Northern) as part of a demonstration to commemorate the International Quds Day and in rejection of normalization with Israel.",0,crowd size=no report,1748296548
BHR13563,2025-03-28,2025,1,Strategic developments,Strategic developments,Other,Government of Bahrain (1999-),,State forces,Civilians (Bahrain),Prisoners (Bahrain),Civilians,State forces-Civilians,,48,Middle East,Bahrain,Capital,,,Manama,26.2279,50.5857,1,Bahrain News Agency; LuaLua TV,National,"Other: On 28 March 2025, Bahrain's King issued a royal decree pardoning 630 convicts on the occasion of Eid al-Fitr (coded to Manama) (Capital).",0,,1750109880
BHR13578,2025-04-04,2025,1,Demonstrations,Protests,Peaceful protest,Protesters (Bahrain),February 14 Youth Coalition,Protesters,,,,Protesters only,,48,Middle East,Bahrain,Northern,,,Abu Saybi,26.2175,50.5069,1,14 February Revolution Youth Coalition; ADHRB; Al Wefaq National Islamic Society,Other-New media,"On 4 April 2025, demonstrators, including the February 14 Youth Coalition, held a protest march in Abu Saybi (Northern) to show solidarity with political prisoners, as well as against Israel and in support of Palestine, Lebanon and Yemen.",0,crowd size=no report,1750109881
