event_id_cnty,event_date,year,time_precision,disorder_type,event_type,sub_event_type,actor1,assoc_actor_1,inter1,actor2,assoc_actor_2,inter2,interaction,civilian_targeting,iso,region,country,admin1,admin2,admin3,location,latitude,longitude,geo_precision,source,source_scale,notes,fatalities,tags,timestamp
EGY12072,2024-01-31,2024,1,Demonstrations,Protests,Peaceful protest,Protesters (Egypt),Labor Group (Egypt),Protesters,,,,Protesters only,,818,Northern Africa,Egypt,Qalyubia,Al Obor,,El Obour City,30.2314,31.4764,1,New Arab,Regional,"On 31 January 2024, hundreds of employees of the T&C factory protested outside its headquarters in El Obour City (Al Obor, Qalyubia) demanding salary raises and confirmation of temporary workers.",0,crowd size=hundreds,1764637279
EGY12073,2024-02-01,2024,1,Demonstrations,Protests,Peaceful protest,Protesters (Egypt),Labor Group (Egypt),Protesters,,,,Protesters only,,818,Northern Africa,Egypt,Qalyubia,Al Obor,,El Obour City,30.2314,31.4764,1,New Arab,Regional,"On 1 February 2024, for the second consecutive day, hundreds of employees of the T&C factory protested outside its headquarters in El Obour City (Al Obor, Qalyubia) demanding salary raises and confirmation of temporary workers.",0,crowd size=hundreds,1764637279
EGY12077,2024-02-03,2024,1,Demonstrations,Protests,Peaceful protest,Protesters (Egypt),Labor Group (Egypt),Protesters,,,,Protesters only,,818,Northern Africa,Egypt,Suez,Al Arbaeen,,Suez,29.9737,32.5263,1,Madamasr,National,"On 3 February 2024, workers at the Five Star Mills Company began a sit-in in Suez (Al Arbaeen, Suez) demanding an annual wage increase.",0,crowd size=no report,1708988309
EGY12078,2024-02-22,2024,1,Demonstrations,Protests,Protest with intervention,Protesters (Egypt),Labor Group (Egypt),Protesters,Police Forces of Egypt (2014-),,State forces,State forces-Protesters,,818,Northern Africa,Egypt,Gharbia,Greater Mahala 1,,Al Mahallah al Kubra,30.9761,31.1669,1,Madamasr; New Arab,National-Regional,"On 22 February 2024, workers announced a strike and gathered at the factory in Al Mahallah al Kubra (Greater Mahala 1, Gharbia). Egyptian police forces closed factory gates to prevent protesting workers from entering the Misr Spinning and Weaving Company factory yard. Workers demanded salary raises in line with a presidential directive raising the minimum wage.",0,crowd size=no report,1764637279
EGY12079,2024-02-24,2024,1,Demonstrations,Protests,Peaceful protest,Protesters (Egypt),Labor Group (Egypt),Protesters,,,,Protesters only,,818,Northern Africa,Egypt,Gharbia,Greater Mahala 1,,Al Mahallah al Kubra,30.9761,31.1669,1,Madamasr; New Arab,National-Regional,"On 24 February 2024, three days after workers declared a strike, 7000 workers at the Ghazl al-Mahalla factory complex held a protest in the central square of the factory in Al Mahallah al Kubra (Greater Mahala 1, Gharbia), demanding a raise to their daily meal allowance and higher wages.",0,crowd size=7000,1764637279
EGY12080,2024-02-28,2024,1,Demonstrations,Protests,Peaceful protest,Protesters (Egypt),Labor Group (Egypt),Protesters,,,,Protesters only,,818,Northern Africa,Egypt,Cairo,New Cairo 2,,Cairo - Madinaty,30.0914,31.6434,1,Madamasr,National,"On 28 February 2024, hundreds of employees of the Alexandria Construction company held a protest outside the company's office in Cairo - Madinaty (New Cairo 2, Cairo), demanding better benefits and payment of late dues.",0,crowd size=hundreds,1709590324
EGY12070,2024-01-08,2024,1,Demonstrations,Protests,Peaceful protest,Protesters (Egypt),Labor Group (Egypt),Protesters,,,,Protesters only,,818,Northern Africa,Egypt,South Sinai,Sharm El Shiekh,,Sharm el-Sheikh,27.8636,34.2881,1,Madamasr,National,"On 8 January 2024, over 200 employees of Care Services held a sit-in in Sharm el-Sheikh (Sharm El Shiekh, South Sinai) to call for salary raises, housing improvements, and greater benefits. Care Services provides maintenance, gardening, cooking, and cleaning services to the Multinational Force and Observers in the Sinai Peninsula.",0,crowd size=over 200,1710192127
EGY12082,2024-01-03,2024,1,Demonstrations,Protests,Peaceful protest,Protesters (Egypt),Labor Group (Egypt),Protesters,,,,Protesters only,,818,Northern Africa,Egypt,South Sinai,Sharm El Shiekh,,Sharm el-Sheikh,27.8636,34.2881,1,Al Manassa,National,"On 3 January 2024, employees of Care Services held an open sit-in inside their factory in Sharm el-Sheikh (Sharm El Shiekh, South Sinai) to call for salary raises, housing improvements, and greater benefits. They ended their sit-in on 4 January. Care Services provides maintenance, gardening, cooking, and cleaning services to the Multinational Force and Observers in the Sinai Peninsula.",0,crowd size=no report,1710202780
EGY12084,2024-01-31,2024,1,Demonstrations,Protests,Peaceful protest,Protesters (Egypt),Labor Group (Egypt),Protesters,,,,Protesters only,,818,Northern Africa,Egypt,Qalyubia,Al Obor,,El Obour City,30.2314,31.4764,1,Al Araby,International,"On 31 January 2024, hundreds of employees at TNC company protested inside their factory in El Obour City (Al Obor, Qalyubia) calling for an increase of their salaries.",0,crowd size=hundreds,1710202780
EGY12085,2024-02-01,2024,1,Demonstrations,Protests,Peaceful protest,Protesters (Egypt),Labor Group (Egypt),Protesters,,,,Protesters only,,818,Northern Africa,Egypt,Qalyubia,Al Obor,,El Obour City,30.2314,31.4764,1,Al Araby,International,"On 1 February 2024, for a second consecutive day, hundreds of employees at TNC company protested inside their factory in El Obour City (Al Obor, Qalyubia) calling for an increase in their salaries.",0,crowd size=hundreds,1710202780
EGY12089,2024-03-15,2024,1,Demonstrations,Protests,Protest with intervention,Protesters (Egypt),,Protesters,Police Forces of Egypt (2014-),,State forces,State forces-Protesters,,818,Northern Africa,Egypt,Alexandria,Al Dekhila,,Agami,31.1259,29.7854,1,New Arab,Regional,"On 15 March 2024, Egyptian policy forces dispersed a protest and arrested 17 protesters when residents gathered in Agami (Al Dekhila, Alexandria) to protest against high prices and poor quality of life under President Sisi.",0,crowd size=no report,1764637279
EGY12090,2024-03-18,2024,1,Demonstrations,Protests,Peaceful protest,Protesters (Egypt),,Protesters,,,,Protesters only,,818,Northern Africa,Egypt,Cairo,New Cairo 1,,New Administrative Capital,29.9817,31.7211,1,Madamasr; New Arab,National-Regional,"On 18 March 2024, public figures held a protest outside the Ministry of Foreign Affairs in the New Administrative Capital (New Cairo 1, Cairo), calling for the opening of the Rafah crossing to provide aid to Palestinians.",0,crowd size=no report,1764637279
EGY12091,2024-03-18,2024,1,Political violence,Violence against civilians,Attack,Unidentified Armed Group (Egypt),,Political militia,Civilians (Egypt),Dignity Party,Civilians,Political militia-Civilians,Civilian targeting,818,Northern Africa,Egypt,Cairo,New Cairo 1,,New Administrative Capital,29.9817,31.7211,1,New Arab,Regional,"On 18 March 2024, members of an unidentified armed group tried to attack an Egyptian politician from the Egyptian Dignity Party in New Administrative Capital (New Cairo 1, Cairo) after he participated in a protest calling for the opening of the Rafah crossing to provide aid to Gaza. Civilians in the immediate vicinity intervened, stopping the attack.",0,,1764637279
EGY12092,2024-02-06,2024,2,Political violence,Violence against civilians,Attack,Police Forces of Egypt (2014-),,State forces,Civilians (Egypt),,Civilians,State forces-Civilians,Civilian targeting,818,Northern Africa,Egypt,Port Said,Al Manakh,,Port Said,31.2565,32.2841,1,FJ Portal,National,"Around 6 February 2024, police forces killed a civilian while he tried to prevent the demolition of his home by caterpillars in Al Jamil area in Port Said (Al Manakh, Port Said). It was part of the authorities campaign to demolish informal settlements.",1,,1755119489
EGY12093,2024-03-24,2024,2,Political violence,Violence against civilians,Attack,Military Forces of Egypt (2014-) Special Forces,,State forces,Civilians (Egypt),Prisoners (Egypt),Civilians,State forces-Civilians,Civilian targeting,818,Northern Africa,Egypt,Dakahlia,Gamasa,,Gamasa,31.4363,31.5494,1,New Arab,Regional,"Around 24 March 2024 (as reported), Egyptian special forces fired gas bombs and beat prisoners with sticks and batons at the Gamasa Prison in Gamasa (Gamasa, Dakahlia). The reason for the attack is unknown.",0,,1764637279
EGY12094,2024-03-27,2024,1,Demonstrations,Protests,Peaceful protest,Protesters (Egypt),Labor Group (Egypt),Protesters,,,,Protesters only,,818,Northern Africa,Egypt,Cairo,New Cairo 2,,Cairo - Madinaty,30.0914,31.6434,1,Madamasr,National,"On 27 March 2024, around 400 engineers held a protest outside the offices of the Alexandria Construction Company in Cairo - Madinaty (New Cairo 2, Cairo), calling for salary raises and better health insurance. This protest was held parallel to another protest happening at the company projects in the New Administrative Capital.",0,crowd size=around 400,1712100217
EGY12095,2024-03-27,2024,1,Demonstrations,Protests,Peaceful protest,Protesters (Egypt),Labor Group (Egypt),Protesters,,,,Protesters only,,818,Northern Africa,Egypt,Cairo,New Cairo 1,,New Administrative Capital,29.9817,31.7211,1,Madamasr,National,"On 27 March 2024, engineers held a protest inside Alexandria Construction Company Celia and Nour projects in the New Administrative Capital (New Cairo 1, Cairo), calling for salary raises and better health insurance. This protest was held parallel to another protest happening at the company's offices in Madinaty.",0,crowd size=no report,1712100217
EGY12097,2024-04-02,2024,2,Demonstrations,Protests,Peaceful protest,Protesters (Egypt),,Protesters,,,,Protesters only,,818,Northern Africa,Egypt,Matrouh,Mersa Matrouh,,Ras Al Hikma,31.1175,27.776,1,New Arab,Regional,"Around 2 April 2024 (as reported), dozens of residents held a protest in Ras Al Hikma (Mersa Matrouh, Matrouh) after the government decided to displace residents from their homes without compensation as Egypt and the UAE pursue a development project in the area.",0,crowd size=dozens,1764637279
EGY12100,2024-04-07,2024,1,Political violence,Violence against civilians,Attack,Police Forces of Egypt (2014-) Prison Guards,,State forces,Civilians (Egypt),Prisoners (Egypt),Civilians,State forces-Civilians,Civilian targeting,818,Northern Africa,Egypt,Sharqia,Al Ebrahimia,,Al Ibrahemeah,30.7186,31.5635,1,Al Araby Al Jadeed; New Arab,Regional-International,"On 7 April 2024, police forces tortured for hours a number of prisoners held in pre-trial detention at the police station in Al Ibrahemeah (Al Ebrahimia, Sharqia). Police forces used sticks and batons, and caused the detainees fractures and bruises. Several prisoners started a hunger strike after the warden refused to refer the injured to the hospital.",0,,1764637279
EGY12103,2024-04-14,2024,1,Demonstrations,Protests,Peaceful protest,Protesters (Egypt),Labor Group (Egypt),Protesters,,,,Protesters only,,818,Northern Africa,Egypt,Aswan,Aswan City,,Aswan,24.0911,32.8973,1,Madamasr,National,"On 14 April 2024, bill collectors on commission contracts held a protest inside the headquarters of the Aswan Water and Sanitation Company in Aswan (Aswan City, Aswan) to demand an improvement in their contracts. Forces from the National Security Agency intervened and asked the protesters to break up the protest on the promise that they would solve their problem.",0,crowd size=no report,1713830551
EGY12076,2024-02-18,2024,2,Political violence,Violence against civilians,Attack,Unidentified Armed Group (Egypt),,Political militia,Civilians (Yemen),,Civilians,Political militia-Civilians,Civilian targeting,818,Northern Africa,Egypt,Cairo,Al Waily,,Cairo,30.0771,31.2859,2,New Arab; Rassd,National-Regional,"Around 18 February 2024 (as reported), the Director of the Military Industrialization Department at the Yemeni Ministry of Defence was found dead inside his apartment in Cairo (Al Waily, Cairo). Reports indicate he was killed either by stabbing or strangling. The armed group responsible or reason for the killing are unknown.",1,,1764637279
EGY12081,2024-03-02,2024,1,Political violence,Violence against civilians,Attack,Police Forces of Egypt (2014-),,State forces,Civilians (Egypt),,Civilians,State forces-Civilians,Civilian targeting,818,Northern Africa,Egypt,Alexandria,Sedi Gaber,,Sidi Jabir,31.2017,29.9446,1,New Arab,Regional,"On 2 March 2024, Egyptian police forces severely beat and arrested a man who stood on top of a billboard holding a Palestinian flag and chanting against Sisi in Sidi Jabir (Sedi Gaber, Alexandria).",0,,1764637279
EGY12086,2024-03-08,2024,1,Demonstrations,Protests,Protest with intervention,Protesters (Egypt),Journalists (Egypt); Lawyers (Egypt); Women (Egypt),Protesters,Police Forces of Egypt (2014-),,State forces,State forces-Protesters,,818,Northern Africa,Egypt,Cairo,Al Waily,,Cairo,30.0771,31.2859,1,New Arab,Regional,"On 8 March 2024, Egyptian police forces dispersed a protest march in which women including lawyers and journalists marched through Cairo (Al Waily, Cairo), chanting in solidarity with Palestinian women.",0,crowd size=no report,1764637279
EGY12087,2024-02-08,2024,2,Demonstrations,Protests,Peaceful protest,Protesters (Egypt),Journalists (Egypt),Protesters,,,,Protesters only,,818,Northern Africa,Egypt,Cairo,Al Waily,,Cairo,30.0771,31.2859,3,Revsoc,National,"Around 8 February 2024 (as reported), journalists at Al Wafd newspaper staged a protest denouncing the non-payment of their salaries. Unknown location coded to Cairo (Al Waily, Cairo).",0,crowd size=no report,1714445489
EGY12104,2024-04-23,2024,1,Demonstrations,Protests,Protest with intervention,Protesters (Egypt),Journalists (Egypt),Protesters,Police Forces of Egypt (2014-),,State forces,State forces-Protesters,,818,Northern Africa,Egypt,Cairo,Maadi,,Cairo - Al Maadi,29.9667,31.25,1,Madamasr,National,"On 23 April 2024, at least 16 people including a group of journalists and activists were arrested by security forces while holding a feminist protest in solidarity with women in Gaza and Sudan in front of the UN Women regional office in Cairo - Al Maadi (Maadi, Cairo). The 16 people were held in undisclosed locations the first night after their arrest, and were brought before the Supreme State Security Prosecution the following day. They were released on bail after being interrogated on charges of joining an illegal group and illegal assembly.",0,crowd size=no report,1764045636
EGY12105,2024-04-21,2024,1,Demonstrations,Protests,Peaceful protest,Protesters (Egypt),Labor Group (Egypt),Protesters,,,,Protesters only,,818,Northern Africa,Egypt,Qalyubia,Banha City,,Banha,30.4591,31.1786,1,Al Manassa,National,"On 21 April 2024, bill collectors on commission contracts held a protest in front of the headquarters of the Drinking Water and Sanitation Company in Banha (Banha City, Qalyubia) to demand an improvement in their contracts. Similar protests have taken place in recent days in other Egyptian cities such as Aswan (coded separately).",0,crowd size=no report,1714445489
EGY12107,2024-04-22,2024,1,Demonstrations,Protests,Peaceful protest,Protesters (Egypt),Students (Egypt),Protesters,,,,Protesters only,,818,Northern Africa,Egypt,Cairo,New Cairo 3,,Cairo - New Cairo 3,29.9821,31.4596,1,Madamasr,National,"On 22 April 2024, students at the American University in Cairo held a protest on the university's campus in Cairo - New Cairo 3 (New Cairo 3, Cairo) to call on the administration to cut ties with companies accused of aiding the Israeli occupation of Palestine and to commit to greater financial transparency. The protest coincided with the celebration of a Palestine Week organized on campus by a student group.",0,crowd size=no report,1714445489
EGY12108,2024-04-24,2024,1,Demonstrations,Protests,Peaceful protest,Protesters (Egypt),Students (Egypt),Protesters,,,,Protesters only,,818,Northern Africa,Egypt,Cairo,New Cairo 3,,Cairo - New Cairo 3,29.9821,31.4596,1,Madamasr,National,"On 24 April 2024, students at the American University in Cairo held a protest on the university's campus in Cairo - New Cairo 3 (New Cairo 3, Cairo) to call on the administration to cut ties with companies accused of aiding the Israeli occupation of Palestine and to commit to greater financial transparency. AUC students have organized other similar protests over the past week (coded separately).",0,crowd size=no report,1714445489
EGY12111,2024-04-29,2024,1,Demonstrations,Protests,Peaceful protest,Protesters (Egypt),Labor Group (Egypt),Protesters,,,,Protesters only,,818,Northern Africa,Egypt,Menia,Menia City,,Minya,28.1099,30.7503,1,Rassd,National,"On 29 April 2024, bill collectors on commission contracts held a protest in front of the headquarters of the Drinking Water and Sanitation Company in Minya (Menia City, Menia) to demand an improvement in their contracts. Similar protests have taken place in recent weeks in other Egyptian cities, including Aswan, Banha and Giza (all coded separately).",0,crowd size=no report,1715049323
EGY12112,2024-05-07,2024,1,Political violence,Violence against civilians,Attack,Vanguards of Liberation - Martyr Mohamed Salah Group,,Political militia,Civilians (International),Civilians (Canada); Civilians (Israel); Labor Group (International),Civilians,Political militia-Civilians,Civilian targeting,818,Northern Africa,Egypt,Alexandria,Bab Sharqi,,Alexandria,31.1981,29.9192,2,Madamasr,National,"On 7 May 2024, the Vanguards of Liberation killed an Israeli-Canadian businessman somewhere in Alexandria (Bab Sharqi, Alexandria) accusing him of being a spy working for the Israeli Mossad. The armed group was unknown until that moment and this was the first attack it claimed. They stated that they were acting in response to Israel's war in Gaza and to revive the struggle of the Egyptian people against Israel and Israelis in Egypt.",1,,1715641783
EGY12114,2024-05-10,2024,1,Demonstrations,Protests,Peaceful protest,Protesters (Egypt),,Protesters,,,,Protesters only,,818,Northern Africa,Egypt,Sohag,Sohag 1,,Sohag,26.55,31.7,1,Al Araby Al Jadeed,International,"On 10 May 2024, protesters held a protest in Sohag (Sohag 1, Sohag) in support of Palestine and the efforts of the Egyptian state.",0,crowd size=no report,1715641783
EGY12101,2024-04-15,2024,1,Demonstrations,Protests,Peaceful protest,Protesters (Egypt),Labor Group (Egypt),Protesters,,,,Protesters only,,818,Northern Africa,Egypt,Aswan,Aswan City,,Aswan,24.0911,32.8973,1,Madamasr,National,"On 15 April 2024, bill collectors on commission contracts held a protest in front of the headquarters of the Aswan Water and Sanitation Company in Aswan (Aswan City, Aswan) to demand an improvement in their contracts. This is the second such protest held by the company's workers over the past week.",0,crowd size=no report,1716235579
EGY12115,2024-05-12,2024,1,Demonstrations,Protests,Peaceful protest,Protesters (Egypt),,Protesters,,,,Protesters only,,818,Northern Africa,Egypt,Sharqia,Zakazik 2,,Zagazig,30.5877,31.502,1,Egypt Today,National,"On 12 May 2024, residents of Sharqia governorate held a protest in Zagazig (Zakazik 2, Sharqia) against Israel's war in Gaza and to express their support for the Egyptian state's stance on the conflict. The protesters carried both the Egyptian and Palestinian flags to express their support to the Egyptian government and Palestinian. Similar state-supported protests have taken place recently in other cities of the country such as Sohag, 6th October City and Ismailia (all coded separately).",0,crowd size=no report,1716240617
EGY12116,2024-05-12,2024,1,Demonstrations,Protests,Peaceful protest,Protesters (Egypt),,Protesters,,,,Protesters only,,818,Northern Africa,Egypt,Ismailia,Ismailia 2,,Ismailia,30.6043,32.2723,1,Egypt Today,National,"On 12 May 2024, locals held a protest in Ismailia (Ismailia 2, Ismailia) to express their support for the stance of the Egyptian state and president over Israel's war in Gaza. The protesters also chanted anti-Israeli slogans and called for the intervention of the international community to stop the war. Similar state-supported protests have taken place recently in other cities of the country such as Sohag, 6th October City and Zagazig (all separately coded).",0,crowd size=no report,1716240617
EGY12117,2024-05-13,2024,1,Demonstrations,Protests,Peaceful protest,Protesters (Egypt),Labor Group (Egypt),Protesters,,,,Protesters only,,818,Northern Africa,Egypt,Assiut,Assiut 1,,Asyut,27.181,31.1837,1,Al Manassa,National,"On 13 May 2024, bill collectors and meter readers on commission contracts held a protest in front of the headquarters of the Drinking Water and Sanitation Company in Asyut (Assiut 1, Assiut) to demand an improvement in their contracts. Similar protests have taken place in recent weeks in other Egyptian cities such as Aswan, Banha, Giza and Minya (all coded separately).",0,crowd size=no report,1716240617
EGY12118,2024-05-13,2024,1,Demonstrations,Protests,Peaceful protest,Protesters (Egypt),Students (Egypt),Protesters,,,,Protesters only,,818,Northern Africa,Egypt,Cairo,New Cairo 3,,Cairo - New Cairo 3,29.9821,31.4596,1,Al Araby Al Jadeed,International,"On 13 May 2024, students held a protest on the campus of the American University of Cairo in Cairo - New Cairo 3 (New Cairo 3, Cairo) to call on the administration to cut ties with two companies - the French AXA and the American HP - accused of aiding the Israeli occupation of Palestine.",0,crowd size=no report,1716240617
EGY12119,2024-05-14,2024,1,Demonstrations,Protests,Peaceful protest,Protesters (Egypt),Labor Group (Egypt),Protesters,,,,Protesters only,,818,Northern Africa,Egypt,Assiut,Assiut 1,,Asyut,27.181,31.1837,1,Al Manassa,National,"On 14 May 2024, bill collectors and meter readers on commission contracts held a protest in front of the headquarters of the Drinking Water and Sanitation Company in Asyut (Assiut 1, Assiut) to demand an improvement in their contracts. The day before, 13 May, they held another protest with the same demands (coded separately).",0,crowd size=no report,1716240618
EGY12120,2024-05-16,2024,1,Demonstrations,Protests,Peaceful protest,Protesters (Egypt),Students (Egypt); Teachers (Egypt),Protesters,,,,Protesters only,,818,Northern Africa,Egypt,Cairo,New Cairo 3,,Cairo - New Cairo 3,29.9821,31.4596,1,Rassd,National,"On 16 May 2024, students and faculty members held a protest on the campus of the American University of Cairo in Cairo - New Cairo 3 (New Cairo 3, Cairo) in solidarity with the Palestinian people.",0,crowd size=no report,1716240618
EGY12121,2024-05-15,2024,2,Strategic developments,Strategic developments,Change to group/activity,Military Forces of Egypt (2014-),,State forces,,,,State forces only,,818,Northern Africa,Egypt,North Sinai,Al Shiekh Zuwaid,,Al Jurah,31.11,34.1469,2,Sinai for Human Rights,Other,"Movement of forces: Around 15 May 2024 (as reported), the Egyptian army dispatched new forces, including armored vehicles with mounted combat equipment, towards the Egypt-Gaza border area in North Sinai, including in the vicinity of Al Jurah (Al Shiekh Zuwaid, North Sinai). The military build-up comes after the Israeli army's incursion into the area of the Palestinian city of Rafah.",0,,1716850483
EGY12122,2024-05-19,2024,1,Demonstrations,Protests,Peaceful protest,Protesters (Egypt),Labor Group (Egypt),Protesters,,,,Protesters only,,818,Northern Africa,Egypt,Aswan,Aswan City,,Aswan,24.0911,32.8973,1,Al Manassa,National,"On 19 May 2024, bill collectors and meter readers on commission contracts held a sit-in protest inside the headquarters of the Drinking Water and Sanitation Company in Aswan (Aswan City, Aswan) to demand an improvement in their contracts. Similar protests have taken place in recent weeks in Aswan and other Egyptian cities including Asyut, Banha, Giza and Minya (all coded separately).",0,crowd size=no report,1716850483
EGY12123,2024-06-14,2024,2,Strategic developments,Strategic developments,Other,Military Forces of Egypt (2014-) Border Guards,,State forces,Civilians (Sudan),Refugees/IDPs (Sudan),Civilians,State forces-Civilians,,818,Northern Africa,Egypt,Aswan,Abu Simbel,,Abu Simbel,22.3457,31.6162,3,Sudan Tribune,Regional,"Other: Around 14 June 2024 (as reported), border guards of the Egyptian army shot at the tires of cars carrying Sudanese refugees who had entered the country through smuggling routes somewhere in the desert on the border of the two countries (coded at the southernmost point of Abu Simbel (Abu Simbel, Aswan)). There were no fatalities.",0,,1719274347
EGY12131,2024-06-09,2024,1,Demonstrations,Protests,Protest with intervention,Protesters (Egypt),,Protesters,Police Forces of Egypt (2014-),,State forces,State forces-Protesters,,818,Northern Africa,Egypt,Cairo,New Cairo 3,,El Katameya,29.978,31.4041,1,Al Araby Al Jadeed,International,"On 9 June 2024, dozens of people gathered in El Katameya (New Cairo 3, Cairo), to protest the structural problems in their residences owned by the real estate developer headed by a member of the largest party in parliament. The protesters also called on the authorities to intervene. The police dispersed the crowd (with unknown means), claiming that the protesters did not have the permission to gather.",0,crowd size=dozens,1753970510
EGY12132,2024-06-09,2024,1,Strategic developments,Strategic developments,Other,Unidentified Armed Group (Egypt),,Political militia,Civilians (Egypt),Labor Group (Egypt),Civilians,Political militia-Civilians,,818,Northern Africa,Egypt,North Sinai,Rafah,,Al Wifaq,31.218,34.1609,1,Madamasr,National,"Explosive remnants of war: On 9 June 2024, an explosive device identified as a remnant of the war between the Egyptian state and the local branch of the Islamic State exploded in Al Wifaq (Rafah, North Sinai) and killed a person working in a construction company developing the area.",1,,1719274348
EGY12130,2024-06-03,2024,1,Demonstrations,Protests,Peaceful protest,Protesters (Egypt),Journalists (Egypt); Labor Group (Egypt),Protesters,,,,Protesters only,,818,Northern Africa,Egypt,Giza,Al Doki,,Dokki,30.0351,31.214,1,El Fagr News,National,"On 3 June 2024, journalists protested outside the Al-Wafd newspaper headquarters in Dokki (Al Doki, Giza) due to delays in receiving their employment contracts.",0,crowd size=no report,1764045636
EGY12128,2024-06-01,2024,1,Political violence,Violence against civilians,Abduction/forced disappearance,Police Forces of Egypt (2014-),,State forces,Civilians (Egypt),,Civilians,State forces-Civilians,Civilian targeting,818,Northern Africa,Egypt,Assiut,Al Fath,,Arab Mateir,27.2644,31.2369,1,Middle East Eye,International,"On 1 June 2024, Egyptian security forces abducted a girl at a police station in Arab Mateir (Al Fath, Assiut) after she had posted a video on Facebook the day before in which she reported that the police had shot her father dead. Police authorities claimed the father possessed weapons and drugs, while his family and witnesses denied it.",0,,1754563409
EGY12127,2024-05-31,2024,1,Strategic developments,Strategic developments,Other,Unidentified Armed Group (Egypt),,Political militia,Civilians (Egypt),,Civilians,Political militia-Civilians,,818,Northern Africa,Egypt,North Sinai,Al Shiekh Zuwaid,,Al Kharruba,31.1864,33.9519,1,New Arab; Sinai for Human Rights,Other-Regional,"Explosive remnants of war: On 31 May 2024, an IED presumably left behind during the Egyptian state's war against the local branch of the Islamic State in North Sinai detonated and killed two children and injured six other people in Al Kharruba (Al Shiekh Zuwaid, North Sinai).",2,,1764637279
EGY12125,2024-05-27,2024,1,Strategic developments,Strategic developments,Arrests,Police Forces of Egypt (2014-),,State forces,Civilians (Egypt),CDM: Civil Democratic Movement,Civilians,State forces-Civilians,,818,Northern Africa,Egypt,Cairo,New Cairo 3,,Cairo - New Cairo 3,29.9821,31.4596,1,Madamasr,National,"On 27 May 2024, Egyptian police arrested former presidential candidate and CDM opposition leader in Cairo - New Cairo 3 (New Cairo 3, Cairo) after an appeals court upheld orders to imprison him for one year. He was charged with electoral fraud related to campaign irregularities in the December 2023 presidential election. Over 20 members of his campaign and supporters, including his campaign manager, were also detained with the same charge.",0,,1719274349
EGY12124,2024-05-26,2024,1,Political violence,Violence against civilians,Attack,Police Forces of Egypt (2014-),,State forces,Civilians (Egypt),Prisoners (Egypt),Civilians,State forces-Civilians,Civilian targeting,818,Northern Africa,Egypt,Alexandria,Bab Sharqi,,Al Hadrah,31.199,29.9307,1,Egypt Window,National,"On 26 May 2024, police officers tortured a civilian, including by beating, hitting him with sticks, and electrocution, at a police station in Al Hadrah (Bab Sharqi, Alexandria). He fainted and had to be hospitalized.",0,,1754563409
EGY12133,2024-03-15,2024,3,Strategic developments,Strategic developments,Arrests,Military Forces of Egypt (2014-) Border Guards,Police Forces of Egypt (2014-),State forces,Civilians (Sudan),Refugees/IDPs (Sudan),Civilians,State forces-Civilians,,818,Northern Africa,Egypt,Aswan,Aswan City,,Aswan,24.0911,32.8973,3,Amnesty International,Other,"Around 15 March 2024 (month of), Egyptian border guards and police forces conducted a campaign of mass arrests and forced return of Sudanese refugees around Aswan (Aswan City, Aswan). Between 287-1000 civilians have been arrested including in Greater Cairo.",0,,1719876451
EGY12135,2024-06-27,2024,1,Demonstrations,Protests,Peaceful protest,Protesters (International),Labor Group (International),Protesters,,,,Protesters only,,818,Northern Africa,Egypt,Cairo,Al Waily,,Cairo,30.0771,31.2859,2,Rassd,National,"On 27 June 2024, workers from unidentified African countries held a protest in Cairo (Al Waily, Cairo) to denounce high residence fees and police violence.",0,crowd size=no report,1719876451
EGY12136,2024-06-14,2024,1,Demonstrations,Protests,Protest with intervention,Protesters (Egypt),,Protesters,Police Forces of Egypt (2014-),,State forces,State forces-Protesters,,818,Northern Africa,Egypt,Alexandria,Al Ameria,,El-Nasereya City,30.9947,29.7851,1,Al Araby Al Jadeed,International,"On 14 June 2024, a group of supporters of Al Ahly soccer club chanted slogans against Israel's war in Gaza and raised the Palestinian flag during a match at the Borg El Arab Stadium in El-Nasereya City (Al Ameria, Alexandria). Police dispersed the crowds, clashed with the protesters outside the stadium (means unspecified), and the security forces arrested over 200 people and released them on the following day, 15 June.",0,crowd size=a group,1753970510
EGY12139,2024-07-15,2024,3,Strategic developments,Strategic developments,Arrests,Police Forces of Egypt (2014-),,State forces,Civilians (Egypt),,Civilians,State forces-Civilians,,818,Northern Africa,Egypt,Cairo,Al Waily,,Cairo,30.0771,31.2859,3,Al Araby Al Jadeed; Amnesty International; Madamasr; Rassd,Other-National,"Around 15 July 2024 (month of), police forces arrested between 119 and 198 people in at least six governorates in Egypt (coded as Cairo (Al Waily, Cairo) in connection with an online call for anti-government protests on 12 July, which did not occur.",0,,1721691308
EGY12138,2024-07-16,2024,1,Political violence,Violence against civilians,Abduction/forced disappearance,Police Forces of Egypt (2014-),,State forces,Civilians (Egypt),Journalists (Egypt),Civilians,State forces-Civilians,Civilian targeting,818,Northern Africa,Egypt,Cairo,Al Khalifa,,Cairo - Al Muqattam,30.0217,31.3033,1,Al Araby Al Jadeed; Amnesty International; Madamasr,Other-National,"On 16 July 2024, police forces arrested and disappeared a journalist in Cairo - Al Muqattam (Al Khalifa, Cairo). He remained disappeared for five days until he was brought before the State Security Prosecution on 21 July.",0,,1764045636
EGY12141,2024-06-10,2024,1,Demonstrations,Protests,Peaceful protest,Protesters (Egypt),,Protesters,,,,Protesters only,,818,Northern Africa,Egypt,Dakahlia,Sherbeen,,Shirbin,31.1969,31.5243,1,Madamasr,National,"On 10 June 2024, residents held a protest in front of and inside the city council of Shirbin (Sherbeen, Dakahlia) over the two-month interruption of drinking water supply in the town.",0,crowd size=no report,1722291489
EGY12142,2024-06-16,2024,1,Demonstrations,Protests,Peaceful protest,Protesters (Egypt),,Protesters,,,,Protesters only,,818,Northern Africa,Egypt,Dakahlia,Mit Ghamr City,,Mit Ghamr,30.7146,31.259,1,Al Wafd (Egypt),National,"On 16 June 2024, dozens of Atmidah residents held a protest in front of the city council of Mit Ghamr (Mit Ghamr City, Dakahlia) over the interruption of drinking water supply in their village.",0,crowd size=dozens,1722291489
EGY12143,2024-07-22,2024,2,Political violence,Violence against civilians,Attack,Police Forces of Egypt (2014-),,State forces,Civilians (Egypt),Journalists (Egypt),Civilians,State forces-Civilians,Civilian targeting,818,Northern Africa,Egypt,Giza,6th of October 1,,October Gardens,29.9248,31.0445,2,New Arab,Regional,"Around 22 July 2024 (between 22 July - 24 July), police forces tortured a translator and satirical cartoonist working for an independent media outlet while he remained disappeared after being arrested on 22 July. He reappeared two days later, on 24 July, before the State Security Prosecution. Event coded at the site of his arrest in October Gardens (6th of October 1, Giza).",0,,1764637279
EGY12144,2024-08-05,2024,1,Demonstrations,Protests,Peaceful protest,Protesters (Egypt),,Protesters,,,,Protesters only,,818,Northern Africa,Egypt,Cairo,Nasr City 2,,Nasr City,30.0667,31.3,1,Rassd,National,"On 5 August 2024, residents held a protest in front of the reconstruction authority branch in Nasr City (Nasr City 2, Cairo) over a delay in receiving compensation for the demolition of their homes.",0,crowd size=no report,1723505831
EGY12146,2024-08-12,2024,2,Political violence,Violence against civilians,Attack,Police Forces of Egypt (2014-),,State forces,Civilians (Egypt),,Civilians,State forces-Civilians,Civilian targeting,818,Northern Africa,Egypt,Gharbia,Tanta 1,,Tanta,30.7885,31.0019,1,Al Araby Al Jadeed,International,"Around 12 August 2024 (as reported), a police officer tortured a civilian at a police station in Tanta (Tanta 1, Gharbia) following a traffic altercation. The victim later died.",1,,1755119489
EGY12148,2024-08-22,2024,1,Demonstrations,Protests,Peaceful protest,Protesters (Egypt),Labor Group (Egypt); Private Security Forces (Egypt),Protesters,,,,Protesters only,,818,Northern Africa,Egypt,Cairo,New Cairo 2,,Cairo - Madinaty,30.0914,31.6434,1,FJ Portal,National,"On 22 August 2024, security workers at the Alexandria Construction Company organized a protest in front of the central administration in Cairo - Madinaty (New Cairo 2, Cairo), called for an increase of their wages.",0,crowd size=no report,1724714148
EGY12150,2024-08-29,2024,1,Demonstrations,Protests,Peaceful protest,Protesters (Egypt),,Protesters,,,,Protesters only,,818,Northern Africa,Egypt,Fayoum,Youssief Al Sedik,,Qarun,29.4081,30.4113,1,Egypt Window,National,"On 29 August 2024, dozens of Ezbet Raheel residents blocked the tourist road (means unspecified) in Lake Qarun in Qarun (Youssief Al Sedik, Fayoum), to protest the continued drinking water interruptions in their village for the past year.",0,crowd size=dozens,1725317856
EGY12149,2024-08-28,2024,1,Demonstrations,Protests,Peaceful protest,Protesters (Egypt),,Protesters,,,,Protesters only,,818,Northern Africa,Egypt,Cairo,Al Waily,,Cairo,30.0771,31.2859,1,Egypt Window,National,"On 28 August 2024, Warraq Island residents held a march in Cairo (Al Waily, Cairo) and denounced the attack of police forces on five residents. They also protested against the authorities' attempts to displace them from their homes to establish a luxury housing project.",0,crowd size=no report,1725317856
EGY12151,2024-08-24,2024,1,Demonstrations,Protests,Peaceful protest,Protesters (Egypt),Labor Group (Egypt),Protesters,,,,Protesters only,,818,Northern Africa,Egypt,Gharbia,Tanta 1,,Tanta,30.7885,31.0019,1,Madamasr,National,"On 24 August 2024, Nahdet Samanoud Textiles Company workers staged a sit-in inside the company's premises in Gharbiya near Tanta (Tanta 1, Gharbia). Security forces intervened and arrested 10 workers the next day.",0,crowd size=no report,1725317857
EGY12152,2024-09-02,2024,1,Demonstrations,Protests,Peaceful protest,Protesters (Egypt),,Protesters,,,,Protesters only,,818,Northern Africa,Egypt,Giza,Al Doki,,Dokki,30.0351,31.214,1,Rassd,National,"On 2 September 2024, residents held a protest in front of the Egyptian Survey Authority headquarters in Dokki (Al Doki, Giza) over delays in the disbursement of financial compensation for the demolition of their homes.",0,crowd size=no report,1764045636
EGY12155,2024-09-08,2024,1,Demonstrations,Protests,Peaceful protest,Protesters (Egypt),Labor Group (Egypt),Protesters,,,,Protesters only,,818,Northern Africa,Egypt,Suez,Ataka,,Ain Sukhna,29.6002,32.3167,1,Al Manassa; FJ Portal; Madamasr,National,"On 8 September 2024, workers from Roya Contracting held a protest in front of one of the company's offices in Ain Sukhna (Ataka, Suez) to demand better wages and the reinstatement of health insurance.",0,crowd size=no report,1726526024
EGY12157,2024-09-05,2024,2,Political violence,Violence against civilians,Sexual violence,Police Forces of Egypt (2014-),,State forces,Civilians (Egypt),Men (Egypt); Prisoners (Egypt),Civilians,State forces-Civilians,Civilian targeting,818,Northern Africa,Egypt,Alexandria,Sedi Gaber,,Sidi Jabir,31.2017,29.9446,1,New Arab,Regional,"Around 5 September 2024, police officers sexually assaulted and tortured a citizen at a police station in Sidi Jabir (Sedi Gaber, Alexandria) after he was arrested. He was transferred to prison on 5 September.",0,sexual violence,1764637279
EGY12162,2024-09-19,2024,2,Demonstrations,Protests,Peaceful protest,Protesters (Egypt),Labor Group (Egypt),Protesters,,,,Protesters only,,818,Northern Africa,Egypt,Kafr el-Sheikh,Motobas,,Burj Mighayzil,31.4505,30.3868,2,FJ Portal; Revsoc,National,"Around 19 September 2024, workers of the National Fish Wealth Company held a protest in the ponds outside Burj Mighayzil (Motobas, Kafr el-Sheikh) to demand the payment of bonuses, the provision of means of transportation to get to the workplace, and the allocation of health insurance.",0,crowd size=no report,1727907787
EGY12163,2024-09-21,2024,1,Demonstrations,Protests,Peaceful protest,Protesters (Egypt),,Protesters,,,,Protesters only,,818,Northern Africa,Egypt,Aswan,Aswan,,Abu ar Rish Bahri,24.1861,32.8847,1,Revsoc,National,"On 21 September 2024, residents held a protest in Abu ar Rish Bahri (Aswan, Aswan) to call for the halt of the operation of a water station that supplies the town with water they claim to be contaminated and to demand that the supply be replaced with water from another station.",0,crowd size=no report,1727907787
EGY12164,2024-09-25,2024,1,Demonstrations,Protests,Peaceful protest,Protesters (Egypt),,Protesters,,,,Protesters only,,818,Northern Africa,Egypt,Giza,Al Doki,,Dokki,30.0351,31.214,1,Al Manassa; FJ Portal; Madamasr; Rassd,National,"On 25 September 2024, a group of more than ten people held a protest march in Dokki (Al Doki, Giza) in solidarity with Lebanon and Palestine and against Israel's military operations in both territories. They burned an Israeli flag during the protest.",0,crowd size=more than 10,1764045636
EGY12165,2024-09-30,2024,1,Demonstrations,Protests,Peaceful protest,Protesters (Egypt),Students (Egypt),Protesters,,,,Protesters only,,818,Northern Africa,Egypt,Cairo,New Cairo 1,,New Administrative Capital,29.9817,31.7211,1,Al Manassa,National,"On 30 September 2024, dozens of graduates of business schools and institutes held a protest in front of the Ministry of Higher Education in the New Administrative Capital (New Cairo 1, Cairo) to call for the reduction of the minimum grade required to enter business faculties.",0,crowd size=dozens,1728358486
EGY12166,2024-10-08,2024,2,Political violence,Violence against civilians,Attack,Unidentified Armed Group (Egypt),,Political militia,Civilians (Sudan),Refugees/IDPs (Sudan),Civilians,Political militia-Civilians,Civilian targeting,818,Northern Africa,Egypt,Aswan,Aswan City,,Aswan,24.0911,32.8973,3,Sudan Akhbar,International,"Around 8 October 2024 (as reported), an unidentified armed group shot at a vehicle that was smuggling a Sudanese family into Egypt at an unidentified location about two hours from Aswan (Aswan City, Aswan). One girl was killed and a man wounded.",1,,1728963287
EGY12173,2024-10-11,2024,1,Strategic developments,Strategic developments,Other,Unidentified Armed Group (Egypt),,Political militia,Civilians (Egypt),,Civilians,Political militia-Civilians,,818,Northern Africa,Egypt,North Sinai,Biear Al Abd,,El Kherba,31.0104,32.9072,1,Madamasr,National,"Explosive remnants of war: On 11 October 2024, an explosive device left behind during the Egyptian state's war against the local branch of the Islamic State exploded and killed a child in El Kherba (Biear Al Abd, North Sinai).",1,,1729592849
EGY12174,2024-10-21,2024,1,Demonstrations,Riots,Violent demonstration,Rioters (Egypt),,Rioters,Police Forces of Egypt (2014-),,State forces,State forces-Rioters,,818,Northern Africa,Egypt,Giza,Al Aiad,,Al Bileida,29.6728,31.2497,1,Al Masry Al Youm (Egypt); Egypt Window; FJ Portal; Madamasr; Rassd,National,"On 21 October 2024, the families of two children who died in a train accident halted rail traffic in Al Bileida (Al Aiad, Giza) to complain about the lack of investment in infrastructure to ensure the safety of its residents. They seized two trains moving in opposite directions, attempted to assault the guard working at the level crossing, who was not injured, and set fire to his room. Police forces intervened and dispersed the demonstration.",0,crowd size=no report,1730180170
EGY12175,2024-10-20,2024,1,Demonstrations,Protests,Peaceful protest,Protesters (Egypt),Labor Group (Egypt),Protesters,,,,Protesters only,,818,Northern Africa,Egypt,Kafr el-Sheikh,Al Hamool,,El-Hamoul,31.3125,31.1452,1,Egypt Window; FJ Portal; Rassd,National,"On 20 October 2024, around 1,500 workers from the state-owned Delta Sugar Company held a protest at a factory located in El-Hamoul (Al Hamool, Kafr el-Sheikh) over wage deductions and what they consider to be mismanagement and corrupt practices by the company's administration. The workers called for stopping the salary deductions, increasing allowances, providing a safe and stable working environment, and investigating the company's management.",0,crowd size=about 1500,1730180170
EGY12176,2024-10-21,2024,1,Demonstrations,Protests,Peaceful protest,Protesters (Egypt),Labor Group (Egypt),Protesters,,,,Protesters only,,818,Northern Africa,Egypt,Kafr el-Sheikh,Al Hamool,,El-Hamoul,31.3125,31.1452,1,FJ Portal,National,"On 21 October 2024, around 1,500 workers from the state-owned Delta Sugar Company held a protest for the second consecutive day at the factory in El-Hamoul (Al Hamool, Kafr el-Sheikh) to demand better wages and complain about what they consider mismanagement and corrupt practices by the company's administration. The company's chairman and general director resigned after this second day of protests, and the Ministry of Supply appointed a new chairman and a new managing director.",0,crowd size=about 1500,1730180170
EGY12177,2024-10-22,2024,1,Demonstrations,Protests,Peaceful protest,Protesters (Egypt),Labor Group (Egypt),Protesters,,,,Protesters only,,818,Northern Africa,Egypt,Kafr el-Sheikh,Al Hamool,,El-Hamoul,31.3125,31.1452,1,Al Manassa,National,"On 22 October 2024, workers from the state-owned Delta Sugar Company held a protest for the third consecutive day at the factory in El-Hamoul (Al Hamool, Kafr el-Sheikh). They complained about what they consider mismanagement and corrupt practices by the company's administration, and called for the dismissal of the vice-chairman of the board of directors and several advisors. In the previous two days the workers of the company had also demanded improved wages and working conditions (coded separately).",0,crowd size=no report,1730180170
EGY12178,2024-10-21,2024,1,Demonstrations,Protests,Peaceful protest,Protesters (Egypt),Labor Group (Egypt),Protesters,,,,Protesters only,,818,Northern Africa,Egypt,Qena,Nagaa Hamady,,Nag Hamadi,26.0514,32.2386,1,Egypt Window; Madamasr; Rassd,National,"On 21 October 2024, workers at the state-owned Egyptian Aluminum Company, known as Egyptalum, began a sit-in inside the company's factory in Nag Hamadi (Nagaa Hamady, Qena) to protest the reduction of their profit shares to about half the value to which they claim they are entitled. The next day, 22 October, they also started a strike, which ended two days later after the factory management and officials of the holding company agreed to meet their demands.",0,crowd size=no report,1730180170
EGY12171,2024-10-15,2024,1,Demonstrations,Protests,Protest with intervention,Protesters (Egypt),Labor Group (Egypt),Protesters,Police Forces of Egypt (2014-),,State forces,State forces-Protesters,,818,Northern Africa,Egypt,Aswan,Aswan City,,Aswan,24.0911,32.8973,1,Al Manassa; Egypt Window; FJ Portal,National,"On 15 October 2024, residents held a protest in the Nubian district of Jabal Taquq in Aswan (Aswan City, Aswan) after being excluded from a tender for dozens of jobs at the local water and sanitation company. Police forces fired tear gas to disperse the protesters, leaving several people injured, mostly elderly and children. Police also arrested six protesters for a few hours.",0,crowd size=no report,1753970510
EGY12170,2024-10-10,2024,1,Demonstrations,Protests,Protest with intervention,Protesters (Egypt),Students (Egypt),Protesters,Police Forces of Egypt (2014-),,State forces,State forces-Protesters,,818,Northern Africa,Egypt,Cairo,New Cairo 1,,New Administrative Capital,29.9817,31.7211,1,Al Manassa; Rassd,National,"On 10 October 2024, business school students staged a protest in front of the Ministry of Higher Education in the New Administrative Capital (New Cairo 1, Cairo). They had gathered to call for a reduction of the minimum grade required to enter business faculties. The police dispersed the protest and detained two of the protesters until the rest ended the demonstration.",0,crowd size=no report,1764045636
EGY12168,2024-10-09,2024,1,Demonstrations,Protests,Peaceful protest,Protesters (Egypt),Students (Egypt),Protesters,,,,Protesters only,,818,Northern Africa,Egypt,Cairo,New Cairo 1,,Cairo - New Cairo 2,30.015,31.4525,1,Egypt Window; FJ Portal; Madamasr; Rassd,National,"On 9 October 2024, dozens of students held a protest at the campus of the American University of Cairo in Cairo - New Cairo 2 (New Cairo 1, Cairo) in solidarity with Palestine and Lebanon against Israel's war.",0,crowd size=dozens,1730758090
EGY12181,2024-10-31,2024,1,Demonstrations,Protests,Peaceful protest,Protesters (Egypt),Farmers (Egypt),Protesters,,,,Protesters only,,818,Northern Africa,Egypt,Ismailia,Al Tal Al Kabeer,,Al Kasasin,30.5621,31.9363,1,Rassd,National,"On 31 October 2024, residents from Manshiyat Ismat held a protest in the new Al Kasasin (Al Tal Al Kabeer, Ismailia) over the attempt by an army brigade to seize their agricultural lands.",0,crowd size=no report,1730764827
EGY12184,2024-11-07,2024,1,Demonstrations,Protests,Peaceful protest,Protesters (Egypt),Labor Group (Egypt),Protesters,,,,Protesters only,,818,Northern Africa,Egypt,Aswan,Aswan City,,Aswan,24.0911,32.8973,1,FJ Portal; Madamasr; Rassd,National,"On 7 November 2024, workers of the Egyptian Chemical Industries (Kima) held a sit-in in front of the company's headquarters in Aswan (Aswan City, Aswan) to demand the full payment of last fiscal year's annual profits and reject a reduction of around 60%.",0,crowd size=no report,1731510636
EGY12185,2024-11-04,2024,1,Demonstrations,Riots,Violent demonstration,Rioters (Egypt),,Rioters,Military Forces of Egypt (2014-),,State forces,State forces-Rioters,,818,Northern Africa,Egypt,Matrouh,Al Dabaa,,Jemima,31.0628,28.3681,1,FJ Portal; Madamasr; Rassd,National,"On 4 November 2024, residents gathered in Jemima (Al Dabaa, Matrouh) to prevent the army from taking measurements of their houses as a preliminary step to set compensations and prepare for their demolition to make way for a tourism project. The rioters threw stones at the army vehicles, and the military fired at those gathered in an attempt to disperse them. One resident was shot and had to be hospitalized and two others were arrested.",0,crowd size=no report,1731510636
EGY12180,2024-10-17,2024,1,Demonstrations,Protests,Peaceful protest,Protesters (Egypt),Students (Egypt),Protesters,,,,Protesters only,,818,Northern Africa,Egypt,Suez,Ataka,,Al Galala City,29.43,32.3973,1,Al Manassa,National,"On 17 October 2024, students of a private university held a protest for the third consecutive day on campus in Al Galala City (Ataka, Suez) over the deteriorating conditions of the school and the high prices of its services. The students announced the end of the protests after the university administration accepted some of their demands and agreed to study the rest.",0,crowd size=no report,1731510638
EGY12179,2024-10-16,2024,1,Demonstrations,Protests,Peaceful protest,Protesters (Egypt),Students (Egypt),Protesters,,,,Protesters only,,818,Northern Africa,Egypt,Suez,Ataka,,Al Galala City,29.43,32.3973,1,Al Manassa,National,"On 16 October 2024, students of a private university held a protest for the second consecutive day on campus in Al Galala City (Ataka, Suez) over the deteriorating conditions of the school and the high prices of its services.",0,crowd size=no report,1731510638
EGY12172,2024-10-15,2024,1,Demonstrations,Protests,Peaceful protest,Protesters (Egypt),Students (Egypt),Protesters,,,,Protesters only,,818,Northern Africa,Egypt,Suez,Ataka,,Al Galala City,29.43,32.3973,1,Al Manassa; Egypt Window; New Arab; Rassd,National-Regional,"On 15 October 2024, students of a private university held a protest on campus in Al Galala City (Ataka, Suez) over the deteriorating conditions of the school and the high prices of its services. The protest took place one day after a bus carrying students from the university had an accident, killing 13 of them and injuring 28 others.",0,crowd size=no report,1764637279
EGY12186,2024-11-16,2024,1,Political violence; Demonstrations,Protests,Excessive force against protesters,Protesters (Egypt),,Protesters,Police Forces of Egypt (2014-),,State forces,State forces-Protesters,Civilian targeting,818,Northern Africa,Egypt,Dakahlia,Al Mataria,,Matariya,31.1829,32.0311,1,Al Masry Al Youm (Egypt); Al Shorouk; Egypt Window; FJ Portal; Madamasr; Rassd,National,"On 16 November 2024, hundreds of residents held a protest and blocked with their presence a road that has been a regular site of major traffic accidents in Matariya (Al Mataria, Dakahlia) to demand improvements in its maintenance and facilities. Hours into the protest, the police used live ammunition and tear gas to disperse the gathering. Several people were injured and 29 were arrested, of whom 23 were released after two days. Among the other six there was a minor who was released on 24 November, while the rest remained in detention.",0,crowd size=hundreds,1754563409
EGY12188,2024-12-05,2024,1,Demonstrations,Protests,Peaceful protest,Protesters (Egypt),Labor Group (Egypt),Protesters,,,,Protesters only,,818,Northern Africa,Egypt,Qalyubia,Al Obor,,El Obour City,30.2314,31.4764,1,Al Manassa,National,"On 5 December 2024, workers of the Turkish-Egyptian company T&C Garment held a protest in El Obour City (Al Obor, Qalyubia) to demand the disbursement of an overdue cash allowance and a review of the amount to be disbursed. The protest took place in parallel with a strike, which was ended the same day after the company's management pledged to review the workers' demands.",0,crowd size=no report,1733789046
EGY12189,2024-12-01,2024,1,Demonstrations,Protests,Peaceful protest,Protesters (Egypt),,Protesters,,,,Protesters only,,818,Northern Africa,Egypt,Qalyubia,Al Obor,,El Obour City,30.2314,31.4764,1,Rassd,National,"On 1 December 2024, residents held a protest in El Obour City (Al Obor, Qalyubia) against the interior ministry's plans to demolish part of the city's cemeteries.",0,crowd size=no report,1733789046
EGY12113,2024-05-10,2024,1,Demonstrations,Protests,Peaceful protest,Protesters (Egypt),,Protesters,,,,Protesters only,,818,Northern Africa,Egypt,Giza,6th of October 1,,6th October City,29.9464,30.9169,1,Al Araby Al Jadeed,International,"On 10 May 2024, protesters held a protest in 6th October City (6th of October 1, Giza) in support of Palestine and the efforts of the Egyptian state.",0,crowd size=no report,1734465833
EGY12140,2024-07-01,2024,1,Political violence,Violence against civilians,Attack,Police Forces of Egypt (2014-),,State forces,Civilians (Sudan),Refugees/IDPs (Sudan),Civilians,State forces-Civilians,Civilian targeting,818,Northern Africa,Egypt,Giza,6th of October 1,,6th October City,29.9464,30.9169,1,Egyptian Commission for Rights and Freedoms; EIPR (Egypt),Other,"On 1 July 2024, police tortured a Sudanese refugee and community leader after arresting and disappearing him in 6th October City (6th of October 1, Giza). They forced him to sign a voluntary return document to Sudan. He had been registered with UNHCR since 2013, and the police denied having him in custody until 7 July 2024.",0,,1755119489
EGY12183,2024-11-04,2024,1,Demonstrations,Protests,Peaceful protest,Protesters (Egypt),Labor Group (Egypt),Protesters,,,,Protesters only,,818,Northern Africa,Egypt,Giza,6th of October 1,,6th October City,29.9464,30.9169,1,Egypt Window; FJ Portal; Madamasr; Rassd,National,"On 4 November 2024, workers of the pharmaceutical company Sedico held a protest in their factory in 6th October City (6th of October 1, Giza) to demand better salaries and the implementation of the minimum wage.",0,crowd size=no report,1734465834
EGY12190,2024-12-08,2024,1,Demonstrations,Protests,Protest with intervention,Protesters (Syria),,Protesters,Police Forces of Egypt (2014-),,State forces,State forces-Protesters,,818,Northern Africa,Egypt,Giza,6th of October 1,,2nd District,29.9634,30.9455,1,Al Manassa; New Arab; Rassd,National-Regional,"On 8 December 2024, about 150 Syrian nationals gathered in the 2nd District (6th of October 1, Giza) to celebrate the fall of President Bashar al-Assad in Syria. Police forces intervened on the grounds that they had gathered without a permit, arrested about 30 people and brought them before the Public Prosecution.",0,crowd size=about 150,1764637279
EGY12191,2024-12-11,2024,2,Political violence,Violence against civilians,Attack,Police Forces of Egypt (2014-) National Security Agency,,State forces,Civilians (Egypt),,Civilians,State forces-Civilians,Civilian targeting,818,Northern Africa,Egypt,Sharqia,Menia Al Kamh,,Kafr Shalshalamun,30.5054,31.3598,1,FJ Portal; Madamasr; New Arab; Rassd,National-Regional,"Around 11 December 2024 (as reported), officers of the National Security Agency threw an opposition civilian from the fourth floor of his family's house in Kafr Shalshalamun (Menia Al Kamh, Sharqia), resulting in his instant death. The incident occurred during a raid on the family's home conducted while he was visiting. The Interior Ministry denied that it had happened.",1,,1764637279
EGY12192,2024-12-22,2024,2,Political violence,Violence against civilians,Attack,Police Forces of Egypt (2014-),,State forces,Civilians (Egypt),,Civilians,State forces-Civilians,Civilian targeting,818,Northern Africa,Egypt,Alexandria,Al Ameria,,El-Nasereya City,30.9947,29.7851,1,Rassd,National,"Around 22 December 2024 (as reported), a police officer beat a civilian at a police station in El-Nasereya City (Al Ameria, Alexandria) for an unknown reason. He had to be hospitalized due to the beatings and died of his injuries.",1,,1754563409
EGY12193,2024-12-30,2024,1,Demonstrations,Protests,Peaceful protest,Protesters (Egypt),,Protesters,,,,Protesters only,,818,Northern Africa,Egypt,Aswan,Aswan City,,Aswan,24.0911,32.8973,1,Rassd,National,"On 30 December 2024, residents held a protest in Aswan (Aswan City, Aswan) over week-long water cuts.",0,crowd size=no report,1736844951
EGY12194,2024-12-31,2024,1,Political violence,Violence against civilians,Attack,Police Forces of Egypt (2014-),,State forces,Civilians (Egypt),,Civilians,State forces-Civilians,Civilian targeting,818,Northern Africa,Egypt,Menia,Mallawi,,Tuna Al Jabal,27.7745,30.7387,1,Egypt Window; New Arab; Rassd,National-Regional,"On 31 December 2024, police officers shot dead a civilian in Tuna Al Jabal (Mallawi, Menia) during a raid on his family's home. The family claimed that the police opened fire on the victim, who was wanted, without him being armed or posing any danger.",1,,1764637279
EGY12196,2025-01-11,2025,1,Demonstrations,Protests,Peaceful protest,Protesters (Egypt),Labor Group (Egypt),Protesters,,,,Protesters only,,818,Northern Africa,Egypt,Alexandria,Moharam Bek,,Izbat Nady Al Sayd,31.1801,29.9347,1,Egypt Window; Madamasr,National,"On 11 January 2025, workers from two drinking water stations affiliated with the Alexandria Water Company held a protest in Izbat Nady Al Sayd (Moharam Bek, Alexandria) to demand the payment of overdue bonuses and better working conditions and wages.",0,crowd size=no report,1737435521
EGY12197,2025-01-16,2025,1,Demonstrations,Protests,Peaceful protest,Protesters (Egypt),Labor Group (Egypt),Protesters,,,,Protesters only,,818,Northern Africa,Egypt,Qalyubia,Al Obor,,El Obour City,30.2314,31.4764,1,FJ Portal; Madamasr; Rassd,National,"On 16 January 2025, thousands of workers at the T&C clothing company held a protest in the industrial zone of El Obour City (Al Obor, Qalyubia) as part of a strike to demand an increase in their annual bonuses.",0,crowd size=thousands,1737435521
EGY12198,2025-01-05,2025,2,Demonstrations,Protests,Peaceful protest,Protesters (Egypt),Labor Group (Egypt),Protesters,,,,Protesters only,,818,Northern Africa,Egypt,Alexandria,Al Atareen,,El Siouf,31.1967,29.8964,1,Madamasr,National,"Around 5 January 2025 (week of), workers at a drinking water station affiliated with the Alexandria Water Company held a protest in El Siouf (Al Atareen, Alexandria) to demand overdue payments and better working conditions and wages.",0,crowd size=no report,1737435521
EGY12199,2025-01-11,2025,1,Strategic developments,Strategic developments,Arrests,Police Forces of Egypt (2014-),,State forces,Civilians (Egypt),,Civilians,State forces-Civilians,,818,Northern Africa,Egypt,Giza,Bolak Al Dakrour,,Faysal,30.0173,31.204,1,Madamasr; New Arab,National-Regional,"On 11 January 2025, security forces disappeared a content creator in Faysal (Bolak Al Dakrour, Giza) after he posted content critical of the government on social media.",0,,1764637279
EGY12200,2025-01-11,2025,2,Strategic developments,Strategic developments,Change to group/activity,Military Forces of Egypt (2014-),,State forces,,,,State forces only,,818,Northern Africa,Egypt,Aswan,Aswan City,,Aswan,24.0911,32.8973,3,Middle East Eye,International,"Movement of forces: Around 11 January 2025 (as reported), Egypt's military deployed reinforcements, including helicopters and snipers, to several points along the country's southern border with Sudan to tighten security and combat smuggling. Event coded in the provincial capital Aswan (Aswan City, Aswan).",0,,1737435521
EGY12201,2025-01-18,2025,1,Demonstrations,Protests,Peaceful protest,Protesters (Egypt),Labor Group (Egypt),Protesters,,,,Protesters only,,818,Northern Africa,Egypt,Sharqia,10th of Ramadan 1,,10th of Ramadan City,30.2964,31.7463,1,Al Manassa,National,"On 18 January 2025, workers of Ceramica La Beaute protested in front of the company's administration building in 10th of Ramadan City (10th of Ramadan 1, Sharqia) to demand a wage increase, the payment of arrears for December and a halt to a plan to lay off workers.",0,crowd size=no report,1738026269
EGY12202,2025-01-19,2025,1,Demonstrations,Protests,Peaceful protest,Protesters (Egypt),Labor Group (Egypt),Protesters,,,,Protesters only,,818,Northern Africa,Egypt,Qalyubia,Al Obor,,El Obour City,30.2314,31.4764,1,Al Manassa,National,"On 19 January 2025, thousands of workers at the T&C clothing company protested in the industrial zone of El Obour City (Al Obor, Qalyubia) as part of a strike launched on 16 January to demand a wage increase. The workers also marched through some areas within the company's premises and blocked the entrance of shipping containers to the warehouses (means unspecified).",0,crowd size=thousands,1738026269
EGY12203,2025-01-24,2025,1,Demonstrations,Protests,Peaceful protest,Protesters (Egypt),Labor Group (Egypt),Protesters,,,,Protesters only,,818,Northern Africa,Egypt,Giza,6th of October 1,,6th October City,29.9464,30.9169,1,Madamasr,National,"On 24 January 2025, workers at Sedico Pharmaceuticals protested at the company's headquarters in 6th October City (6th of October 1, Giza) against the low annual wage increase. At the end of the day, the management of the company suspended work at the factory indefinitely under the pretext of carrying out maintenance work.",0,crowd size=no report,1738026269
EGY12204,2025-01-20,2025,1,Demonstrations,Riots,Violent demonstration,Rioters (Egypt),Labor Group (Egypt),Rioters,Rioters (Egypt),Labor Group (Egypt),Rioters,Rioters-Rioters,,818,Northern Africa,Egypt,Qalyubia,Al Obor,,El Obour City,30.2314,31.4764,1,Madamasr; Rassd,National,"On 20 January 2025, workers at the T&C clothing company held a demonstration in the industrial zone of El Obour City (Al Obor, Qalyubia) as part of a strike launched on 16 January to demand a wage increase. There were some skirmishes during the day between striking workers and some production line supervisors who attempted to break the strike.",0,crowd size=thousands,1738026269
EGY12205,2025-01-25,2025,1,Strategic developments,Strategic developments,Arrests,Police Forces of Egypt (2014-),,State forces,Civilians (Egypt),Labor Group (Egypt),Civilians,State forces-Civilians,,818,Northern Africa,Egypt,Qalyubia,Al Obor,,El Obour City,30.2314,31.4764,3,Madamasr; Rassd,National,"On 25 January 2025, police arrested some 26 striking workers from the T&C clothing company in their homes. Workers at the company went on strike on 16 January to demand better wages and working conditions and have held several protests (coded separately). The workers announced the end of the strike shortly after the arrests, on 28 January, and on the following day the last 9 detainees who were still in custody were released on bail. Event coded to the site of the company's headquarters in El Obour City (Al Obor, Qalyubia).",0,,1738629522
EGY12207,2025-01-29,2025,1,Demonstrations,Protests,Peaceful protest,Protesters (Egypt),Labor Group (Egypt),Protesters,,,,Protesters only,,818,Northern Africa,Egypt,Sharqia,10th of Ramadan 1,,10th of Ramadan City,30.2964,31.7463,1,Egypt Window; Madamasr; Rassd,National,"On 29 January 2025, workers at Oriental Weavers protested outside their factory in 10th of Ramadan City (10th of Ramadan 1, Sharqia) as part of a strike to demand better wages.",0,crowd size=no report,1738629522
EGY12209,2025-01-31,2025,1,Demonstrations,Protests,Peaceful protest,Protesters (Egypt),,Protesters,,,,Protesters only,,818,Northern Africa,Egypt,Beheira,Damanhour City,,Damanhur,31.0392,30.4691,1,Youm7,National,"On 31 January 2025, hundreds of people marched in Damanhur (Damanhour City, Beheira) as part of a protest organized by the Egyptian authorities to reject the forced displacement of Palestinians from Gaza to Sinai and to express support for Egypt's president in his defense of this position. The protest was organized after the President of the US stated that he wants Egypt and Jordan to take in Palestinians from Gaza.",0,crowd size=hundreds,1738629522
EGY12210,2025-01-31,2025,1,Demonstrations,Protests,Peaceful protest,Protesters (Egypt),,Protesters,,,,Protesters only,,818,Northern Africa,Egypt,Port Said,Al Manakh,,Port Said,31.2565,32.2841,1,Youm7,National,"On 31 January 2025, residents marched in Port Said (Al Manakh, Port Said) as part of a protest organized by the Egyptian authorities to reject the forced displacement of Palestinians from Gaza to Sinai and to express support for Egypt's president in his defense of this position. The protest was organized after the President of the US stated that he wants Egypt and Jordan to take in Palestinians from Gaza.",0,crowd size=no report,1738629522
EGY12211,2025-02-05,2025,1,Strategic developments,Strategic developments,Other,Unidentified Armed Group (Egypt),,Political militia,Civilians (Egypt),,Civilians,Political militia-Civilians,,818,Northern Africa,Egypt,North Sinai,Al Arish 2,,Al Arish,31.1316,33.7984,2,Madamasr,National,"Explosive remnants of war: On 5 February 2025, an explosive device identified as a remnant of the war between the Egyptian state and the local branch of the Islamic State exploded southeast of Al Arish (Al Arish 2, North Sinai) and killed 1 child and seriously injured another 2.",1,,1739238778
EGY12212,2025-02-03,2025,1,Demonstrations,Protests,Peaceful protest,Protesters (Egypt),Labor Group (Egypt),Protesters,,,,Protesters only,,818,Northern Africa,Egypt,Qalyubia,Al Obor,,El Obour City,30.2314,31.4764,1,Madamasr; Rassd,National,"On 3 February 2025, workers at Al Raya Market's main warehouse protested in El Obour City (Al Obor, Qalyubia) as part of a strike started two days earlier to demand better wages. The workers ended the strike on 4 February after reaching an agreement with the company's management.",0,crowd size=no report,1739238778
EGY12213,2025-02-05,2025,1,Demonstrations,Protests,Peaceful protest,Protesters (Egypt),Labor Group (Egypt),Protesters,,,,Protesters only,,818,Northern Africa,Egypt,Suez,Ataka,,Ain Sukhna,29.6002,32.3167,1,Rassd,National,"On 5 February 2025, workers at the Egyptian-Chinese Petroleum Company held a sit-in in Ain Sukhna (Ataka, Suez) to demand an increase in salary and bonuses and the establishment of a clear promotion process.",0,crowd size=no report,1739238778
EGY12214,2025-02-13,2025,1,Demonstrations,Protests,Peaceful protest,Protesters (Egypt),,Protesters,,,,Protesters only,,818,Northern Africa,Egypt,Giza,Al Doki,,Dokki,30.0351,31.214,1,Rassd,National,"On 13 February 2025, parents protested in front of the Giza education directorate in Dokki (Al Doki, Giza) to denounce the refusal of the directorate to transfer their children to schools near their homes.",0,crowd size=no report,1764045636
EGY12215,2025-02-15,2025,1,Political violence,Battles,Armed clash,Police Forces of Egypt (2014-),,State forces,Unidentified Clan Militia (Egypt),,Identity militia,State forces-Identity militia,,818,Northern Africa,Egypt,Assiut,Sahel Salim,,Al Afadra,27.0399,31.3662,1,BBC News; Egypt Independent; Egyptian Streets; FJ Portal; New Arab; Rassd; Soutalomma; Youm7,National-Regional,"On 15 February 2025, and for the first of three days, police forces and members of 2 prominent local families clashed in Al Afadra (Sahel Salim, Assiut). The precise reason for the clashes, which lasted 3 days, is unknown. Some media outlets stated that they started after the families reported extrajudicial killings by the police. Others reported that the fighting first broke out between the 2 families over the affiliation of one of them to the interior ministry and then the police intervened. The interior ministry said it clashed with a criminal group, and claimed to have killed 8 of its members, including the leader. 1 police officer was injured. Police forces cut the electricity in 3 villages during the clashes, defused several explosive devices and seized dozens of weapons and ammunition. 8 fatalities split over 3 days, coded as 3.",3,,1764637279
EGY12216,2025-02-16,2025,1,Political violence,Battles,Armed clash,Police Forces of Egypt (2014-),,State forces,Unidentified Clan Militia (Egypt),,Identity militia,State forces-Identity militia,,818,Northern Africa,Egypt,Assiut,Sahel Salim,,Al Afadra,27.0399,31.3662,1,BBC News; New Arab; Soutalomma; Youm7,National-Regional,"On 16 February 2025, and for the second day, police forces and members of 2 prominent local families clashed in Al Afadra (Sahel Salim, Assiut). The motivation for the incident is unknown, with different versions of the actors being reported. The interior ministry claimed to have killed 8 people during the clashes, which lasted 3 days. 8 fatalities split over 3 events coded as 3.",3,,1764637279
EGY12217,2025-02-19,2025,1,Demonstrations,Protests,Protest with intervention,Protesters (Egypt),,Protesters,Police Forces of Egypt (2014-),,State forces,State forces-Protesters,,818,Northern Africa,Egypt,Port Said,Al Manakh,,Port Said,31.2565,32.2841,1,New Arab; Rassd,National-Regional,"On 19 February 2025, hundreds of relatives of people with disabilities protested in front of the customs logistics office in Port Said (Al Manakh, Port Said) to demand authorities to hand over their private vehicles after months waiting to obtain clearances for them to enter the country. The police beat the protesters and arrested 4 people. No information on injuries.",0,crowd size=hundreds,1764637279
EGY12218,2025-02-17,2025,1,Political violence,Battles,Armed clash,Police Forces of Egypt (2014-),,State forces,Unidentified Clan Militia (Egypt),,Identity militia,State forces-Identity militia,,818,Northern Africa,Egypt,Assiut,Sahel Salim,,Al Afadra,27.0399,31.3662,1,BBC News; Soutalomma; Youm7,National-International,"On 17 February 2025, and for the thrid day, police forces and members of 2 prominent local families clashed in Al Afadra (Sahel Salim, Assiut). The motivation for the incident is unknown, with different versions of the actors being reported. The interior ministry claimed to have killed 8 people during the clashes, which lasted 3 days. 8 fatalities split over 3 events coded as 2.",2,,1740447550
EGY12221,2025-02-24,2025,2,Demonstrations,Protests,Peaceful protest,Protesters (Egypt),Labor Group (Egypt),Protesters,,,,Protesters only,,818,Northern Africa,Egypt,Giza,6th of October 1,,6th October City,29.9464,30.9169,1,Rassd,National,"Around 24 February 2025 (as reported), workers of Eastern Tobacco protested in 6th October City (6th of October 1, Giza) against the sale of union shares to an Emirati investor.",0,crowd size=no report,1741125160
EGY12222,2025-02-26,2025,2,Demonstrations,Protests,Peaceful protest,Protesters (Egypt),,Protesters,,,,Protesters only,,818,Northern Africa,Egypt,Qalyubia,Al Obor,,El Obour City,30.2314,31.4764,1,Rassd,National,"Around 26 February 2025 (as reported), landowners protested in El Obour City (Al Obor, Qalyubia) against attempts to expropriate their properties.",0,crowd size=no report,1741125160
EGY12223,2025-03-01,2025,1,Political violence,Battles,Armed clash,Gharibil Clan Militia (Egypt),,Identity militia,Al Salaa Clan Militia (Egypt),,Identity militia,Identity militia-Identity militia,,818,Northern Africa,Egypt,Fayoum,Itsa,,Itsa,29.2376,30.7894,2,Al Masry Al Youm (Egypt),National,"On 1 March 2025, members of the Gharibil and Al Salaa families clashed in the village of Nagaa Al-Mawalek, affiliated to Itsa (Itsa, Fayoum). The clash erupted after a member of one of the families entered the village on the first day of Ramadan despite a prohibition to do so according to a customary agreement reached between them following a land dispute. 4 people were killed and 2 others were injured.",4,,1741894876
EGY12225,2025-03-07,2025,1,Political violence,Battles,Armed clash,Unidentified Clan Militia (Egypt),,Identity militia,Unidentified Clan Militia (Egypt),,Identity militia,Identity militia-Identity militia,,818,Northern Africa,Egypt,Menia,New Menia,,New Minya,28.0808,30.8184,2,Al Masry Al Youm (Egypt),National,"On 7 March 2025, two families clashed with firearms in Al Nahiya area near New Minya (New Menia, Menia) over a land dispute. 1 person was injured.",0,,1741894876
EGY12226,2025-03-02,2025,2,Demonstrations,Protests,Peaceful protest,Protesters (Egypt),,Protesters,,,,Protesters only,,818,Northern Africa,Egypt,Matrouh,Mersa Matrouh,,Ras Al Hikma,31.1175,27.776,2,Rassd,National,"Around 2 March 2025 (as reported), residents protested in the area of Ras Al Hikma (Mersa Matrouh, Matrouh) against house demolitions by the government as part of a major urban development plan. Police forces deployed at the site but it is unknown whether they intervened.",0,crowd size=no report,1741894876
EGY12227,2025-03-11,2025,1,Demonstrations,Protests,Peaceful protest,Protesters (Egypt),Labor Group (Egypt),Protesters,,,,Protesters only,,818,Northern Africa,Egypt,Qalyubia,Banha City,,Banha,30.4591,31.1786,1,FJ Portal; Madamasr,National,"On 11 March 2025, water bill collectors from the Qalyubiya Drinking Water and Sanitation Company protested in Banha (Banha City, Qalyubia) against attempts to switch them to commission-based contracts. The protest lasted a day and was called off on 12 March after the company's management promised to address their concerns and the workers received a call from national security. There were protests in 4 other cities in Qalyubia on the same day (all coded separately).",0,crowd size=no report,1742254341
EGY12228,2025-03-11,2025,1,Demonstrations,Protests,Peaceful protest,Protesters (Egypt),Labor Group (Egypt),Protesters,,,,Protesters only,,818,Northern Africa,Egypt,Qalyubia,Al Khosous,,Al Khusus,30.1529,31.315,1,Madamasr,National,"On 11 March 2025, water bill collectors from the Qalyubiya Drinking Water and Sanitation Company protested in Al Khusus (Al Khosous, Qalyubia) against attempts to switch them to commission-based contracts. The protest lasted a day and was called off on 12 March after the company's management promised to address their concerns and the workers received a call from national security. There were also protests in 4 other cities in Qalyubia on the same day (all coded separately).",0,crowd size=no report,1742254341
EGY12230,2025-03-11,2025,1,Demonstrations,Protests,Peaceful protest,Protesters (Egypt),Labor Group (Egypt),Protesters,,,,Protesters only,,818,Northern Africa,Egypt,Qalyubia,Al Qanater Al Khayreya,,Al Qanatir al Khayriyah,30.1933,31.137,1,Madamasr,National,"On 11 March 2025, water bill collectors from the Qalyubiya Drinking Water and Sanitation Company protested in Al Qanatir al Khayriyah (Al Qanater Al Khayreya, Qalyubia) against attempts to switch them to commission-based contracts and to demand the reinstatement of their health insurance cards and the enforcement of the minimum wage. The protest lasted one day and was called off on 12 March after the company's management vowed to address their concerns and the workers received a call from national security. There were also protests in 4 other cities in Qalyubia on the same day (all coded separately).",0,crowd size=no report,1742254341
EGY12231,2025-03-11,2025,1,Demonstrations,Protests,Peaceful protest,Protesters (Egypt),Labor Group (Egypt),Protesters,,,,Protesters only,,818,Northern Africa,Egypt,Qalyubia,Al Khanka,,Al Khankah,30.2104,31.3681,1,Madamasr,National,"On 11 March 2025, water bill collectors from the Qalyubiya Drinking Water and Sanitation Company protested in Al Khankah (Al Khanka, Qalyubia) against attempts to switch them to commission-based contracts. The protest lasted a day and was called off on 12 March after the company's management promised to address their concerns and the workers received a call from national security. There were also protests in 4 other cities in Qalyubia on the same day (all coded separately).",0,crowd size=no report,1742254341
EGY12224,2025-03-04,2025,1,Demonstrations,Protests,Protest with intervention,Protesters (Egypt),Labor Group (Egypt),Protesters,Police Forces of Egypt (2014-),,State forces,State forces-Protesters,,818,Northern Africa,Egypt,Sharqia,10th of Ramadan 1,,10th of Ramadan City,30.2964,31.7463,1,Al Manassa; Rassd,National,"On 4 March 2025, workers from the National Company for Protected Agriculture-Greenhouses staged a sit-in at their workplace in 10th of Ramadan City (10th of Ramadan 1, Sharqia) as part of a protest to demand better wages and the payment of a Ramadan bonus. Police forces dispersed the sit-in and arrested 40-70 workers, including several women and people with disabilities.",0,crowd size=no report,1764045636
EGY12232,2025-03-18,2025,1,Political violence,Riots,Mob violence,Rioters (Egypt),Ashraf Tribal Group (Egypt),Rioters,Rioters (Egypt),Hamidat Tribal Group (Egypt),Rioters,Rioters-Rioters,,818,Northern Africa,Egypt,Qena,Qena City,,Qina,26.1642,32.7267,1,Qana Street; Rassd,New media-National,"On 18 March 2025, overnight, members of the Ashraf and Hamidat tribes clashed with sticks, stones and bottles in one of the main streets of Qina (Qena City, Qena). The fight broke out following a dispute between members of the two tribes, which have a long-standing rivalry, over the attempted eviction of a store in the town. Several stores were damaged during the clash. Police forces deployed to the area and tribal leaders intervened to defuse the conflict. Casualties unknown.",0,crowd size=no report,1742858663
EGY12234,2025-03-17,2025,2,Demonstrations,Protests,Peaceful protest,Protesters (Egypt),Labor Group (Egypt),Protesters,,,,Protesters only,,818,Northern Africa,Egypt,Cairo,Helwan,,Cairo - Helwan,29.8414,31.3008,1,Madamasr,National,"Around 17 March 2025 (as reported), workers from Helwan University protested in Cairo - Helwan (Helwan, Cairo) against the administration's decision to shift their temporary contracts to daily work contracts without fixed salary, social insurance, and other employment benefits. The workers also called for permanent contracts.",0,crowd size=no report,1742858663
EGY12109,2024-04-23,2024,1,Political violence,Riots,Mob violence,Rioters (Egypt),Muslim Group (Egypt),Rioters,Civilians (Egypt),Coptic Christian Group (Egypt),Civilians,Rioters-Civilians,Civilian targeting,818,Northern Africa,Egypt,Menia,Menia,,Al-Fawakher,28.0177,30.6731,1,Madamasr,National,"On 23 April 2024, a mob of Muslim people burned three houses of Coptic people and destroyed three others in Al-Fawakher (Menia City, Menia). The attack came after a rumor spread that a house was to be turned into a church, as the village has none. Security forces arrested the perpetrators.",0,crowd size=no report,1743462141
EGY12110,2024-04-26,2024,1,Political violence,Riots,Mob violence,Rioters (Egypt),Muslim Group (Egypt),Rioters,Civilians (Egypt),Coptic Christian Group (Egypt),Civilians,Rioters-Civilians,Civilian targeting,818,Northern Africa,Egypt,Menia,Menia,,El Kom El Ahmar,28.1741,30.6509,1,International Christian Concern,International,"On 26 April 2024, a mob of Muslim people threw stones at Coptic-owned houses and security forces in El Kom El Ahmar (Menia City, Menia) over plans to build a church in the town. Security forces arrested several rioters.",0,crowd size=no report,1743462141
EGY12167,2024-10-05,2024,1,Demonstrations,Protests,Peaceful protest,Protesters (Egypt),,Protesters,,,,Protesters only,,818,Northern Africa,Egypt,Menia,Mallawi,,Al Rawda,27.8,30.8592,1,Al Masry Al Youm (Egypt),National,"On 5 October 2024, locals held a protest in Al Rawda (Mallawi City, Menia) over the murder of a resident of the village and to demand justice.",0,crowd size=no report,1743462141
EGY12075,2024-01-31,2024,3,Demonstrations,Protests,Peaceful protest,Protesters (Egypt),Labor Group (Egypt),Protesters,,,,Protesters only,,818,Northern Africa,Egypt,Fayoum,Tamia,,Kom Oshim Industrial Zone,29.517,30.8931,2,New Arab,Regional,"Around 31 January 2024 (end of month), employees of the Pharaohs Ceramics Company held a protest in the company's yard in the Kom Oshim Industrial Zone (Fayoum, Fayoum), demanding salary increases.",0,crowd size=no report,1764637279
EGY12206,2025-01-26,2025,1,Demonstrations,Protests,Peaceful protest,Protesters (Egypt),Labor Group (Egypt),Protesters,,,,Protesters only,,818,Northern Africa,Egypt,Fayoum,Tamia,,Kom Oshim Industrial Zone,29.517,30.8931,1,Madamasr,National,"On 26 January 2025, workers from two companies affiliated with Ceramica Enova protested outside and inside their factory in the Kom Oshim Industrial Zone (Fayoum, Fayoum) as part of a strike started on 22 January to demand higher salaries and the payment of overdue wages. Police and central security forces deployed in the area, but did not intervene.",0,crowd size=no report,1743467546
EGY12235,2025-03-23,2025,1,Political violence,Violence against civilians,Attack,Police Forces of Egypt (2014-) National Security Agency,Police Forces of Egypt (2014-) Prison Guards; Prisoners (Egypt),State forces,Civilians (Egypt),Prisoners (Egypt),Civilians,State forces-Civilians,Civilian targeting,818,Northern Africa,Egypt,Beheira,Wady Al Natroun,,Wadi El Natrun,30.3782,30.3552,1,Rassd,National,"On 23 March 2025, a national security agency officer and an investigation officer assaulted detainees in ward 6 of the prison of Wadi El Natrun (Wady Al Natroun, Beheira) with the help of prisoners on criminal charges. No information on injuries.",0,,1764045636
EGY12239,2025-03-23,2025,2,Demonstrations,Protests,Peaceful protest,Protesters (Egypt),,Protesters,,,,Protesters only,,818,Northern Africa,Egypt,Matrouh,Al Dabaa,,Sidi Abdel Rahman,30.965,28.7425,2,Rassd,National,"Around 23 March 2025 (as reported), property owners in the Zahra real estate project on the North Coast protested against the developer for lack of progress. Event coded to Sidi Abdel Rahman (Al Dabaa, Matrouh), 5 kilometers west of the Zahra plot.",0,crowd size=no report,1743467546
EGY12241,2025-03-31,2025,1,Demonstrations,Protests,Peaceful protest,Protesters (Egypt),,Protesters,,,,Protesters only,,818,Northern Africa,Egypt,North Sinai,Al Arish 2,,Al Arish,31.1316,33.7984,1,Al Gomhurriah; Al Masry Al Youm (Egypt),National,"On 31 March 2025, thousands of residents protested in Al Arish (Al Arish 2, North Sinai) in solidarity with the Palestinian people and to reject their forced displacement from Gaza. They also expressed their support for the Egyptian authorities, including President Abdel Fattah al-Sisi. This was part of a nationwide demonstration movement, likely organized by pro-government agencies and institutions (given authorities' control over such actions), following Eid (Islamic holiday) prayers.",0,crowd size=thousands,1744085344
EGY12242,2025-03-31,2025,1,Demonstrations,Protests,Peaceful protest,Protesters (Egypt),,Protesters,,,,Protesters only,,818,Northern Africa,Egypt,Dakahlia,Al Mansoura 2,,Al Mansurah,31.0364,31.3807,1,Al Masry Al Youm (Egypt),National,"On 31 March 2025, residents protested in Al Mansurah (Al Mansoura 2, Dakahlia) in solidarity with the Palestinian people and to reject their forced displacement from Gaza. They also expressed their support for the Egyptian authorities, including President Abdel Fattah al-Sisi. This was part of a nationwide demonstration movement, likely organized by pro-government agencies and institutions (given authorities' control over such actions), following Eid (Islamic holiday) prayers.",0,crowd size=no report,1744085344
EGY12243,2025-03-31,2025,1,Demonstrations,Protests,Peaceful protest,Protesters (Egypt),,Protesters,,,,Protesters only,,818,Northern Africa,Egypt,Assiut,Al Kossia,,Al Qusiyah,27.4402,30.8184,1,Al Gomhurriah,National,"On 31 March 2025, residents protested in Al Qusiyah (Al Kossia, Assiut) in solidarity with the Palestinian people and to reject their forced displacement from Gaza. They also expressed their support for the Egyptian authorities, including President Abdel Fattah al-Sisi. This was part of a nationwide demonstration movement, likely organized by pro-government agencies and institutions (given authorities' control over such actions), following Eid (Islamic holiday) prayers.",0,crowd size=no report,1744085344
EGY12244,2025-03-31,2025,1,Demonstrations,Protests,Peaceful protest,Protesters (Egypt),,Protesters,,,,Protesters only,,818,Northern Africa,Egypt,Alexandria,Bab Sharqi,,Alexandria,31.1981,29.9192,1,Al Gomhurriah; Al Masry Al Youm (Egypt),National,"On 31 March 2025, residents protested in Alexandria (Bab Sharqi, Alexandria) in solidarity with the Palestinian people and to reject their forced displacement from Gaza. They also expressed their support for the Egyptian authorities, including President Abdel Fattah al-Sisi. This was part of a nationwide demonstration movement, likely organized by pro-government agencies and institutions (given authorities' control over such actions), following Eid (Islamic holiday) prayers.",0,crowd size=no report,1744085344
EGY12245,2025-03-31,2025,1,Demonstrations,Protests,Peaceful protest,Protesters (Egypt),,Protesters,,,,Protesters only,,818,Northern Africa,Egypt,Qalyubia,Banha City,,Banha,30.4591,31.1786,1,Al Gomhurriah; Al Masry Al Youm (Egypt),National,"On 31 March 2025, thousands of residents protested in Banha (Banha City, Qalyubia) in solidarity with the Palestinian people and to reject their forced displacement from Gaza. They also expressed their support for the Egyptian authorities, including President Abdel Fattah al-Sisi. This was part of a nationwide demonstration movement, likely organized by pro-government agencies and institutions (given authorities' control over such actions), following Eid (Islamic holiday) prayers.",0,crowd size=thousands,1744085344
EGY12246,2025-03-31,2025,1,Demonstrations,Protests,Peaceful protest,Protesters (Egypt),,Protesters,,,,Protesters only,,818,Northern Africa,Egypt,Menia,Bani Mazar,,Bani Mazar,28.5036,30.8004,1,Al Masry Al Youm (Egypt),National,"On 31 March 2025, thousands of residents protested in Bani Mazar (Bani Mazar, Menia) in solidarity with the Palestinian people and to reject their forced displacement from Gaza. They also expressed their support for the Egyptian authorities, including President Abdel Fattah al-Sisi. This was part of a nationwide demonstration movement, likely organized by pro-government agencies and institutions (given authorities' control over such actions), following Eid (Islamic holiday) prayers.",0,crowd size=thousands,1744085344
EGY12248,2025-03-31,2025,1,Demonstrations,Protests,Peaceful protest,Protesters (Egypt),,Protesters,,,,Protesters only,,818,Northern Africa,Egypt,Cairo,Al Saieda Zainab,,Cairo - Al Sayeda Zeinab,30.0295,31.2408,1,Al Ahram,National,"On 31 March 2025, residents protested in Cairo - Al Sayeda Zeinab (Al Saieda Zainab, Cairo) in solidarity with the Palestinian people and to reject their forced displacement from Gaza. They also expressed their support for the Egyptian authorities, including President Abdel Fattah al-Sisi. This was part of a nationwide demonstration movement, likely organized by pro-government agencies and institutions (given authorities' control over such actions), following Eid (Islamic holiday) prayers.",0,crowd size=no report,1764045636
EGY12249,2025-03-31,2025,1,Demonstrations,Protests,Peaceful protest,Protesters (Egypt),,Protesters,,,,Protesters only,,818,Northern Africa,Egypt,Cairo,Badr City,,Cairo - Badr City,30.136,31.715,1,Youm7,National,"On 31 March 2025, thousands of residents protested in Cairo - Badr City (Badr City, Cairo) in solidarity with the Palestinian people and to reject their forced displacement from Gaza. They also expressed their support for the Egyptian authorities, including President Abdel Fattah al-Sisi. This was part of a nationwide demonstration movement, likely organized by pro-government agencies and institutions (given authorities' control over such actions), following Eid (Islamic holiday) prayers.",0,crowd size=thousands,1744085344
EGY12250,2025-03-31,2025,1,Demonstrations,Protests,Peaceful protest,Protesters (Egypt),,Protesters,,,,Protesters only,,818,Northern Africa,Egypt,Cairo,Al Nozha,,Cairo - Heliopolis,30.1088,31.3792,1,New Arab; Soutalomma; Youm7,National-Regional,"On 31 March 2025, thousands of residents protested in Cairo - Heliopolis (Al Nozha, Cairo) in solidarity with the Palestinian people and to reject their forced displacement from Gaza. They also expressed their support for the Egyptian authorities, including President Abdel Fattah al-Sisi. This was part of a nationwide demonstration movement, likely organized by pro-government agencies and institutions (given authorities' control over such actions), following Eid (Islamic holiday) prayers.",0,crowd size=thousands,1764637279
EGY12251,2025-03-31,2025,1,Demonstrations,Protests,Peaceful protest,Protesters (Egypt),,Protesters,,,,Protesters only,,818,Northern Africa,Egypt,Beheira,Damanhour City,,Damanhur,31.0392,30.4691,1,Al Masry Al Youm (Egypt),National,"On 31 March 2025, thousands of residents protested in Damanhur (Damanhour City, Beheira) in solidarity with the Palestinian people and to reject their forced displacement from Gaza. They also expressed their support for the Egyptian authorities, including President Abdel Fattah al-Sisi. This was part of a nationwide demonstration movement, likely organized by pro-government agencies and institutions (given authorities' control over such actions), following Eid (Islamic holiday) prayers.",0,crowd size=thousands,1744085344
EGY12252,2025-03-31,2025,1,Demonstrations,Protests,Peaceful protest,Protesters (Egypt),,Protesters,,,,Protesters only,,818,Northern Africa,Egypt,Kafr el-Sheikh,Dosook City,,Disuq,31.1325,30.6478,1,Al Masry Al Youm (Egypt),National,"On 31 March 2025, tens of thousands of residents protested in Disuq (Dosook City, Kafr el-Sheikh) in solidarity with the Palestinian people and to reject their forced displacement from Gaza. They also expressed support for the Egyptian authorities, including President Abdel Fattah al-Sisi. This was part of a nationwide demonstration movement, likely organized by pro-government agencies and institutions (given authorities' control over such actions), following Eid (Islamic holiday) prayers.",0,crowd size=tens of thousands,1744085344
EGY12253,2025-03-31,2025,1,Demonstrations,Protests,Peaceful protest,Protesters (Egypt),,Protesters,,,,Protesters only,,818,Northern Africa,Egypt,Damietta,New Damietta City,,Dumyat al Jadidah,31.4348,31.6751,1,Al Masry Al Youm (Egypt),National,"On 31 March 2025, hundreds of residents protested in Dumyat al Jadidah (New Damietta City, Damietta) in solidarity with the Palestinian people and to reject their forced displacement from Gaza. They also expressed their support for the Egyptian authorities, including President Abdel Fattah al-Sisi. This was part of a nationwide demonstration movement, likely organized by pro-government agencies and institutions (given authorities' control over such actions), following Eid (Islamic holiday) prayers.",0,crowd size=hundreds,1744085344
EGY12254,2025-03-31,2025,1,Demonstrations,Protests,Peaceful protest,Protesters (Egypt),,Protesters,,,,Protesters only,,818,Northern Africa,Egypt,South Sinai,Al Tour,,El-Tor,28.2364,33.6254,1,Soutalomma; Youm7,National,"On 31 March 2025, residents protested in El-Tor (Al Tour, South Sinai) in solidarity with the Palestinian people and to reject their forced displacement from Gaza. They also expressed their support for the Egyptian authorities, including President Abdel Fattah al-Sisi. This was part of a nationwide demonstration movement, likely organized by pro-government agencies and institutions (given authorities' control over such actions), following Eid (Islamic holiday) prayers.",0,crowd size=no report,1744085344
EGY12255,2025-03-31,2025,1,Demonstrations,Protests,Peaceful protest,Protesters (Egypt),,Protesters,,,,Protesters only,,818,Northern Africa,Egypt,Damietta,Faraskour,,Faraskur,31.3298,31.7151,1,Al Gomhurriah,National,"On 31 March 2025, residents protested in Faraskur (Faraskour, Damietta) in solidarity with the Palestinian people and to reject their forced displacement from Gaza. They also expressed their support for the Egyptian authorities, including President Abdel Fattah al-Sisi. This was part of a nationwide demonstration movement, likely organized by pro-government agencies and institutions (given authorities' control over such actions), following Eid (Islamic holiday) prayers.",0,crowd size=no report,1744085344
EGY12256,2025-03-31,2025,1,Demonstrations,Protests,Peaceful protest,Protesters (Egypt),,Protesters,,,,Protesters only,,818,Northern Africa,Egypt,Red Sea,Hurghada 1,,Hurghada,27.2529,33.8181,1,Al Masry Al Youm (Egypt),National,"On 31 March 2025, thousands of residents protested in Hurghada (Hurghada 1, Red Sea) in solidarity with the Palestinian people and to reject their forced displacement from Gaza. They also expressed their support for the Egyptian authorities, including President Abdel Fattah al-Sisi. This was part of a nationwide demonstration movement, likely organized by pro-government agencies and institutions (given authorities' control over such actions), following Eid (Islamic holiday) prayers.",0,crowd size=thousands,1744085344
EGY12257,2025-03-31,2025,1,Demonstrations,Protests,Peaceful protest,Protesters (Egypt),,Protesters,,,,Protesters only,,818,Northern Africa,Egypt,Ismailia,Ismailia 2,,Ismailia,30.6043,32.2723,1,Soutalomma,National,"On 31 March 2025, residents protested in Ismailia (Ismailia 2, Ismailia) in solidarity with the Palestinian people and to reject their forced displacement from Gaza. They also expressed their support for the Egyptian authorities, including President Abdel Fattah al-Sisi. This was part of a nationwide demonstration movement, likely organized by pro-government agencies and institutions (given authorities' control over such actions), following Eid (Islamic holiday) prayers.",0,crowd size=no report,1744085344
EGY12258,2025-03-31,2025,1,Demonstrations,Protests,Peaceful protest,Protesters (Egypt),,Protesters,,,,Protesters only,,818,Northern Africa,Egypt,Kafr el-Sheikh,Kafr Al Sheikh City,,Kafr ash Shaykh,31.1143,30.9401,1,Al Gomhurriah; Al Masry Al Youm (Egypt),National,"On 31 March 2025, residents protested in Kafr ash Shaykh (Kafr Al Sheikh City, Kafr el-Sheikh) in solidarity with the Palestinian people and to reject their forced displacement from Gaza. They also expressed support for the Egyptian authorities, including President Abdel Fattah al-Sisi. This was part of a nationwide demonstration movement, likely organized by pro-government agencies and institutions (given authorities' control over such actions), following Eid (Islamic holiday) prayers.",0,crowd size=no report,1744085344
EGY12259,2025-03-31,2025,1,Demonstrations,Protests,Peaceful protest,Protesters (Egypt),,Protesters,,,,Protesters only,,818,Northern Africa,Egypt,New Valley,Baris,,Kharga Oasis,25.4514,30.5464,1,Al Masry Al Youm (Egypt),National,"On 31 March 2025, thousands of residents protested in Kharga Oasis (Baris, New Valley) in solidarity with the Palestinian people and to reject their forced displacement from Gaza. They also expressed their support for the Egyptian authorities, including President Abdel Fattah al-Sisi. This was part of a nationwide demonstration movement, likely organized by pro-government agencies and institutions (given authorities' control over such actions), following Eid (Islamic holiday) prayers.",0,crowd size=thousands,1744085344
EGY12260,2025-03-31,2025,1,Demonstrations,Protests,Peaceful protest,Protesters (Egypt),,Protesters,,,,Protesters only,,818,Northern Africa,Egypt,Luxor,Luxor City,,Luxor,25.6965,32.6459,1,Al Gomhurriah; Al Masry Al Youm (Egypt),National,"On 31 March 2025, thousands of residents protested in Luxor (Luxor City, Luxor) in solidarity with the Palestinian people and to reject their forced displacement from Gaza. They also expressed their support for the Egyptian authorities, including President Abdel Fattah al-Sisi. This was part of a nationwide demonstration movement, likely organized by pro-government agencies and institutions (given authorities' control over such actions), following Eid (Islamic holiday) prayers.",0,crowd size=thousands,1744085344
EGY12261,2025-03-31,2025,1,Demonstrations,Protests,Peaceful protest,Protesters (Egypt),,Protesters,,,,Protesters only,,818,Northern Africa,Egypt,Menia,Mallawi City,,Mallawi,27.7314,30.8417,1,Al Masry Al Youm (Egypt),National,"On 31 March 2025, thousands of residents protested in Mallawi (Mallawi City, Menia) in solidarity with the Palestinian people and to reject their forced displacement from Gaza. They also expressed their support for the Egyptian authorities, including President Abdel Fattah al-Sisi. This was part of a nationwide demonstration movement, likely organized by pro-government agencies and institutions (given authorities' control over such actions), following Eid (Islamic holiday) prayers.",0,crowd size=thousands,1744085344
EGY12262,2025-03-31,2025,1,Demonstrations,Protests,Peaceful protest,Protesters (Egypt),,Protesters,,,,Protesters only,,818,Northern Africa,Egypt,Matrouh,Mersa Matrouh,,Marsa Matruh,31.3525,27.2453,1,Al Masry Al Youm (Egypt); Fath News,National,"On 31 March 2025, thousands of residents protested in Marsa Matruh (Mersa Matrouh, Matrouh) in solidarity with the Palestinian people and to reject their forced displacement from Gaza. They also expressed their support for the Egyptian authorities, including President Abdel Fattah al-Sisi. This was part of a nationwide demonstration movement, likely organized by pro-government agencies and institutions (given authorities' control over such actions), following Eid (Islamic holiday) prayers.",0,crowd size=thousands,1744085344
EGY12263,2025-03-31,2025,1,Demonstrations,Protests,Peaceful protest,Protesters (Egypt),,Protesters,,,,Protesters only,,818,Northern Africa,Egypt,Menia,Menia City,,Minya,28.1099,30.7503,1,Al Masry Al Youm (Egypt); Youm7,National,"On 31 March 2025, thousands of residents protested in Minya (Menia City, Menia) in solidarity with the Palestinian people and to reject their forced displacement from Gaza. They also expressed their support for the Egyptian authorities, including President Abdel Fattah al-Sisi. This was part of a nationwide demonstration movement, likely organized by pro-government agencies and institutions (given authorities' control over such actions), following Eid (Islamic holiday) prayers.",0,crowd size=thousands,1744085344
EGY12265,2025-03-31,2025,1,Demonstrations,Protests,Peaceful protest,Protesters (Egypt),,Protesters,,,,Protesters only,,818,Northern Africa,Egypt,Qena,Nagaa Hamady,,Nag Hamadi,26.0514,32.2386,1,Al Gomhurriah,National,"On 31 March 2025, residents protested in Nag Hamadi (Nagaa Hamady, Qena) in solidarity with the Palestinian people and to reject their forced displacement from Gaza. They also expressed their support for the Egyptian authorities, including President Abdel Fattah al-Sisi. This was part of a nationwide demonstration movement, likely organized by pro-government agencies and institutions (given authorities' control over such actions), following Eid (Islamic holiday) prayers.",0,crowd size=no report,1744085344
EGY12266,2025-03-31,2025,1,Demonstrations,Protests,Peaceful protest,Protesters (Egypt),,Protesters,,,,Protesters only,,818,Northern Africa,Egypt,Beni Suef,New Beni Suef City,,New Beni Suef,29.0342,31.1092,1,Al Masry Al Youm (Egypt); Youm7,National,"On 31 March 2025, thousands of residents protested in New Beni Suef (New Beni Suef City, Beni Suef) in solidarity with the Palestinian people and to reject their forced displacement from Gaza. They also expressed their support for the Egyptian authorities, including President Abdel Fattah al-Sisi. This was part of a nationwide demonstration movement, likely organized by pro-government agencies and institutions (given authorities' control over such actions), following Eid (Islamic holiday) prayers.",0,crowd size=thousands,1744085344
EGY12267,2025-03-31,2025,1,Demonstrations,Protests,Peaceful protest,Protesters (Egypt),,Protesters,,,,Protesters only,,818,Northern Africa,Egypt,Port Said,Al Manakh,,Port Said,31.2565,32.2841,1,Al Ahram,National,"On 31 March 2025, residents protested in Port Said (Al Manakh, Port Said) in solidarity with the Palestinian people and to reject their forced displacement from Gaza. They also expressed their support for the Egyptian authorities, including President Abdel Fattah al-Sisi. This was part of a nationwide demonstration movement, likely organized by pro-government agencies and institutions (given authorities' control over such actions), following Eid (Islamic holiday) prayers.",0,crowd size=no report,1744085344
EGY12268,2025-03-31,2025,1,Demonstrations,Protests,Peaceful protest,Protesters (Egypt),,Protesters,,,,Protesters only,,818,Northern Africa,Egypt,Qena,Qena City,,Qina,26.1642,32.7267,1,Al Masry Al Youm (Egypt); Youm7,National,"On 31 March 2025, between hundreds and thousands of residents protested in Qina (Qena City, Qena) in solidarity with the Palestinian people and to reject their forced displacement from Gaza. They also expressed their support for the Egyptian authorities, including President Abdel Fattah al-Sisi. This was part of a nationwide demonstration movement, likely organized by pro-government agencies and institutions (given authorities' control over such actions), following Eid (Islamic holiday) prayers.",0,crowd size=hundreds-thousands,1744085344
EGY12269,2025-03-31,2025,1,Demonstrations,Protests,Peaceful protest,Protesters (Egypt),,Protesters,,,,Protesters only,,818,Northern Africa,Egypt,Menoufia,Al Sadat City,,Sadat City,30.396,30.5499,1,Al Masry Al Youm (Egypt),National,"On 31 March 2025, thousands of residents protested in Sadat City (Al Sadat City, Menoufia) in solidarity with the Palestinian people and to reject their forced displacement from Gaza. They also expressed their support for the Egyptian authorities, including President Abdel Fattah al-Sisi. This was part of a nationwide demonstration movement, likely organized by pro-government agencies and institutions (given authorities' control over such actions), following Eid (Islamic holiday) prayers.",0,crowd size=thousands,1744085344
EGY12270,2025-03-31,2025,1,Demonstrations,Protests,Peaceful protest,Protesters (Egypt),,Protesters,,,,Protesters only,,818,Northern Africa,Egypt,Fayoum,Sanouras,,Sinnuris,29.4135,30.8658,1,Al Gomhurriah,National,"On 31 March 2025, residents protested in Sinnuris (Sanouras, Fayoum) in solidarity with the Palestinian people and to reject their forced displacement from Gaza. They also expressed their support for the Egyptian authorities, including President Abdel Fattah al-Sisi. This was part of a nationwide demonstration movement, likely organized by pro-government agencies and institutions (given authorities' control over such actions), following Eid (Islamic holiday) prayers.",0,crowd size=no report,1744085344
EGY12271,2025-03-31,2025,1,Demonstrations,Protests,Peaceful protest,Protesters (Egypt),,Protesters,,,,Protesters only,,818,Northern Africa,Egypt,Sohag,Sohag 1,,Sohag,26.55,31.7,1,Al Masry Al Youm (Egypt); New Arab,National-Regional,"On 31 March 2025, thousands of residents protested in Sohag (Sohag 1, Sohag) in solidarity with the Palestinian people and to reject their forced displacement from Gaza. They also expressed their support for the Egyptian authorities, including President Abdel Fattah al-Sisi. This was part of a nationwide demonstration movement, likely organized by pro-government agencies and institutions (given authorities' control over such actions), following Eid (Islamic holiday) prayers.",0,crowd size=thousands,1764637279
EGY12272,2025-03-31,2025,1,Demonstrations,Protests,Peaceful protest,Protesters (Egypt),,Protesters,,,,Protesters only,,818,Northern Africa,Egypt,Gharbia,Tanta 1,,Tanta,30.7885,31.0019,1,Al Masry Al Youm (Egypt); Soutalomma; Youm7,National,"On 31 March 2025, thousands of residents protested in Tanta (Tanta 1, Gharbia) in solidarity with the Palestinian people and to reject their forced displacement from Gaza. They also expressed their support for the Egyptian authorities, including President Abdel Fattah al-Sisi. This was part of a nationwide demonstration movement, likely organized by pro-government agencies and institutions (given authorities' control over such actions), following Eid (Islamic holiday) prayers.",0,crowd size=thousands,1744085344
EGY12273,2025-03-16,2025,1,Political violence,Explosions/Remote violence,Air/drone strike,Military Forces of Yemen (2017-) Houthi,,External/Other forces,,,,External/Other forces only,,818,Northern Africa,Egypt,South Sinai,Sharm El Shiekh,,Sharm el-Sheikh,27.8636,34.2881,2,International Crisis Group,Other,"On 16 March 2025, a missile launched by the Houthis from Yemen fell not far from Sharm el-Sheikh (Sharm El Shiekh, South Sinai). There were no casualties. The Houthis did not claim the missile, and Egyptian authorities did not release a public statement. The missile was likely part of a barrage of drones and missiles launched by the Houthis and targeting US aircraft carrier USS Harry S. Truman and nearby destroyers in the North Red Sea (coded separately). The Houthi attack was in retaliation to a series of US strikes targeting Houthi sites in Yemen that started on 15 March.",0,,1753954363
EGY12074,2024-02-01,2024,3,Strategic developments,Strategic developments,Change to group/activity,Military Forces of Egypt (2014-),,State forces,,,,State forces only,,818,Northern Africa,Egypt,North Sinai,Rafah,,Rafah,31.2878,34.2369,2,New Arab,Regional,"Movement of forces: Around 1 February 2024 (from 26 January - 9 February), Egyptian military forces deployed approximately 40 tanks and armored personnel carriers around Rafah (Rafah, North Sinai) in anticipation of Israel expanding military operations to Rafah, Gaza.",0,,1764637279
EGY12102,2024-04-14,2024,2,Political violence,Violence against civilians,Attack,Military Forces of Egypt (2014-),,State forces,Civilians (Egypt),,Civilians,State forces-Civilians,Civilian targeting,818,Northern Africa,Egypt,North Sinai,Rafah,,Rafah,31.2878,34.2369,2,Egypt Window; Sinai for Human Rights,Other-National,"Around 14 April 2024 (as reported), military forces opened fire on a pickup truck carrying three civilians in North Sinai after they failed to comply with orders to stop. Some sources reported that one of the civilians was killed and that the incident occurred in southern Rafah (Rafah, North Sinai), while other sources reported that two of the three civilians were killed and that the incident occurred in southern Sheikh Zuwayid (Al Shiekh Zuwaid, North Sinai).",1,,1754410119
EGY12126,2024-05-27,2024,1,Political violence,Battles,Armed clash,Military Forces of Israel (2022-),,External/Other forces,Military Forces of Egypt (2014-),,State forces,State forces-External/Other forces,,818,Northern Africa,Egypt,North Sinai,Rafah,,Rafah,31.2878,34.2369,2,Madamasr; Rassd,National,"On 27 May 2024, Israeli and Egyptian soldiers exchanged fire near the Egypt-Gaza border crossing at Rafah (Rafah, North Sinai). Most sources, including Egptian military spokesperson confirmed that an Egyptian soldier was killed, but other sources claim that two Egyptian soldiers were killed. The two governments say the exchange of fire near the Egypt-Gaza crossing is being investigated.",1,,1753954363
EGY12208,2025-01-31,2025,1,Demonstrations,Protests,Peaceful protest,Protesters (Egypt),,Protesters,,,,Protesters only,,818,Northern Africa,Egypt,North Sinai,Rafah,,Rafah,31.2878,34.2369,1,Al Ahram; Al Dostor; Al Gomhurriah; Al Masry Al Youm (Egypt); Al Shorouk; Egypt Radio and TV Network; Egypt Today; Egypt Window; Fath News; Madamasr; New Arab; Rassd; Soutalomma; Youm7,National-Regional,"On 31 January 2025, thousands of people protested in front of the border crossing at Rafah (Rafah, North Sinai) as part of a demonstration organized by the Egyptian authorities to reject the forced displacement of Palestinians from Gaza to Sinai and to express support for Egypt's president in his defense of this position. The protest was organized after the President of the US stated that he wants Egypt and Jordan to take in Palestinians from Gaza.",0,crowd size=thousands,1764637279
EGY12274,2025-04-07,2025,2,Political violence,Riots,Mob violence,Rioters (Egypt),,Rioters,Rioters (Egypt),,Rioters,Rioters-Rioters,,818,Northern Africa,Egypt,Fayoum,Fayoum City,,Al Fayyum,29.3099,30.8418,1,Al Masry Al Youm (Egypt),National,"Around 7 April 2025 (as reported), members of 2 families clashed with knives, sticks and stones in Al Fayyum (Fayoum City, Fayoum) over a land ownership dispute. The prosecution ordered the arrest of 5 people suspected of having participated in the clash.",0,crowd size=no report,1744679466
EGY12276,2025-04-08,2025,1,Demonstrations,Protests,Peaceful protest,Protesters (Egypt),,Protesters,,,,Protesters only,,818,Northern Africa,Egypt,Dakahlia,Al Mansoura 2,,Al Mansurah,31.0364,31.3807,1,Al Masry Al Youm (Egypt); Rassd,National,"On 8 April 2025, residents protested in Al Mansurah (Al Mansoura 2, Dakahlia) in solidarity with the Palestinian people and to reject their forced displacement from Gaza. They also expressed their support for the Egyptian authorities, including President Abdel Fattah al-Sisi. The demonstration, likely organized by pro-government agencies and institutions (given authorities' control over such actions), took place during an official visit to Egypt by French President Emmanuel Macron.",0,crowd size=no report,1744679466
EGY12277,2025-04-08,2025,1,Demonstrations,Protests,Peaceful protest,Protesters (Egypt),,Protesters,,,,Protesters only,,818,Northern Africa,Egypt,North Sinai,Al Arish 2,,Al Arish,31.1316,33.7984,1,Al Ahram; Al Dostor; Al Gomhurriah; Al Masry Al Youm (Egypt); Al Shorouk; Dotmsr; Egypt Radio and TV Network; Egypt State Information Service; Egypt Today; El Fagr News; Rassd; Youm7,National,"On 8 April 2025, thousands of residents from across Egypt protested in Al Arish (Al Arish 2, North Sinai) in solidarity with the Palestinian people and to reject their forced displacement from Gaza. They also expressed their support for the Egyptian authorities, including President Abdel Fattah al-Sisi, and chanted slogans against Israel. The demonstration is suspected to have been organized by pro-government agencies and organizations because buses to travel to Al Arish were arranged from different parts of the country and free food was distributed. The protest took place during an official visit to Egypt by French President Emmanuel Macron that included Al Arish.",0,crowd size=thousands,1744679466
EGY12278,2025-04-08,2025,1,Demonstrations,Protests,Peaceful protest,Protesters (Egypt),,Protesters,,,,Protesters only,,818,Northern Africa,Egypt,North Sinai,Rafah,,Rafah Border Crossing,31.2453,34.2531,1,Egypt Window; Madamasr; Rassd,National,"On 8 April 2025, thousands of residents from across Egypt protested in the Rafah Border Crossing (Rafah, North Sinai) in solidarity with the Palestinian people and to reject their forced displacement from Gaza. They also expressed their support for the Egyptian authorities, including President Abdel Fattah al-Sisi, and chanted slogans against Israel. The demonstration is suspected to have been organized by pro-government agencies and organizations because buses to travel to Al Arish were arranged from different parts of the country and free food and money were distributed. The protest took place during an official visit to Egypt by French President Emmanuel Macron that included the nearby Al Arish.",0,crowd size=thousands,1744679466
EGY12279,2025-04-08,2025,1,Demonstrations,Protests,Peaceful protest,Protesters (Egypt),,Protesters,,,,Protesters only,,818,Northern Africa,Egypt,Beheira,Damanhour City,,Damanhur,31.0392,30.4691,1,Al Masry Al Youm (Egypt),National,"On 8 April 2025, hundreds of residents protested in Damanhur (Damanhour City, Beheira) in solidarity with the Palestinian people and to reject their forced displacement from Gaza. They also expressed their support for the Egyptian authorities, including President Abdel Fattah al-Sisi. The demonstration, likely organized by pro-government agencies and institutions (given authorities' control over such actions), took place during an official visit to Egypt by French President Emmanuel Macron.",0,crowd size=hundreds,1744679466
EGY12280,2025-04-08,2025,1,Demonstrations,Protests,Peaceful protest,Protesters (Egypt),,Protesters,,,,Protesters only,,818,Northern Africa,Egypt,Cairo,New Cairo 2,,Cairo - Madinaty,30.0914,31.6434,1,Al Masry Al Youm (Egypt); Youm7,National,"On 8 April 2025, thousands of residents protested in Cairo - Madinaty (New Cairo 2, Cairo) in solidarity with the Palestinian people and to reject their forced displacement from Gaza. They also expressed their support for the Egyptian authorities, including President Abdel Fattah al-Sisi. The demonstration, likely organized by pro-government agencies and institutions (given authorities' control over such actions), took place during an official visit to Egypt by French President Emmanuel Macron.",0,crowd size=thousands,1744679466
EGY12071,2024-01-15,2024,1,Demonstrations,Protests,Peaceful protest,Protesters (Egypt),Journalists (Egypt); Women (Egypt),Protesters,,,,Protesters only,,818,Northern Africa,Egypt,Cairo,Kasr Al Nile,,Cairo - Qasr al Nile,30.0488,31.2343,1,Al Dostor; FJ Portal; Madamasr,National,"On 15 January 2024, hundreds of protesters gathered in front of the Egyptian Journalists Syndicate in Cairo - Qasr al Nile (Kasr Al Nile, Cairo) denouncing Israeli actions in Gaza and calling for opening of the Rafah crossing between Egypt and Gaza. Protesters included journalists and a coalition of women journalists.",0,crowd size=hundreds,1745363461
EGY12083,2024-01-15,2024,1,Demonstrations,Protests,Peaceful protest,Protesters (Egypt),Journalists (Egypt),Protesters,,,,Protesters only,,818,Northern Africa,Egypt,Cairo,Kasr Al Nile,,Cairo - Qasr al Nile,30.0488,31.2343,1,Al Araby,International,"On 15 January 2024, dozens of activists and journalists protested in front of the Journalists' Syndicate in Cairo - Qasr al Nile (Kasr Al Nile, Cairo), to demand an end to the war in Gaza and denouncing Israeli military operations.",0,crowd size=dozens,1745363461
EGY12088,2024-03-19,2024,1,Demonstrations,Protests,Peaceful protest,Protesters (Egypt),,Protesters,,,,Protesters only,,818,Northern Africa,Egypt,Cairo,Kasr Al Nile,,Cairo - Qasr al Nile,30.0488,31.2343,1,New Arab,Regional,"On 19 March 2024, protesters gathered on the steps of the Egyptian Journalists Syndicate in Cairo - Qasr al Nile (Kasr Al Nile, Cairo) in solidarity with Palestinians in Gaza. Protesters held a Ramadan iftar dedicated to Gaza and staged a protest where they chanted in solidarity with Gaza.",0,crowd size=no report,1764637279
EGY12096,2024-03-26,2024,1,Demonstrations,Protests,Peaceful protest,Protesters (Egypt),,Protesters,,,,Protesters only,,818,Northern Africa,Egypt,Cairo,Kasr Al Nile,,Cairo - Qasr al Nile,30.0488,31.2343,1,New Arab,Regional,"On 26 March 2024, dozens of journalists and activists demonstrated and burned an Israeli flag in front of the Egyptian Journalists' Syndicate in Cairo - Qasr al Nile (Kasr Al Nile, Cairo). Demonstrators called for the opening of the Rafah crossing and chanted slogans against Zionism and for Palestine.",0,crowd size=dozens,1764637279
EGY12098,2024-04-03,2024,1,Demonstrations,Protests,Peaceful protest,Protesters (Egypt),Journalists (Egypt),Protesters,,,,Protesters only,,818,Northern Africa,Egypt,Cairo,Kasr Al Nile,,Cairo - Qasr al Nile,30.0488,31.2343,1,New Arab,Regional,"On 3 April 2024, dozens of activists and journalists held a protest on the steps of the Egyptian Journalists Syndicate in Cairo - Qasr al Nile (Kasr Al Nile, Cairo) in solidarity with Palestinians and Gaza.",0,crowd size=dozens,1764637279
EGY12099,2024-04-05,2024,1,Demonstrations,Protests,Peaceful protest,Protesters (Egypt),,Protesters,,,,Protesters only,,818,Northern Africa,Egypt,Giza,Al Warak,,Al Warraq,30.1009,31.2167,1,Al Araby Al Jadeed; New Arab,Regional-International,"On 5 April 2024, thousands of protesters held a march in solidarity with Palestinians in Gaza in Al Warraq (Al Warak, Giza). Protesters carried Palestinian flags and performed prayers for those killed in Gaza.",0,crowd size=thousands,1764637279
EGY12106,2024-04-23,2024,1,Demonstrations,Protests,Peaceful protest,Protesters (Egypt),Labor Group (Egypt),Protesters,,,,Protesters only,,818,Northern Africa,Egypt,Giza,Al Warak,,Al Warraq,30.1009,31.2167,1,Al Manassa,National,"On 23 April 2024, bill collectors on commission contracts held a protest in front of the headquarters of the Drinking Water Company in Al Warraq (Al Warak, Giza) to demand an improvement in their contracts. Similar protests have taken place in recent days in other Egyptian cities such as Aswan and Banha (coded separately).",0,crowd size=no report,1745363461
EGY12129,2024-06-01,2024,1,Demonstrations,Protests,Protest with intervention,Protesters (Egypt),Labor Group (Egypt),Protesters,Police Forces of Egypt (2014-),,State forces,State forces-Protesters,,818,Northern Africa,Egypt,Cairo,Kasr Al Nile,,Cairo - Qasr al Nile,30.0488,31.2343,1,Madamasr,National,"On 1 June 2024, dozens of public sector workers held a protest in Cairo - Qasr al Nile (Kasr Al Nile, Cairo) against a 2021 law that allows the dismissal of employees of government agencies on the pretext of drug use without a judicial process. Police forces dispersed the crowd and arrested seven protesters.",0,crowd size=dozens,1753970510
EGY12137,2024-07-16,2024,1,Demonstrations,Protests,Peaceful protest,Protesters (Egypt),,Protesters,,,,Protesters only,,818,Northern Africa,Egypt,Giza,Al Warak,,Al Warraq,30.1009,31.2167,1,Madamasr,National,"On 16 July 2024, locals held a protest on the island of Al Warraq (Al Warak, Giza) following the arrest of a resident the previous day, 15 July, and the renewed move by state authorities to evict residents from their properties for urban development projects in the area.",0,crowd size=no report,1745363461
EGY12145,2024-08-11,2024,1,Demonstrations,Protests,Peaceful protest,Protesters (Egypt),Journalists (Egypt),Protesters,,,,Protesters only,,818,Northern Africa,Egypt,Cairo,Kasr Al Nile,,Cairo - Qasr al Nile,30.0488,31.2343,1,Al Araby Al Jadeed; FJ Portal; Madamasr; Rassd,National-International,"On 11 August 2024, a group of journalists held a protest in front of the headquarters of the journalists' syndicate in Cairo - Qasr al Nile (Kasr Al Nile, Cairo) against the continued detention of fellow journalists and in support of a satirical cartoonist and translator who was arrested on 22 July and tortured (coded separately).",0,crowd size=no report,1745363461
EGY12147,2024-08-15,2024,1,Demonstrations,Protests,Peaceful protest,Protesters (Egypt),Labor Group (Egypt),Protesters,,,,Protesters only,,818,Northern Africa,Egypt,Giza,Imbabah City,,Imbabah,30.0763,31.2067,1,Al Araby Al Jadeed; FJ Portal,National-International,"On 15 August 2024, workers at the Egyptian El Nasr Spinning, Weaving and Knitting Company held a protest at the factory in Imbabah (Imbabah City, Giza) to demand the payment of outstanding dues, an improvement in work incentives and wages, and the return of the union committee.",0,crowd size=no report,1745363461
EGY12153,2024-09-02,2024,1,Demonstrations,Protests,Peaceful protest,Protesters (Egypt),Labor Group (Egypt),Protesters,,,,Protesters only,,818,Northern Africa,Egypt,Giza,Al Doki,,Syrian Embassy,30.0406,31.2144,1,Rassd,National,"On 2 September 2024, temporary contract workers of the Ministry of Agriculture held a protest in front of the ministry's headquarters in the area of the Syrian Embassy (Al Doki, Giza) over the non-payment of their salaries for three years.",0,crowd size=no report,1745363461
EGY12154,2024-09-05,2024,1,Demonstrations,Protests,Peaceful protest,Protesters (Egypt),,Protesters,,,,Protesters only,,818,Northern Africa,Egypt,Giza,Al Warak,,Al Warraq,30.1009,31.2167,1,Madamasr; Rassd,National,"On 5 September 2024, dozens of residents held a protest in Al Warraq (Al Warak, Giza) after police forces arrested a carpenter who was working on the roof of a house on the island. Authorities have banned new construction on the island as part of an urban redevelopment plan widely rejected by its residents.",0,crowd size=dozens,1745363461
EGY12156,2024-09-07,2024,1,Demonstrations,Protests,Peaceful protest,Protesters (Egypt),,Protesters,,,,Protesters only,,818,Northern Africa,Egypt,Giza,Al Warak,,Al Warraq,30.1009,31.2167,1,Al Manassa; FJ Portal,National,"On 7 September 2024, residents held a protest in Al Warraq (Al Warak, Giza) to call on security forces to lift the restriction on the entry of construction materials to the island, where authorities are trying to evict neighbors in order to implement an urban redevelopment plan widely rejected by locals.",0,crowd size=no report,1745363461
EGY12158,2024-09-25,2024,1,Demonstrations,Protests,Peaceful protest,Protesters (Egypt),,Protesters,,,,Protesters only,,818,Northern Africa,Egypt,Giza,Al Warak,,Al Warraq,30.1009,31.2167,1,Madamasr,National,"On 25 September 2024, locals held a protest in Al Warraq (Al Warak, Giza) after a police officer physically assaulted two residents. The deputy director of the area's security directorate intervened and promised the protesters that the police officer involved in the incident would publicly apologize to the victims.",0,crowd size=no report,1745363461
EGY12159,2024-09-25,2024,1,Political violence,Violence against civilians,Attack,Police Forces of Egypt (2014-),,State forces,Civilians (Egypt),Taxi Drivers (Egypt),Civilians,State forces-Civilians,Civilian targeting,818,Northern Africa,Egypt,Giza,Al Warak,,Al Warraq,30.1009,31.2167,1,Madamasr,National,"On 25 September 2024, a police officer beat two residents, including a tuktuk driver, in Al Warraq (Al Warak, Giza). The incident sparked a protest in the island (coded separately).",0,,1754410119
EGY12160,2024-09-26,2024,1,Political violence,Violence against civilians,Attack,Police Forces of Egypt (2014-),,State forces,Civilians (Egypt),,Civilians,State forces-Civilians,Civilian targeting,818,Northern Africa,Egypt,Giza,Al Warak,,Al Warraq,30.1009,31.2167,1,Egypt Window; FJ Portal; Madamasr; Rassd,National,"On 26 September 2024, a police officer injured with a bladed weapon three residents in Al Warraq (Al Warak, Giza). The attack took place as the three victims were following up on an agreement reached the day before with the area's security directorate whereby the same police officer involved in the assault would publicly apologize for attacking two other residents of the island the previous day (coded separately). Hundreds of residents protested after the second attack (coded separately).",0,,1754410119
EGY12161,2024-09-26,2024,1,Demonstrations,Protests,Protest with intervention,Protesters (Egypt),,Protesters,Police Forces of Egypt (2014-),,State forces,State forces-Protesters,,818,Northern Africa,Egypt,Giza,Al Warak,,Al Warraq,30.1009,31.2167,1,Egypt Window; FJ Portal; Madamasr; Rassd,National,"On 26 September 2024, hundreds of residents held a protest sit-in in in Al Warraq (Al Warak, Giza). The protest had erupted after an officer assaulted several locals (coded separately). Security forces fired live rounds into the air, birdshot and tear gas canisters in an attempt to break the protest. Seven people were injured by the birdshots and tear gas.",0,crowd size=hundreds,1753970510
EGY12169,2024-10-07,2024,1,Demonstrations,Protests,Protest with intervention,Protesters (Egypt),Protesters (International),Protesters,Police Forces of Egypt (2014-),,State forces,State forces-Protesters,,818,Northern Africa,Egypt,Cairo,Al Zamalik,,Cairo - Al Zamalik,30.0642,31.2201,1,Madamasr; New Arab; Rassd,National-Regional,"On 7 October 2024, protesters gathered in Cairo - Al Zamalik (Al Zamalik, Cairo) in support of Palestine and Lebanon in the face of Israel's war. Police forces arrested six people who were holding the protest. Two of the detainees were foreigners and were deported from the country on 8 October. The other four, Egyptians, remained in detention until 10 October, when they were released on bail.",0,crowd size=no report,1764637279
EGY12182,2024-11-03,2024,1,Demonstrations,Protests,Peaceful protest,Protesters (Egypt),Journalists (Egypt),Protesters,,,,Protesters only,,818,Northern Africa,Egypt,Cairo,Kasr Al Nile,,Cairo - Qasr al Nile,30.0488,31.2343,1,Egypt Window; Madamasr; New Arab; Rassd,National-Regional,"On 3 November 2024, a couple of dozen of citizens held a protest in front of the journalists' syndicate in Cairo - Qasr al Nile (Kasr Al Nile, Cairo) to express their rejection of the recent passage of an Israeli military vessel through the Suez Canal and of reports that a ship carrying military supplies for Israel had docked at the port of Alexandria. The protesters displayed Palestinian flags.",0,crowd size=a couple of dozen,1764637279
EGY12187,2024-11-19,2024,1,Demonstrations,Riots,Violent demonstration,Rioters (Egypt),,Rioters,Police Forces of Egypt (2014-),,State forces,State forces-Rioters,,818,Northern Africa,Egypt,Giza,Al Warak,,Al Warraq,30.1009,31.2167,1,Egypt Window; FJ Portal; Madamasr; New Arab; Rassd,National-Regional,"On 19 November 2024, residents held a demonstration in Al Warraq (Al Warak, Giza) against the authorities' continued blockade of construction materials for the island. While the demonstration was taking place, four residents on their way to catch a ferry were arrested, which heightened tensions. Police then fired birdshot and tear gas directly at the crowd in an attempt to disperse them. They also arrested three demonstrators, leading then to clashes that lasted for hours. The seven detainees were released on 20 November.",0,crowd size=no report,1764637279
EGY12219,2025-02-18,2025,2,Political violence,Violence against civilians,Attack,Police Forces of Egypt (2014-),,State forces,Civilians (Egypt),Prisoners (Egypt),Civilians,State forces-Civilians,Civilian targeting,818,Northern Africa,Egypt,Giza,Imbabah City,,Imbabah,30.0763,31.2067,1,Madamasr,National,"Around 18 February 2025 (as reported), police officers assaulted a civilian who was about to be released at the police station of Imbabah (Imbabah City, Giza). The police beat and assaulted him with a razor to cut the prayer mark on his forehead. News of his assault sparked protests in Warraq Island (coded separately).",0,,1754410119
EGY12220,2025-02-19,2025,1,Demonstrations,Protests,Peaceful protest,Protesters (Egypt),,Protesters,,,,Protesters only,,818,Northern Africa,Egypt,Giza,Al Warak,,Al Warraq,30.1009,31.2167,1,Madamasr; Rassd,National,"On 19 February 2025, about 50 residents protested in front of the headquarters of the New Warraq Island City Development Authority in Al Warraq (Al Warak, Giza) after learning that police officers had assaulted a neighbor at the Imbabah police station before releasing him (coded separately).",0,crowd size=about 50,1745363461
EGY12229,2025-03-11,2025,1,Demonstrations,Protests,Peaceful protest,Protesters (Egypt),Labor Group (Egypt),Protesters,,,,Protesters only,,818,Northern Africa,Egypt,Qalyubia,Shoubra Al Khiema 1,,Shubra al Khayma,30.1251,31.2505,1,Madamasr,National,"On 11 March 2025, water bill collectors from the Qalyubiya Drinking Water and Sanitation Company protested in Shubra al Khayma (Shoubra Al Khiema 1, Qalyubia) against attempts to switch them to commission-based contracts. The protest lasted a day and was called off on 12 March after the company's management promised to address their concerns and the workers received a call from national security. There were also protests in 4 other cities in Qalyubia on the same day (all coded separately).",0,crowd size=no report,1745363461
EGY12233,2025-03-19,2025,1,Demonstrations,Protests,Peaceful protest,Protesters (Egypt),Journalists (Egypt),Protesters,,,,Protesters only,,818,Northern Africa,Egypt,Cairo,Kasr Al Nile,,Cairo - Qasr al Nile,30.0488,31.2343,1,FJ Portal; Madamasr; Rassd,National,"On 19 March 2025, activists and journalists held a vigil and staged a protest in front of the journalists' syndicate in Cairo - Qasr al Nile (Kasr Al Nile, Cairo) to protest Israel's renewed attacks on Gaza and the collapse of the ceasefire with Hamas. They also chanted slogans in support of the Palestinian cause.",0,crowd size=no report,1745363461
EGY12236,2025-03-24,2025,1,Demonstrations,Protests,Peaceful protest,Protesters (Egypt),Journalists (Egypt),Protesters,,,,Protesters only,,818,Northern Africa,Egypt,Cairo,Kasr Al Nile,,Cairo - Qasr al Nile,30.0488,31.2343,1,Egypt Window; Rassd,National,"On 24 March 2025, activists and journalists protested in front of the journalists' syndicate in Cairo - Qasr al Nile (Kasr Al Nile, Cairo) in solidarity with Gaza and to call for the release of those detained in Egypt for their participation in Palestine solidarity mobilizations.",0,crowd size=no report,1745363461
EGY12237,2025-03-26,2025,1,Demonstrations,Protests,Peaceful protest,Protesters (Egypt),Journalists (Egypt),Protesters,,,,Protesters only,,818,Northern Africa,Egypt,Cairo,Kasr Al Nile,,Cairo - Qasr al Nile,30.0488,31.2343,1,FJ Portal; Madamasr; Rassd,National,"On 26 March 2025, activists and journalists protested in front of the journalists' syndicate in Cairo - Qasr al Nile (Kasr Al Nile, Cairo) in solidarity with the Palestinian people, in condemnation of Israel's attacks on Gaza and other cities in the Arab world, and in rejection of plans to expel Palestinians from the Strip.",0,crowd size=no report,1745363461
EGY12238,2025-03-23,2025,1,Demonstrations,Protests,Peaceful protest,Protesters (Egypt),Lawyers (Egypt),Protesters,,,,Protesters only,,818,Northern Africa,Egypt,Cairo,Kasr Al Nile,,Cairo - Qasr al Nile,30.0488,31.2343,1,Egypt Window; Rassd,National,"On 23 March 2025, members of the Bar Association protested in front of the bar's headquarters in Cairo - Qasr al Nile (Kasr Al Nile, Cairo) in solidarity with Gaza and to denounce the crimes committed by Israel.",0,crowd size=no report,1745363461
EGY12240,2025-03-27,2025,1,Demonstrations,Protests,Peaceful protest,Protesters (Egypt),,Protesters,,,,Protesters only,,818,Northern Africa,Egypt,Giza,Al Warak,,Al Warraq,30.1009,31.2167,1,Egypt Window; Madamasr; New Arab; Rassd,National-Regional,"On 27 March 2025, dozens of residents protested in front of the police station in Al Warraq (Al Warak, Giza) over the arrest of 11 residents the previous day in Shubra al Khayma. The protest ended after police informally promised to release the detainees. The event took place against a backdrop of ongoing tensions between residents and security forces, who are accused of seeking to evacuate the island in favor of Emirati investment projects.",0,crowd size=dozens,1764637279
EGY12247,2025-03-31,2025,1,Demonstrations,Protests,Peaceful protest,Protesters (Egypt),,Protesters,,,,Protesters only,,818,Northern Africa,Egypt,Cairo,Al Gamalia City,,Cairo - Al Muski,30.0525,31.2595,1,Youm7,National,"On 31 March 2025, thousands of residents protested in Cairo - Al Muski (Al Gamalia City, Cairo) in solidarity with the Palestinian people and to reject their forced displacement from Gaza. They also expressed their support for the Egyptian authorities, including President Abdel Fattah al-Sisi. This was part of a nationwide demonstration movement, likely organized by pro-government agencies and institutions (given authorities' control over such actions), following Eid (Islamic holiday) prayers.",0,crowd size=thousands,1745363461
EGY12264,2025-03-31,2025,1,Demonstrations,Protests,Peaceful protest,Protesters (Egypt),,Protesters,,,,Protesters only,,818,Northern Africa,Egypt,Giza,Al Agouza,,Mohandiseen,30.0574,31.1995,1,Youm7,National,"On 31 March 2025, hundreds of residents protested in Mohandiseen (Al Agouza, Giza) in solidarity with the Palestinian people and to reject their forced displacement from Gaza. They also expressed their support for the Egyptian authorities, including President Abdel Fattah al-Sisi. This was part of a nationwide demonstration movement, likely organized by pro-government agencies and institutions (given authorities' control over such actions), following Eid (Islamic holiday) prayers.",0,crowd size=hundreds,1745363461
EGY12275,2025-04-08,2025,1,Demonstrations,Protests,Peaceful protest,Protesters (Egypt),Journalists (Egypt),Protesters,,,,Protesters only,,818,Northern Africa,Egypt,Cairo,Kasr Al Nile,,Cairo - Qasr al Nile,30.0488,31.2343,1,Egypt Window; Madamasr; Rassd,National,"On 8 April 2025, activists and journalists protested in front of the Journalists' Syndicate in Cairo - Qasr al Nile (Kasr Al Nile, Cairo) in solidarity with the Palestinian people. They also condemned Israel's attacks on Gaza, its blockade of the Strip, the plans to displace the population, and the killing of journalists. They denounced the position of Arab governments as well.",0,crowd size=no report,1745363461
EGY12281,2025-04-13,2025,1,Demonstrations,Protests,Peaceful protest,Protesters (Egypt),Lawyers (Egypt),Protesters,,,,Protesters only,,818,Northern Africa,Egypt,Giza,Giza City,,Giza,30.0146,31.209,1,Al Masry Al Youm (Egypt),National,"On 13 April 2025, dozens of lawyers protested in Giza (Giza City, Giza) as part of a nationwide protest movement opposing the Justice Ministry's decision to increase court fees for civil and criminal cases.",0,crowd size=dozens,1764045636
EGY12282,2025-04-13,2025,1,Demonstrations,Protests,Peaceful protest,Protesters (Egypt),Lawyers (Egypt),Protesters,,,,Protesters only,,818,Northern Africa,Egypt,Cairo,Al Waily,,Cairo - Al Wayli,30.0771,31.2851,1,Al Shorouk,National,"On 13 April 2025, lawyers protested in front of the North Cairo Courts Complex in Cairo - Al Wayli (Al Waily, Cairo) as part of a nationwide protest movement opposing the Justice Ministry's decision to increase court fees for civil and criminal cases.",0,crowd size=no report,1745363461
EGY12283,2025-04-13,2025,1,Demonstrations,Protests,Peaceful protest,Protesters (Egypt),Lawyers (Egypt),Protesters,,,,Protesters only,,818,Northern Africa,Egypt,Matrouh,Mersa Matrouh,,Marsa Matruh,31.3525,27.2453,1,Al Masry Al Youm (Egypt),National,"On 13 April 2025, dozens of lawyers protested in front of the district court in Marsa Matruh (Mersa Matrouh, Matrouh) as part of a nationwide protest movement opposing the Justice Ministry's decision to increase court fees for civil and criminal cases.",0,crowd size=dozens,1745363461
EGY12284,2025-04-13,2025,1,Demonstrations,Protests,Peaceful protest,Protesters (Egypt),Lawyers (Egypt),Protesters,,,,Protesters only,,818,Northern Africa,Egypt,Alexandria,Al Mansheia,,Al Mansheyah,31.1966,29.8903,1,Al Masry Al Youm (Egypt),National,"On 13 April 2025, dozens of lawyers protested in front of the prosecution complex in Al Mansheyah (Al Mansheia, Alexandria) as part of a nationwide protest movement opposing the Justice Ministry's decision to increase court fees for civil and criminal cases.",0,crowd size=dozens,1745363461
EGY12285,2025-04-13,2025,1,Demonstrations,Protests,Peaceful protest,Protesters (Egypt),Lawyers (Egypt),Protesters,,,,Protesters only,,818,Northern Africa,Egypt,Cairo,Helwan,,Cairo - Helwan,29.8414,31.3008,1,Al Masry Al Youm (Egypt); Al Shorouk,National,"On 13 April 2025, lawyers protested in front of the primary court in Cairo - Helwan (Helwan, Cairo) as part of a nationwide protest movement opposing the Justice Ministry's decision to increase court fees for civil and criminal cases.",0,crowd size=no report,1745363461
EGY12286,2025-04-13,2025,1,Demonstrations,Protests,Peaceful protest,Protesters (Egypt),Lawyers (Egypt),Protesters,,,,Protesters only,,818,Northern Africa,Egypt,Beheira,Damanhour City,,Damanhur,31.0392,30.4691,1,Al Masry Al Youm (Egypt),National,"On 13 April 2025, dozens of lawyers protested in front of the primary court in Damanhur (Damanhour City, Beheira) as part of a nationwide protest movement opposing the Justice Ministry's decision to increase court fees for civil and criminal cases.",0,crowd size=dozens,1745363461
EGY12287,2025-04-13,2025,1,Demonstrations,Protests,Peaceful protest,Protesters (Egypt),Lawyers (Egypt),Protesters,,,,Protesters only,,818,Northern Africa,Egypt,Damietta,Damietta 1,,Damietta,31.4165,31.8133,1,Al Masry Al Youm (Egypt),National,"On 13 April 2025, lawyers protested in Damietta (Damietta 1, Damietta) as part of a nationwide protest movement opposing the Justice Ministry's decision to increase court fees for civil and criminal cases.",0,crowd size=no report,1745363461
EGY12288,2025-04-13,2025,1,Demonstrations,Protests,Peaceful protest,Protesters (Egypt),Lawyers (Egypt),Protesters,,,,Protesters only,,818,Northern Africa,Egypt,Fayoum,Fayoum City,,Al Fayyum,29.3099,30.8418,1,Al Masry Al Youm (Egypt); Al Shorouk,National,"On 13 April 2025, lawyers protested in front of the primary court in Al Fayyum (Fayoum City, Fayoum) as part of a nationwide protest movement opposing the Justice Ministry's decision to increase court fees for civil and criminal cases.",0,crowd size=no report,1745363461
EGY12289,2025-04-13,2025,1,Demonstrations,Protests,Peaceful protest,Protesters (Egypt),Lawyers (Egypt),Protesters,,,,Protesters only,,818,Northern Africa,Egypt,North Sinai,Al Arish 2,,Al Arish,31.1316,33.7984,1,Al Masry Al Youm (Egypt),National,"On 13 April 2025, lawyers protested in Al Arish (Al Arish 2, North Sinai) against the decision of the justice ministry to increase court fees for civil and criminal cases. Similar protests were held on the same day in different parts of the country (all coded separately).",0,crowd size=no report,1745363461
EGY12290,2025-04-13,2025,1,Demonstrations,Protests,Peaceful protest,Protesters (Egypt),Lawyers (Egypt),Protesters,,,,Protesters only,,818,Northern Africa,Egypt,Menia,Menia City,,Minya,28.1099,30.7503,1,Al Shorouk,National,"On 13 April 2025, lawyers protested in Minya (Menia City, Menia) as part of a nationwide protest movement opposing the Justice Ministry's decision to increase court fees for civil and criminal cases.",0,crowd size=no report,1745363461
EGY12291,2025-04-09,2025,1,Strategic developments,Strategic developments,Arrests,Police Forces of Egypt (2014-),,State forces,Civilians (Egypt),Women (Egypt),Civilians,State forces-Civilians,,818,Northern Africa,Egypt,Matrouh,Mersa Matrouh,,Negila,31.4082,26.5885,1,Madamasr; New Arab,National-Regional,"On 9 April 2025, police forces arrested 20 women in Negila (Mersa Matrouh, Matrouh) in order to force several men from the same village to turn themselves in following a clash with the police that broke out during the arrest of a wanted person and left 3 officers dead and 2 wounded. 2 people, who surrendered to the police after reaching an agreement to release the women in detention, were later killed by national security officers (coded separately).",0,,1764637279
EGY12292,2025-04-14,2025,1,Demonstrations,Protests,Peaceful protest,Protesters (Egypt),Labor Group (Egypt),Protesters,,,,Protesters only,,818,Northern Africa,Egypt,Gharbia,Samanoud,,Samannoud,30.9613,31.2412,1,Rassd,National,"On 14 April 2025, workers at the Samanoud Textile and Fur Company stopped work for half an hour and gathered at the factory in Samannoud (Samanoud, Gharbia) in a protest to demand the payment of the remainder of their March salary, of which they claim they only received an 80%.",0,crowd size=no report,1745363461
EGY12293,2025-04-10,2025,1,Political violence,Violence against civilians,Attack,Police Forces of Egypt (2014-) National Security Agency,,State forces,Civilians (Egypt),Prisoners (Egypt),Civilians,State forces-Civilians,Civilian targeting,818,Northern Africa,Egypt,Matrouh,Mersa Matrouh,,Negila,31.4082,26.5885,1,Egypt Window; FJ Portal; Madamasr; New Arab,National-Regional,"On 10 April 2025, national security officers killed 2 persons in custody in Negila (Mersa Matrouh, Matrouh). They had turned themselves in the day before after 20 women from the village had been arrested to force them to surrender (coded separately). They were wanted in connection with a criminal clash with the police on 9 April that left 3 officers dead and 2 wounded.",2,,1764637279
EGY12294,2025-04-14,2025,2,Political violence,Violence against civilians,Attack,Police Forces of Egypt (2014-),Police Forces of Egypt (2014-) Prison Guards,State forces,Civilians (Egypt),Prisoners (Egypt),Civilians,State forces-Civilians,Civilian targeting,818,Northern Africa,Egypt,Cairo,Al Khalifa,,Cairo - Al Khalifa,30.0163,31.2568,1,Egypt Window; Madamasr; New Arab; Rassd,National-Regional,"Around 14 April 2025 (as reported), police officers and security guards beat and hung from a door a detainee in a police station in Cairo - Al Khalifa (Al Khalifa, Cairo). The officers assaulted him after he had an altercation with one of them. The detainee fainted as a result of the torture and died, but it is unknown whether he passed away directly due to the torture. The interior ministry claimed that he died in a hospital where he had been transferred after feeling unwell following a fight with other detainees at a police station.",1,,1764637279
EGY12295,2025-04-15,2025,1,Demonstrations,Protests,Peaceful protest,Protesters (Egypt),Journalists (Egypt),Protesters,,,,Protesters only,,818,Northern Africa,Egypt,Cairo,Kasr Al Nile,,Cairo - Qasr al Nile,30.0488,31.2343,1,Madamasr; Rassd,National,"On 15 April 2025, people, including journalists, protested in front of the journalists' syndicate in Cairo - Qasr al Nile (Kasr Al Nile, Cairo) in solidarity with the Palestinian cause and to denounce Israel's crimes in Gaza, its blockade of the Strip, and the plans to displace the population. They also called for the opening of the Egyptian border with Gaza to break the Israeli siege.",0,crowd size=no report,1745363461
EGY12296,2025-04-12,2025,1,Demonstrations,Riots,Violent demonstration,Rioters (Egypt),,Rioters,Police Forces of Egypt (2014-),,State forces,State forces-Rioters,,818,Northern Africa,Egypt,Giza,Al Warak,,Al Warraq Island,30.117,31.227,1,Madamasr; Rassd,National,"On 12 April 2025, dozens of residents demonstrated in Al Warraq Island (Al Warak, Giza) against a police checkpoint and the continued detention of 6 youths over an earlier brawl with residents of another neighborhood. The police intervened by first throwing stones at the demonstrators and then sending reinforcements and firing tear gas and birdshot at them. Demonstrators threw stones at the police and clashes continued until the evening. At least 10 demonstrators were injured, one of them seriously. Police arrested 18 people.",0,crowd size=dozens,1745363461
EGY12300,2024-05-31,2024,2,Political violence,Violence against civilians,Attack,Police Forces of Egypt (2014-),,State forces,Civilians (Egypt),,Civilians,State forces-Civilians,Civilian targeting,818,Northern Africa,Egypt,Assiut,Al Fath,,Arab Mateir,27.2644,31.2369,1,Madamasr,National,"Around 31 May 2024 (as reported), police forces killed a social worker in Arab Mateir (Al Fath, Assiut). The police claimed that the victim was in possession of weapons and drugs, but the family denied it and stated that he was on his farm land when he saw the officers and went to retrieve his cargo motorcycle, at which point he was shot in the head. His daughter was disappeared by the police the next day after reporting the incident (coded separately).",1,,1754563409
EGY12301,2024-01-11,2024,1,Political violence,Violence against civilians,Attack,Police Forces of Egypt (2014-),,State forces,Civilians (Egypt),,Civilians,State forces-Civilians,Civilian targeting,818,Northern Africa,Egypt,Assiut,Sahel Salim,,Al Afadra,27.0399,31.3662,2,Madamasr,National,"On 11 January 2024, police forces killed 5 people from a family involved in a blood feud in a raid in the Sahel Selim district. The forensic report showed that one of the victims was shot 17 times, and another, a minor, 15 times. The interior ministry accused them of drug and arms trafficking. Event coded to Al Afadra (Sahel Salim, Assiut), one of the villages with more incidents of this type.",5,,1754563409
EGY12322,2025-03-11,2025,1,Political violence,Violence against civilians,Abduction/forced disappearance,Police Forces of Egypt (2014-),,State forces,Civilians (Syria),Ahmadi Religion of Peace and Light Group (Egypt); Refugees/IDPs (Egypt),Civilians,State forces-Civilians,Civilian targeting,818,Northern Africa,Egypt,Giza,6th of October 1,,6th October City,29.9464,30.9169,1,Amnesty International; Madamasr,Other-National,"On 11 March 2025, plain-clothed police officers arrested, without due legal process, 2 Syrian brothers, members of the Ahmadi religious minority, in their home in 6th October City (6th of October 1, Giza) and forcibly disappeared 1 of them. Both were registered as asylum seekers with the UNHCR. Egyptian authorities deported 1 of them to Syria on 9 April. The arrests and enforced disappearance are part of a crackdown by Egyptian authorities on members of the Ahmadi religious minority initiated in March and suspected to have been triggered after a member of the group hung a banner on a bridge advertising an Ahmadi TV channel earlier the same month. The member who was not deported reappeared on 10 April before the Supreme State Security Prosecution (SSSP), where he was interrogated without being allowed access to a lawyer of his choice and charged with 'joining a group established in violation of the constitution and the law.' During his detention, lawyers have stated that he has not received medical treatment or adequate food.",0,,1767742766
EGY12323,2025-03-10,2025,2,Political violence,Violence against civilians,Attack,Police Forces of Egypt (2014-) National Security Agency,,State forces,Civilians (Egypt),Ahmadi Religion of Peace and Light Group (Egypt),Civilians,State forces-Civilians,Civilian targeting,818,Northern Africa,Egypt,Cairo,Al Waily,,Cairo,30.0771,31.2859,2,Amnesty International; Madamasr,Other-National,"Around 10 March 2025 (between 10 March - 8 April), National Security Agency (NSA) officers tortured by electric shocks to his genitals and by beating him with a stick all over his body a member of the Ahmadi religious minority in a detention facility in Cairo (Al Waily, Cairo). He had been arrested and disappeared by security forces on 10 March, and reappeared on 10 April before the Supreme State Security Prosecution (SSSP), where he was interrogated without being allowed access to a lawyer of his choice and charged with 'joining a group established in violation of the constitution and the law.' During his detention, he was also denied adequate food and medical treatment. His enforced disappearance and detention was part of a crackdown by Egyptian authorities on members of the Ahmadi religious minority initiated in March and suspected to have been triggered after a member of the group hung a banner on a bridge advertising an Ahmadi TV channel earlier the same month.",0,,1767742766
EGY12324,2025-03-13,2025,1,Political violence,Violence against civilians,Attack,Police Forces of Egypt (2014-) National Security Agency,,State forces,Civilians (Egypt),Ahmadi Religion of Peace and Light Group (Egypt),Civilians,State forces-Civilians,Civilian targeting,818,Northern Africa,Egypt,Sharqia,10th of Ramadan 1,,10th of Ramadan City,30.2964,31.7463,1,Amnesty International; Madamasr,Other-National,"On 13 March 2025, National Security Agency (NSA) officers abducted and tortured by electric shocks to his genitals and by beating him with an iron object, which led to the severing of a tendon in his hand, a member of the Ahmadi religious minority in a detention facility in 10th of Ramadan City (10th of Ramadan 1, Sharqia). He had been arrested and disappeared by security forces on 13 March, and reappeared on 10 April before the Supreme State Security Prosecution (SSSP), where he was interrogated without being allowed access to a lawyer of his choice and charged with 'joining a group established in violation of the constitution and the law.' During his detention, he was also denied adequate food and medical treatment. His enforced disappearance and detention was part of a crackdown by Egyptian authorities on members of the Ahmadi religious minority initiated in March and suspected to have been triggered after a member of the group hung a banner on a bridge advertising an Ahmadi TV channel earlier the same month.",0,,1767742766
EGY12325,2025-03-15,2025,2,Political violence,Violence against civilians,Abduction/forced disappearance,Police Forces of Egypt (2014-),,State forces,Civilians (Egypt),Ahmadi Religion of Peace and Light Group (Egypt),Civilians,State forces-Civilians,Civilian targeting,818,Northern Africa,Egypt,Cairo,Al Waily,,Cairo,30.0771,31.2859,3,Amnesty International; Madamasr,Other-National,"Around 15 March 2025 (from 1 - 31 March), security forces arrested and disappeared at least 4 Egyptian members of the Ahmadi religious minority. The location of the initial arrests is unknown. Event coded to the capital Cairo (Al Waily, Cairo). The enforced disappearances are part of a crackdown by Egyptian authorities on members of the Ahmadi religious minority initiated in March and suspected to have been triggered after a member of the group hung a banner on a bridge advertising an Ahmadi TV channel earlier the same month.",0,,1754410119
EGY12134,2024-06-25,2024,1,Demonstrations,Protests,Peaceful protest,Protesters (Egypt),,Protesters,,,,Protesters only,,818,Northern Africa,Egypt,Aswan,Nasr,,Nasr Al Nuba,24.5445,33.0393,1,Madamasr,National,"On 25 June 2024, residents cut an agricultural road (means unspecified) in Sayala village in Nasr Al Nuba (Nasr, Aswan) to protest long and rolling electricity blackouts amid high temperatures.",0,crowd size=no report,1749511113
EGY12195,2024-12-21,2024,1,Political violence,Explosions/Remote violence,Air/drone strike,Military Forces of Israel (2022-),,External/Other forces,Civilians (Egypt),,Civilians,External/Other forces-Civilians,Civilian targeting,818,Northern Africa,Egypt,North Sinai,Rafah,,Al Barth,30.9761,34.3031,2,Egypt Window; Sinai for Human Rights,Other-National,"On 21 December 2024, a strike of an Israeli fighter jet chasing a drone suspected to have been launched from Yemen hit inside Egyptian territory north of Al Barth (Rafah, North Sinai). Shrapnel from the missile impacted the vehicle of an Egyptian civilian and killed him.",1,,1753954363
EGY12367,2024-04-17,2024,2,Political violence,Violence against civilians,Attack,Police Forces of Egypt (2014-),Police Forces of Egypt (2014-) Prison Guards; Prisoners (Egypt); Rioters (Egypt),State forces,Civilians (Egypt),Prisoners (Egypt),Civilians,State forces-Civilians,Civilian targeting,818,Northern Africa,Egypt,New Valley,Al Kharga,,New Valley Prison,25.5847,30.6478,1,FJ Portal,National,"Around 17 April 2024, police officers, prison guards and prisoners from criminal cases tortured a detained prisoner for five hours with batons, electric cables and electric pistols at the New Valley Prison (Al Kharga, New Valley). He died of torture injuries on 17 April.",1,,1754410119
